remain.to.be.named.in.tree,will.get.new.ID.in.tree,,to.prune
angophora_bakeri,angophora_floribunda,,angophora_bakeri
angophora_exul,angophora_inopina,,angophora_exul
angophora_floribunda,angophora_melanoxylon,,angophora_robur
angophora_inopina,angophora_subvelutina,,angophora_woodsiana
angophora_melanoxylon,corymbia_abbreviata,,corymbia_aparrerinja
angophora_robur,corymbia_abergiana,,corymbia_arafurica
angophora_subvelutina,corymbia_aspera,,corymbia_blakei
angophora_woodsiana,corymbia_aureola,,corymbia_candida
corymbia_abbreviata,corymbia_bella,,corymbia_catenaria
corymbia_abergiana,corymbia_bleeseri,,corymbia_confertiflora
corymbia_aparrerinja,corymbia_bloxsomei,,corymbia_dallachiana
corymbia_arafurica,corymbia_bunites,,corymbia_dampieri
corymbia_aspera,corymbia_clarksoniana,,corymbia_dendromerinx
corymbia_aureola,corymbia_collina,,corymbia_dunlopiana
corymbia_bella,corymbia_dimorpha,,corymbia_flavescens
corymbia_blakei,corymbia_dolichocarpa,,corymbia_gilbertensis
corymbia_bleeseri,corymbia_eximia,,corymbia_hylandii
corymbia_bloxsomei,corymbia_ferriticola,,corymbia_lamprophylla
corymbia_bunites,corymbia_foelscheana,,corymbia_novaguineesis
corymbia_candida,corymbia_gummifera,,corymbia_opacula
corymbia_catenaria,corymbia_hendersonii,,corymbia_papuana
corymbia_clarksoniana,corymbia_intermedia,,corymbia_pauciseta
corymbia_collina,corymbia_jacobsiana,,corymbia_porphyritica
corymbia_confertiflora,corymbia_latifolia,,corymbia_tessellaris
corymbia_dallachiana,corymbia_leichhardtii,,corymbia_torelliana
corymbia_dampieri,corymbia_leptoloma,,corymbia_torta
corymbia_dendromerinx,corymbia_maculata,,corymbia_variegata
corymbia_dimorpha,corymbia_peltata,,eucalyptus_acroleuca
corymbia_dolichocarpa,corymbia_petalophylla,,eucalyptus_alaticaulis
corymbia_dunlopiana,corymbia_plena,,eucalyptus_argyphea
corymbia_eximia,corymbia_porrecta,,eucalyptus_brachycorys
corymbia_ferriticola,corymbia_rhodops,,eucalyptus_carnabyi
corymbia_flavescens,corymbia_scabrida,,eucalyptus_communalis
corymbia_foelscheana,corymbia_xanthope,,eucalyptus_cuspidata
corymbia_gilbertensis,corymbia_zygophylla,,eucalyptus_disclusa
corymbia_gummifera,eucalyptus_abdita,,eucalyptus_dolorosa
corymbia_hendersonii,eucalyptus_absita,,eucalyptus_fergusonii
corymbia_hylandii,eucalyptus_accedens,,eucalyptus_ignorabilis
corymbia_intermedia,eucalyptus_acies,,eucalyptus_imlayensis
corymbia_jacobsiana,eucalyptus_ancophila,,eucalyptus_limitaris
corymbia_lamprophylla,eucalyptus_angophoroides,,eucalyptus_medialis
corymbia_latifolia,eucalyptus_annulata,,eucalyptus_microschema
corymbia_leichhardtii,eucalyptus_apodophylla,,eucalyptus_minigwalica
corymbia_leptoloma,eucalyptus_argillacea,,eucalyptus_placita
corymbia_maculata,eucalyptus_argophloia,,eucalyptus_plauta
corymbia_novaguineesis,eucalyptus_articulata,,eucalyptus_ralla
corymbia_opacula,eucalyptus_atrata,,eucalyptus_scyphocalyx
corymbia_papuana,eucalyptus_badjensis,,eucalyptus_tectifica
corymbia_pauciseta,eucalyptus_balanites,,eucalyptus_tintinnans
corymbia_peltata,eucalyptus_balanopelex,,
corymbia_petalophylla,eucalyptus_beaniana,,
corymbia_plena,eucalyptus_beyeriana,,
corymbia_porphyritica,eucalyptus_blaxellii,,
corymbia_porrecta,eucalyptus_boliviana,,
corymbia_rhodops,eucalyptus_brachyandra,,
corymbia_scabrida,eucalyptus_brachyphylla,,
corymbia_tessellaris,eucalyptus_brevipes,,
corymbia_torelliana,eucalyptus_brevistylis,,
corymbia_torta,eucalyptus_brunnea,,
corymbia_variegata,eucalyptus_burdettiana,,
corymbia_xanthope,eucalyptus_burracoppinensis,,
corymbia_zygophylla,eucalyptus_cadens,,
Egillii1,eucalyptus_canaliculata,,
eucalyptus_abdita,eucalyptus_canobolensis,,
eucalyptus_absita,eucalyptus_castrensis,,
eucalyptus_accedens,eucalyptus_cephalocarpa,,
eucalyptus_acies,eucalyptus_ceracea,,
eucalyptus_acroleuca,eucalyptus_cerasiformis,,
eucalyptus_alaticaulis,eucalyptus_cloeziana,,
eucalyptus_ancophila,eucalyptus_cneorifolia,,
eucalyptus_angophoroides,eucalyptus_conglomerata,,
eucalyptus_annulata,eucalyptus_conica,,
eucalyptus_apodophylla,eucalyptus_consideniana,,
eucalyptus_argillacea,eucalyptus_coronata,,
eucalyptus_argophloia,eucalyptus_crenulata,,
eucalyptus_argyphea,eucalyptus_croajingolensis,,
eucalyptus_articulata,eucalyptus_cuprea,,
eucalyptus_atrata,eucalyptus_curtisii,,
eucalyptus_badjensis,eucalyptus_cyanophylla,,
eucalyptus_balanites,eucalyptus_cyclostoma,,
eucalyptus_balanopelex,eucalyptus_cylindriflora,,
eucalyptus_beaniana,eucalyptus_dawsonii,,
eucalyptus_beyeriana,eucalyptus_deanei,,
eucalyptus_blaxellii,eucalyptus_decolor,,
eucalyptus_boliviana,eucalyptus_decorticans,,
eucalyptus_brachyandra,eucalyptus_denticulata,,
eucalyptus_brachycorys,eucalyptus_depauperata,,
eucalyptus_brachyphylla,eucalyptus_desmondensis,,
eucalyptus_brevipes,eucalyptus_deuaensis,,
eucalyptus_brevistylis,eucalyptus_diptera,,
eucalyptus_brunnea,eucalyptus_dolichorhyncha,,
eucalyptus_burdettiana,eucalyptus_dorotoxylon,,
eucalyptus_burracoppinensis,eucalyptus_dunnii,,
eucalyptus_cadens,eucalyptus_extrica,,
eucalyptus_canaliculata,eucalyptus_famelica,,
eucalyptus_canobolensis,eucalyptus_farinosa,,
eucalyptus_carnabyi,eucalyptus_fastigata,,
eucalyptus_castrensis,eucalyptus_foliosa,,
eucalyptus_cephalocarpa,eucalyptus_fulgens,,
eucalyptus_ceracea,eucalyptus_fusiformis,,
eucalyptus_cerasiformis,eucalyptus_gigantangion,,
eucalyptus_cloeziana,eucalyptus_glomerosa,,
eucalyptus_cneorifolia,eucalyptus_gomphocephala,,
eucalyptus_communalis,eucalyptus_goniocarpa,,
eucalyptus_conglomerata,eucalyptus_granitica,,
eucalyptus_conica,eucalyptus_gregoriensis,,
eucalyptus_consideniana,eucalyptus_gregsoniana,,
eucalyptus_coronata,eucalyptus_haemastoma,,
eucalyptus_crenulata,eucalyptus_halophila,,
eucalyptus_croajingolensis,eucalyptus_houseana,,
eucalyptus_cuprea,eucalyptus_howittiana,,
eucalyptus_curtisii,eucalyptus_johnsoniana,,
eucalyptus_cuspidata,eucalyptus_kartzoffiana,,
eucalyptus_cyanophylla,eucalyptus_koolpinensis,,
eucalyptus_cyclostoma,eucalyptus_kybeanensis,,
eucalyptus_cylindriflora,eucalyptus_laeliae,,
eucalyptus_dawsonii,eucalyptus_laevopinea,,
eucalyptus_deanei,eucalyptus_latens,,
eucalyptus_decolor,eucalyptus_latisinensis,,
eucalyptus_decorticans,eucalyptus_ligustrina,,
eucalyptus_denticulata,eucalyptus_lirata,,
eucalyptus_depauperata,eucalyptus_livida,,
eucalyptus_desmondensis,eucalyptus_longirostrata,,
eucalyptus_deuaensis,eucalyptus_lucens,,
eucalyptus_diptera,eucalyptus_mackintii,,
eucalyptus_disclusa,eucalyptus_malacoxylon,,
eucalyptus_dolichorhyncha,eucalyptus_melanophitra,,
eucalyptus_dolorosa,eucalyptus_michaeliana,,
eucalyptus_dorotoxylon,eucalyptus_microcorys,,
eucalyptus_dunnii,eucalyptus_microneura,,
eucalyptus_extrica,eucalyptus_microtheca,,
eucalyptus_famelica,eucalyptus_misella,,
eucalyptus_farinosa,eucalyptus_mitchelliana,,
eucalyptus_fastigata,eucalyptus_muelleriana,,
eucalyptus_fergusonii,eucalyptus_newbeyi,,
eucalyptus_foliosa,eucalyptus_nitens,,
eucalyptus_fulgens,eucalyptus_nova-anglica,,
eucalyptus_fusiformis,eucalyptus_oblonga,,
eucalyptus_gigantangion,eucalyptus_ochrophloia,,
eucalyptus_glomerosa,eucalyptus_odontocarpa,,
eucalyptus_gomphocephala,eucalyptus_olida,,
eucalyptus_goniocarpa,eucalyptus_ophitica,,
eucalyptus_granitica,eucalyptus_orgadophila,,
eucalyptus_gregoriensis,eucalyptus_oxymitra,,
eucalyptus_gregsoniana,eucalyptus_pachycalyx,,
eucalyptus_haemastoma,eucalyptus_paliformis,,
eucalyptus_halophila,eucalyptus_paludicola,,
eucalyptus_houseana,eucalyptus_parvula,,
eucalyptus_howittiana,eucalyptus_patellaris,,
eucalyptus_ignorabilis,eucalyptus_pendens,,
eucalyptus_imlayensis,eucalyptus_percostata,,
eucalyptus_johnsoniana,eucalyptus_persistens,,
eucalyptus_kartzoffiana,eucalyptus_pilbarensis,,
eucalyptus_koolpinensis,eucalyptus_pilligaensis,,
eucalyptus_kybeanensis,eucalyptus_pilularis,,
eucalyptus_laeliae,eucalyptus_planchoniana,,
eucalyptus_laevopinea,eucalyptus_platydisca,,
eucalyptus_latens,eucalyptus_populnea,,
eucalyptus_latisinensis,eucalyptus_porosa,,
eucalyptus_ligustrina,eucalyptus_praetermissa,,
eucalyptus_limitaris,eucalyptus_prava,,
eucalyptus_lirata,eucalyptus_prominens,,
eucalyptus_livida,eucalyptus_proxima,,
eucalyptus_longirostrata,eucalyptus_pruiniramis,,
eucalyptus_lucens,eucalyptus_pulchella,,
eucalyptus_mackintii,eucalyptus_pumila,,
eucalyptus_malacoxylon,eucalyptus_pyriformis,,
eucalyptus_medialis,eucalyptus_pyrocarpa,,
eucalyptus_melanophitra,eucalyptus_quadrangulata,,
eucalyptus_michaeliana,eucalyptus_quinniorum,,
eucalyptus_microcorys,eucalyptus_raveretiana,,
eucalyptus_microneura,eucalyptus_recurva,,
eucalyptus_microschema,eucalyptus_remota,,
eucalyptus_microtheca,eucalyptus_retusa,,
eucalyptus_minigwalica,eucalyptus_rhodantha,,
eucalyptus_misella,eucalyptus_rhombica,,
eucalyptus_mitchelliana,eucalyptus_rhomboidea,,
eucalyptus_muelleriana,eucalyptus_risdonii,,
eucalyptus_newbeyi,eucalyptus_rubiginosa,,
eucalyptus_nitens,eucalyptus_rummeryi,,
eucalyptus_nova-anglica,eucalyptus_scopulorum,,
eucalyptus_oblonga,eucalyptus_seeana,,
eucalyptus_ochrophloia,eucalyptus_semota,,
eucalyptus_odontocarpa,eucalyptus_sessilis,,
eucalyptus_olida,eucalyptus_sicilifolia,,
eucalyptus_ophitica,eucalyptus_siderophloia,,
eucalyptus_orgadophila,eucalyptus_sieberi,,
eucalyptus_oxymitra,eucalyptus_similis,,
eucalyptus_pachycalyx,eucalyptus_sphaerocarpa,,
eucalyptus_paliformis,eucalyptus_splendens,,
eucalyptus_paludicola,eucalyptus_squamosa,,
eucalyptus_parvula,eucalyptus_staeri,,
eucalyptus_patellaris,eucalyptus_stenostoma,,
eucalyptus_pendens,eucalyptus_stoatei,,
eucalyptus_percostata,eucalyptus_stowardii,,
eucalyptus_persistens,eucalyptus_sturgissiana,,
eucalyptus_pilbarensis,eucalyptus_suberea,,
eucalyptus_pilligaensis,eucalyptus_tenella,,
eucalyptus_pilularis,eucalyptus_tenuis,,
eucalyptus_placita,eucalyptus_tetrapleura,,
eucalyptus_planchoniana,eucalyptus_tetrodonta,,
eucalyptus_platydisca,eucalyptus_thozetiana,,
eucalyptus_plauta,eucalyptus_torquata,,
eucalyptus_populnea,eucalyptus_tortilis,,
eucalyptus_porosa,eucalyptus_transcontinentalis,,
eucalyptus_praetermissa,eucalyptus_tumida,,
eucalyptus_prava,eucalyptus_valens,,
eucalyptus_prominens,eucalyptus_vesiculosa,,
eucalyptus_proxima,eucalyptus_virens,,
eucalyptus_pruiniramis,eucalyptus_whitei,,
eucalyptus_pulchella,eucalyptus_wilcoxii,,
eucalyptus_pumila,eucalyptus_williamsiana,,
eucalyptus_pyriformis,eucalyptus_wubinensis,,
eucalyptus_pyrocarpa,eucalyptus_yarraensis,,
eucalyptus_quadrangulata,eucalyptus_zopherophloia,,
eucalyptus_quinniorum,,,
eucalyptus_ralla,,,
eucalyptus_raveretiana,,,
eucalyptus_recurva,,,
eucalyptus_remota,,,
eucalyptus_retusa,,,
eucalyptus_rhodantha,,,
eucalyptus_rhombica,,,
eucalyptus_rhomboidea,,,
eucalyptus_risdonii,,,
eucalyptus_rubiginosa,,,
eucalyptus_rummeryi,,,
eucalyptus_scopulorum,,,
eucalyptus_scyphocalyx,,,
eucalyptus_seeana,,,
eucalyptus_semota,,,
eucalyptus_sessilis,,,
eucalyptus_sicilifolia,,,
eucalyptus_siderophloia,,,
eucalyptus_sieberi,,,
eucalyptus_similis,,,
eucalyptus_sphaerocarpa,,,
eucalyptus_splendens,,,
eucalyptus_squamosa,,,
eucalyptus_staeri,,,
eucalyptus_stenostoma,,,
eucalyptus_stoatei,,,
eucalyptus_stowardii,,,
eucalyptus_sturgissiana,,,
eucalyptus_suberea,,,
eucalyptus_tectifica,,,
eucalyptus_tenella,,,
eucalyptus_tenuis,,,
eucalyptus_tetrapleura,,,
eucalyptus_tetrodonta,,,
eucalyptus_thozetiana,,,
eucalyptus_tintinnans,,,
eucalyptus_torquata,,,
eucalyptus_tortilis,,,
eucalyptus_transcontinentalis,,,
eucalyptus_tumida,,,
eucalyptus_valens,,,
eucalyptus_vesiculosa,,,
eucalyptus_virens,,,
eucalyptus_whitei,,,
eucalyptus_wilcoxii,,,
eucalyptus_williamsiana,,,
eucalyptus_wubinensis,,,
eucalyptus_yarraensis,,,
eucalyptus_zopherophloia,,,
