new.tip_unique.ID,node
angophora_costata_subsp._costata_2073,10
angophora_costata_subsp._costata_6796,10
angophora_costata_subsp._euryphylla_2082,10
angophora_costata_subsp._euryphylla_3206,10
angophora_floribunda_2551,5
angophora_hispida_6746,9
angophora_hispida_Ahisp_1,9
angophora_inopina_6258,6
angophora_leiocarpa_2103,10
angophora_melanoxylon_2552,1
angophora_subvelutina_3204,7
corymbia_abbreviata_1932,58
corymbia_abergiana_1303,65
corymbia_arnhemensis_2484,73
corymbia_aureola_2542,26
corymbia_bella_4204,43
corymbia_bleeseri_1923,95
corymbia_bloxsomei_687,22
corymbia_brachycarpa_2534,72
corymbia_brachycarpa_5141,72
corymbia_bunites_711,27
corymbia_cadophora_subsp._cadophora_1905,91
corymbia_cadophora_subsp._pliantha_1929,91
corymbia_cadophora_subsp._polychroma_5858,91
corymbia_calophylla_229,70
corymbia_calophylla_1160,70
corymbia_calophylla_3421,70
corymbia_calophylla_6707,70
corymbia_candida_7230,38
corymbia_capricornia_1335,56
corymbia_capricornia_4192,56
corymbia_chartacea_2474,78
corymbia_chippendalei_2695,74
corymbia_chippendalei_4264,74
corymbia_chippendalei_4288,74
corymbia_chlorolampra_2213,71
corymbia_chlorolampra_5076,71
corymbia_chlorolampra_7227,71
corymbia_citriodora_702,14
corymbia_clandestina_2541,72
corymbia_clarksoniana_2511,62
corymbia_cliftoniana_1940,79
corymbia_cliftoniana_5851,79
corymbia_collina_1915,93
corymbia_dampieri_1900,88
corymbia_dampieri_(c._greeniana)_1906,88
corymbia_deserticola_subsp._deserticola_542,86
corymbia_deserticola_subsp._deserticola_4267,86
corymbia_deserticola_subsp._deserticola_5750,86
corymbia_deserticola_subsp._mesogeotica_2439,86
corymbia_dichromophloia_2463,56
corymbia_dichromophloia_1928,56
corymbia_dimorpha_2528,29
corymbia_dolichocarpa_2550,76
corymbia_drysdalensis_1907,56
corymbia_ellipsoidea_5112,83
corymbia_eremaea_subsp._eremaea_1210,85
corymbia_eremaea_subsp._eremaea_1708,85
corymbia_eremaea_subsp._oligiocarpa_1208,85
corymbia_erythrophloia_2530,79
corymbia_eximia_632,11
corymbia_ferriticola_2752,33
corymbia_ferruginea_subsp._ferruginea_2466,89
corymbia_ferruginea_subsp._stypophylla_1336,89
corymbia_ferruginea_subsp._stypophylla_2443,89
corymbia_ficifolia_1138,69
corymbia_ficifolia_3761,69
corymbia_ficifolia_5523,69
corymbia_foelscheana_2470,87
corymbia_grandifolia_subsp._lamprocardia_2461,19
corymbia_grandifolia_subsp._longa_4215,19
corymbia_gummifera_1228,67
corymbia_haematoxylon_1147,71
corymbia_hamersleyana_1190,75
corymbia_hamersleyana_4260,75
corymbia_hendersonii_701,84
corymbia_intermedia_708,64
corymbia_jacobsiana_2464,63
corymbia_latifolia_1922,57
corymbia_leichhardtii_1277,25
corymbia_lenziana_537,48
corymbia_lenziana_5733,48
corymbia_leptoloma_1302,24
corymbia_ligans_2527,81
corymbia_ligans_(subsp._novacastrensis)_2504,81
corymbia_maculata_1752,12
corymbia_maculata_(c._henryi)_1259,13
corymbia_maculata_(c._henryi)_2092,13
corymbia_nesophila_1319,94
corymbia_nesophila_2515,94
corymbia_oocarpa_2479,56
corymbia_opaca_1196,51
corymbia_opaca_2434,51
corymbia_pachycarpa_1939,55
corymbia_pachycarpa_(subsp._glabrescens)_1198,55
corymbia_papillosa_4207,78
corymbia_papillosa_(subsp._globifera)_5806,78
corymbia_peltata_2505,23
corymbia_petalophylla_1262,31
corymbia_plena_2535,80
corymbia_pocillum_2497,83
corymbia_polycarpa_1902,77
corymbia_polycarpa_4197,77
corymbia_polysciada_2457,41
corymbia_polysciada_4218,41
corymbia_porrecta_2471,47
corymbia_ptychocarpa_subsp._aptycha_2476,60
corymbia_ptychocarpa_subsp._ptychocarpa_1343,60
corymbia_ptychocarpa_subsp._ptychocarpa_1912,60
corymbia_rhodops_1306,54
corymbia_scabrida_1278,32
corymbia_serendipita_2502,73
corymbia_sphaerica_2437,55
corymbia_stockeri_subsp._peninsularis_1318,49
corymbia_stockeri_subsp._peninsularis_2513,49
corymbia_stockeri_subsp._stockeri_2507,49
corymbia_stockeri_subsp._stockeri_(c._lamprophylla)_1290,49
corymbia_terminalis_2120,53
corymbia_terminalis_2449,53
corymbia_terminalis_4175,53
corymbia_trachyphloia_subsp._amphistomatica_684,68
corymbia_trachyphloia_subsp._amphistomatica_2084,68
corymbia_trachyphloia_subsp._trachyphloia_714,68
corymbia_trachyphloia_subsp._trachyphloia_2110,68
corymbia_trachyphloia_subsp._trachyphloia_5128,68
corymbia_umbonata_2488,79
corymbia_variegata_1246,14
corymbia_citriodora_721,14
corymbia_watsoniana_subsp._capillata_2547,28
corymbia_watsoniana_subsp._capillata_(c._catenaria)_700,28
corymbia_watsoniana_subsp._watsoniana_688,28
corymbia_xanthope_2543,66
corymbia_zygophylla_1185,82
eucalyptus_absita_1154,457
eucalyptus_acaciiformis_657,448
eucalyptus_acaciiformis_6217,448
eucalyptus_accedens_1164,679
eucalyptus_acies_225,143
eucalyptus_acmenoides_2087,153
eucalyptus_acmenoides_(e._contracta)_6456,153
eucalyptus_acmenoides_(e._uvida)_1299,153
eucalyptus_adesmophloia_216,265
eucalyptus_adesmophloia_-_e._obesa_intergrade_(e._communalis)_200,265
eucalyptus_aenea_2083,503
eucalyptus_aenea_(e._castrensis)_5263,516
eucalyptus_aequioperta_3448,616
eucalyptus_aequioperta_4677,616
eucalyptus_aequioperta_5458,616
eucalyptus_aff._trivalva_5200,675
eucalyptus_aff._umbra_(?helidonica)_2934,147
eucalyptus_agglomerata_1754,213
eucalyptus_aggregata_1224,369
eucalyptus_aggregata_7365,369
eucalyptus_cypellocarpa_356,439
eucalyptus_cypellocarpa_4745,439
eucalyptus_alatissima_7,242
eucalyptus_alatissima_1530,242
eucalyptus_alba_var._australasica_2475,343
eucalyptus_alba_var._australasica_4211,343
eucalyptus_albens_1676,529
eucalyptus_albens_2898,529
eucalyptus_albida_2214,326
eucalyptus_albida_3437,326
eucalyptus_albida_3699,326
eucalyptus_albopurpurea_942,467
eucalyptus_albopurpurea_3180,467
eucalyptus_albopurpurea_Ealb_1,467
eucalyptus_albopurpurea_(atypical_form)_825,467
eucalyptus_alipes_3675,649
eucalyptus_alipes_3678,649
eucalyptus_alipes_5480,649
eucalyptus_alligatrix_subsp._alligatrix_1774,429
eucalyptus_alligatrix_subsp._alligatrix_(subsp._limaensis)_1773,429
eucalyptus_alligatrix_subsp._miscella_776,429
eucalyptus_alpina_7046,429
eucalyptus_ammophila_1284,361
eucalyptus_ammophila_6497,361
eucalyptus_amplifolia_subsp._amplifolia_604,357
eucalyptus_amplifolia_subsp._sessiliflora_668,357
eucalyptus_amygdalina_1987,154
eucalyptus_amygdalina_6723,154
eucalyptus_ancophila_646,526
eucalyptus_andrewsii_670,214
eucalyptus_angophoroides_1745,391
eucalyptus_angulosa_1136,599
eucalyptus_angulosa_3706,599
eucalyptus_angulosa_5983,599
eucalyptus_angulosa_3746,599
eucalyptus_angulosa_(e._grossifolia)_3554,599
eucalyptus_angulosa_(sa_variant)_939,599
eucalyptus_angulosa_(sa_variant)_5905,599
eucalyptus_angustissima_150,273
eucalyptus_angustissima_2264,273
eucalyptus_angustissima_5996,273
eucalyptus_annettae_6359,291
eucalyptus_annulata_206,653
eucalyptus_apiculata_617,208
eucalyptus_apiculata_(e._laophila)_772,208
eucalyptus_apodophylla_2456,339
eucalyptus_apothalassica_1263,148
eucalyptus_approximans_2090,217
eucalyptus_aquilina_176,126
eucalyptus_aquilina_4604,126
eucalyptus_arachnaea_subsp._arachnaea_296,701
eucalyptus_arachnaea_subsp._arrecta_2216,701
eucalyptus_arachnaea_subsp._arrecta_5556,701
eucalyptus_arborella_1127,322
eucalyptus_arborella_4803,322
eucalyptus_arcana_1800,451
eucalyptus_arcana_4319,451
eucalyptus_archeri_1990,444
eucalyptus_archeri_7389,444
eucalyptus_arenacea_1588,160
eucalyptus_argillacea_4241,461
eucalyptus_argophloia_686,508
eucalyptus_argutifolia_249,562
eucalyptus_argutifolia_4626,562
eucalyptus_aridomontana_1191,454
eucalyptus_aridomontana_5766,454
eucalyptus_aridomontana_5778,454
eucalyptus_armillata_287,666
eucalyptus_aromaphloia_4313,451
eucalyptus_aromaphloia_(smooth_bark)_355,451
eucalyptus_articulata_520,670
eucalyptus_aspersa_1149,285
eucalyptus_aspersa_1888,285
eucalyptus_aspersa_1890,285
eucalyptus_aspratilis_328,631
eucalyptus_aspratilis_7001,631
eucalyptus_aspratilis_-_e._sporadica_intergrade_5468,631
eucalyptus_assimilans_1826,590
eucalyptus_assimilans_4551,590
eucalyptus_astringens_subsp._astringens_3423,660
eucalyptus_astringens_subsp._astringens_3438,660
eucalyptus_astringens_subsp._astringens_3503,660
eucalyptus_astringens_subsp._redacta_194,660
eucalyptus_astringens_subsp._redacta_214,660
eucalyptus_astringens_subsp._redacta_2243,660
eucalyptus_astringens_subsp._redacta_(pink_form)_3585,660
eucalyptus_atrata_1308,486
eucalyptus_aurantiaca_1903,101
eucalyptus_aurantiaca_4224,101
eucalyptus_aurifodina_6104,160
eucalyptus_badjensis_1767,440
eucalyptus_baeuerlenii_1227,403
eucalyptus_baeuerlenii_6263,403
eucalyptus_baeuerlenii_6312,403
eucalyptus_baileyana_665,104
eucalyptus_baileyana_2938,104
eucalyptus_baileyana_6455,104
eucalyptus_bakeri_1269,261
eucalyptus_bakeri_6177,261
eucalyptus_balladoniensis_subsp._balladoniensis_118,281
eucalyptus_balladoniensis_subsp._balladoniensis_3602,281
eucalyptus_balladoniensis_subsp._sedens_347,281
eucalyptus_balladoniensis_subsp._sedens_2784,281
eucalyptus_bancroftii_1241,366
eucalyptus_banksii_653,407
eucalyptus_barberi_1989,397
eucalyptus_barberi_7412,397
eucalyptus_baudiniana_5577,609
eucalyptus_baudiniana_-_e._oraria_intergrade_5575,609
eucalyptus_baueriana_1734,546
eucalyptus_baueriana_(subsp._deddickensis)_7378,546
eucalyptus_baueriana_(subsp._thalassina)_6097,546
eucalyptus_baxteri_815,176
eucalyptus_baxteri_7234,176
eucalyptus_beaniana_6472,491
eucalyptus_beardiana_2208,453
eucalyptus_beardiana_5708,453
eucalyptus_behriana_783,547
eucalyptus_behriana_2065,547
eucalyptus_behriana_3183,547
eucalyptus_behriana_5285,547
eucalyptus_behriana_5915,547
eucalyptus_bensonii_773,202
eucalyptus_benthamii_3203,441
eucalyptus_beyeriana_1761,509
eucalyptus_bicostata_468,396
eucalyptus_bicostata_3212,396
eucalyptus_binacag_19492,333
eucalyptus_binacag_21163,333
eucalyptus_biterranea_2518,351
eucalyptus_biterranea_6438,351
eucalyptus_blakelyi_722,367
eucalyptus_blakelyi_3796,367
eucalyptus_blaxellii_272,661
eucalyptus_blaxlandii_1225,205
eucalyptus_blaxlandii_2916,205
eucalyptus_blaxlandii_5872,205
eucalyptus_blaxlandii_6284,205
eucalyptus_boliviana_6197,215
eucalyptus_bosistoana_1733,537
eucalyptus_bosistoana_2902,537
eucalyptus_botryoides_1739,385
eucalyptus_botryoides_6307,385
eucalyptus_brachyandra_4223,332
eucalyptus_brachycalyx_1072,554
eucalyptus_brachycalyx_-_e._laevis_intergrade_5966,554
eucalyptus_brachycalyx_(e._pleurocorys)_553,554
eucalyptus_brachycalyx_(e._pleurocorys)_2245,554
eucalyptus_brachycalyx_(e._pleurocorys)_2801,554
eucalyptus_brandiana_5514,235
eucalyptus_brassiana_1316,356
eucalyptus_brassiana_2512,356
eucalyptus_brevifolia_1936,519
eucalyptus_brevifolia_4220,519
eucalyptus_brevifolia_6640,519
eucalyptus_brevipes_299,644
eucalyptus_brevistylis_1141,131
eucalyptus_bridgesiana_570,392
eucalyptus_bridgesiana_(e._saxicola)_5271,392
eucalyptus_bridgesiana_(large_juveniles)_760,392
eucalyptus_bridgesiana_(large_juveniles)_2950,392
eucalyptus_brockwayi_136,284
eucalyptus_brockwayi_2166,284
eucalyptus_brockwayi_2168,284
eucalyptus_brookeriana_1988,419
eucalyptus_brookeriana_1965,419
eucalyptus_brookeriana_1967,419
eucalyptus_brookeriana_4513,419
eucalyptus_broviniensis_6478,374
eucalyptus_brownii_1293,502
eucalyptus_brunnea_669,380
eucalyptus_buprestium_223,142
eucalyptus_buprestium_6703,142
eucalyptus_burdettiana_2246,628
eucalyptus_burracoppinensis_306,256
eucalyptus_cadens_1772,400
eucalyptus_caesia_subsp._'boyagin'_5542,257
eucalyptus_caesia_subsp._'southern'_3813,257
eucalyptus_caesia_subsp._'southern'_5550,257
eucalyptus_caesia_subsp._'southern'_6026,257
eucalyptus_caesia_subsp._caesia_308,257
eucalyptus_caesia_subsp._caesia_3679,257
eucalyptus_caesia_subsp._caesia_3683,257
eucalyptus_caesia_subsp._caesia_5612,257
eucalyptus_caesia_subsp._caesia_6682,257
eucalyptus_caesia_subsp._magna_304,257
eucalyptus_caesia_subsp._magna_5455,257
eucalyptus_caesia_subsp._magna_5610,257
eucalyptus_cajuputea_1691,503
eucalyptus_cajuputea_5281,503
eucalyptus_cajuputea_5929,503
eucalyptus_calcareana_60,601
eucalyptus_calcareana_103,601
eucalyptus_calcareana_1074,601
eucalyptus_calcareana_2587,601
eucalyptus_calcareana_2800,601
eucalyptus_calcicola_subsp._calcicola_1674,132
eucalyptus_calcicola_subsp._unita_1669,132
eucalyptus_calcicola_subsp._unita_1878,132
eucalyptus_calcicola_subsp._unita_3753,132
eucalyptus_calcicola_subsp._unita_3757,132
eucalyptus_calcicola_subsp._unita_3978,132
eucalyptus_caleyi_subsp._caleyi_746,472
eucalyptus_caleyi_subsp._caleyi_-_subsp._ovendenii_intergrade_2102,472
eucalyptus_caleyi_subsp._ovendenii_2930,472
eucalyptus_caliginosa_1249,223
eucalyptus_caliginosa_2943,223
eucalyptus_calycogona_subsp._calycogona_1112,581
eucalyptus_calycogona_subsp._calycogona_3177,581
eucalyptus_calycogona_subsp._calycogona_3829,581
eucalyptus_calycogona_subsp._calycogona_4558,581
eucalyptus_calycogona_subsp._miraculum_4786,581
eucalyptus_calycogona_subsp._miraculum_4794,581
eucalyptus_calycogona_subsp._spaffordii_949,581
eucalyptus_calycogona_subsp._trachybasis_732,581
eucalyptus_calycogona_subsp._trachybasis_2896,581
eucalyptus_camaldulensis_subsp._acuta_2553,358
eucalyptus_camaldulensis_subsp._arida_1206,358
eucalyptus_camaldulensis_subsp._arida_2555,358
eucalyptus_camaldulensis_subsp._arida_3523,358
eucalyptus_camaldulensis_subsp._arida_4177,358
eucalyptus_camaldulensis_subsp._arida_5077,358
eucalyptus_camaldulensis_subsp._arida_5571,358
eucalyptus_camaldulensis_subsp._camaldulensis_823,358
eucalyptus_camaldulensis_subsp._camaldulensis_4733,358
eucalyptus_camaldulensis_subsp._camaldulensis_5156,358
eucalyptus_camaldulensis_subsp._minima_5233,358
eucalyptus_camaldulensis_subsp._minima_5279,358
eucalyptus_camaldulensis_subsp._minima_6136,358
eucalyptus_camaldulensis_subsp._minima_6389,358
eucalyptus_camaldulensis_subsp._obtusa_2489,358
eucalyptus_camaldulensis_subsp._obtusa_4231,358
eucalyptus_camaldulensis_subsp._refulgens_4258,358
eucalyptus_camaldulensis_subsp._refulgens_5747,358
eucalyptus_camaldulensis_subsp._simulata_1314,358
eucalyptus_cambageana_697,541
eucalyptus_cameronii_662,216
eucalyptus_cameronii_(e._mensalis)_709,216
eucalyptus_camfieldii_2077,202
eucalyptus_camfieldii_6794,202
eucalyptus_campanulata_1248,214
eucalyptus_campanulata_(e._montivaga)_2546,214
eucalyptus_campaspe_332,689
eucalyptus_campaspe_2174,689
eucalyptus_campaspe_5660,689
eucalyptus_camphora_subsp._camphora_762,389
eucalyptus_camphora_subsp._camphora_(e._aquatica)_616,389
eucalyptus_camphora_subsp._humeana_576,389
eucalyptus_camphora_subsp._humeana_6333,389
eucalyptus_camphora_subsp._humeana_-_e._strzeleckii_intergrade_(e._bunyip)_6782,389
eucalyptus_camphora_subsp._relicta_5024,389
eucalyptus_camphora_subsp._relicta_6219,389
eucalyptus_canaliculata_1232,346
eucalyptus_canescens_subsp._beadellii_1506,549
eucalyptus_canescens_subsp._canescens_487,549
eucalyptus_canobolensis_1222,422
eucalyptus_capillosa_300,330
eucalyptus_capillosa_2192,330
eucalyptus_capillosa_(e._nigrifunda)_533,330
eucalyptus_capillosa_(e._nigrifunda)_2722,330
eucalyptus_capillosa_(subsp._polyclada)_241,330
eucalyptus_capitanea_1076,578
eucalyptus_capitellata_640,210
eucalyptus_capitellata_5262,210
eucalyptus_captiosa_203,593
eucalyptus_carnea_1236,149
eucalyptus_carnea_2925,149
eucalyptus_carnei_547,664
eucalyptus_carnei_4302,664
eucalyptus_celastroides_132,580
eucalyptus_cephalocarpa_1730,413
eucalyptus_ceracea_1926,100
eucalyptus_cerasiformis_329,646
eucalyptus_ceratocorys_2232,578
eucalyptus_cernua_182,656
eucalyptus_cernua_3574,656
eucalyptus_chapmaniana_577,445
eucalyptus_chapmaniana_7387,445
eucalyptus_chartaboma_2509,103
eucalyptus_chartaboma_5143,103
eucalyptus_chloroclada_675,367
eucalyptus_chloroclada_1255,367
eucalyptus_chloroclada_6148,367
eucalyptus_chloroclada_6464,367
eucalyptus_chloroclada_6806,367
eucalyptus_chlorophylla_1315,481
eucalyptus_chlorophylla_1334,481
eucalyptus_cinerea_subsp._cinerea_3211,417
eucalyptus_cinerea_subsp._cinerea_6277,417
eucalyptus_cinerea_subsp._triplex_(subsp._victoriensis)_569,417
eucalyptus_cladocalyx_subsp._cladocalyx_3182,534
eucalyptus_cladocalyx_subsp._crassa_1053,534
eucalyptus_cladocalyx_subsp._petila_2569,534
eucalyptus_cladocalyx_x_e._peninsularis_1683,534
eucalyptus_clelandiorum_333,556
eucalyptus_clelandiorum_7295,556
eucalyptus_clivicola_193,703
eucalyptus_clivicola_3779,703
eucalyptus_cloeziana_696,119
eucalyptus_cneorifolia_75,262
eucalyptus_codonocarpa_673,217
eucalyptus_codonocarpa_2097,217
eucalyptus_codonocarpa_5025,217
eucalyptus_comitae-vallis_1897,576
eucalyptus_comitae-vallis_2767,576
eucalyptus_concinna_1391,642
eucalyptus_concinna_(rib-fruited_variant)_7307,642
eucalyptus_concinna_(sa_big_fruit_variant)_2631,642
eucalyptus_concinna_(small_fruit_variant)_2715,642
eucalyptus_conferruminata_subsp._'eastern_mainland'_1639,624
eucalyptus_conferruminata_subsp._'eastern_mainland'_6370,624
eucalyptus_conferruminata_subsp._conferruminata_3570,624
eucalyptus_conferruminata_subsp._conferruminata_4805,624
eucalyptus_conferruminata_subsp._recherche_4585,624
eucalyptus_conferruminata_subsp._recherche_4588,624
eucalyptus_conferruminata_subsp._recherche_4611,624
eucalyptus_confluens_1908,518
eucalyptus_conglobata_subsp._conglobata_559,566
eucalyptus_conglobata_subsp._conglobata_933,566
eucalyptus_conglobata_subsp._conglobata_938,566
eucalyptus_conglobata_subsp._conglobata_944,566
eucalyptus_conglobata_subsp._conglobata_1106,566
eucalyptus_conglobata_subsp._conglobata_3588,566
eucalyptus_conglobata_subsp._conglobata_6017,566
eucalyptus_conglomerata_719,168
eucalyptus_conica_747,499
eucalyptus_consideniana_611,225
eucalyptus_conspicua_1747,449
eucalyptus_conspicua_4516,449
eucalyptus_conveniens_1162,111
eucalyptus_conveniens_3516,111
eucalyptus_coolabah_1355,482
eucalyptus_coolabah_2957,482
eucalyptus_coolabah_(e._barklyensis)_4186,482
eucalyptus_cooperiana_168,303
eucalyptus_cooperiana_1813,303
eucalyptus_cordata_subsp._cordata_1985,398
eucalyptus_cordata_subsp._cordata_6726,398
eucalyptus_cordata_subsp._quadrangulosa_1979,398
eucalyptus_cornuta_173,627
eucalyptus_cornuta_3748,627
eucalyptus_cornuta_4587,627
eucalyptus_cornuta_4597,627
eucalyptus_cornuta_4608,627
eucalyptus_coronata_2247,135
eucalyptus_corrugata_305,575
eucalyptus_corrugata_3483,575
eucalyptus_corticosa_770,423
eucalyptus_corticosa_6276,423
eucalyptus_corticosa_(e._conferta)_6781,423
eucalyptus_corticosa_(e._ignorabilis)_1746,423
eucalyptus_corynodes_1264,477
eucalyptus_cosmophylla_819,334
eucalyptus_cosmophylla_7236,334
eucalyptus_crebra_6170,471
eucalyptus_crebra_6453,471
eucalyptus_crebra_6495,471
eucalyptus_crenulata_1775,390
eucalyptus_creta_1102,686
eucalyptus_creta_3606,686
eucalyptus_cretata_1689,548
eucalyptus_cretata_-_e._dumosa_intergrade_5932,548
eucalyptus_croajingolensis_1744,178
eucalyptus_crucis_subsp._crucis_3681,251
eucalyptus_crucis_subsp._lanceolata_303,251
eucalyptus_crucis_subsp._lanceolata_5456,251
eucalyptus_crucis_subsp._lanceolata_5603,251
eucalyptus_crucis_subsp._praecipua_1561,251
eucalyptus_crucis_subsp._praecipua_7318,251
eucalyptus_cullenii_1322,507
eucalyptus_cunninghamii_626,188
eucalyptus_cunninghamii_2915,188
eucalyptus_cunninghamii_5868,188
eucalyptus_cuprea_3536,456
eucalyptus_cupularis_1938,338
eucalyptus_cupularis_6641,338
eucalyptus_curtisii_2108,96
eucalyptus_cyanophylla_983,552
eucalyptus_cyclostoma_125,697
eucalyptus_cylindriflora_144,630
eucalyptus_cylindrocarpa_121,613
eucalyptus_cylindrocarpa_526,613
eucalyptus_cypellocarpa_-_e._goniocalyx_intergrade_(e._carolaniae)_6787,439
eucalyptus_cypellocarpa_-_e._goniocalyx_intergrade_(e._goniocalyx_subsp._fallax)_6098,439
eucalyptus_cypellocarpa_-_e._goniocalyx_intergrade_(e._goniocalyx_subsp._laxa)_6095,439
eucalyptus_cypellocarpa_(e._oresbia)_2949,439
eucalyptus_cypellocarpa_(e._quinniorum)_2946,420
eucalyptus_dalrympleana_subsp._'howmans_gap'_4867,445
eucalyptus_dalrympleana_subsp._'tasmania'_6736,445
eucalyptus_dalrympleana_subsp._dalrympleana_579,445
eucalyptus_dalrympleana_subsp._dalrympleana_1363,445
eucalyptus_dalrympleana_subsp._heptantha_2941,445
eucalyptus_dalrympleana_subsp._heptantha_5022,445
eucalyptus_dalveenica_1252,494
eucalyptus_dawsonii_743,498
eucalyptus_dealbata_723,373
eucalyptus_dealbata_724,373
eucalyptus_dealbata_6171,373
eucalyptus_dealbata_6242,373
eucalyptus_deanei_633,388
eucalyptus_decipiens_227,265
eucalyptus_decipiens_1153,265
eucalyptus_decipiens_3700,265
eucalyptus_decolor_2545,474
eucalyptus_decorticans_1260,476
eucalyptus_decurva_219,230
eucalyptus_decurva_3506,230
eucalyptus_deflexa_1110,603
eucalyptus_deflexa_4437,603
eucalyptus_deglupta_19790,333
eucalyptus_deglupta_19791,333
eucalyptus_delegatensis_subsp._delegatensis_573,189
eucalyptus_delegatensis_subsp._tasmaniensis_1971,189
eucalyptus_delegatensis_subsp._tasmaniensis_7400,189
eucalyptus_delicata_149,282
eucalyptus_delicata_2262,282
eucalyptus_dendromorpha_1758,187
eucalyptus_dendromorpha_5869,187
eucalyptus_densa_1111,698
eucalyptus_denticulata_1743,415
eucalyptus_desmondensis_192,650
eucalyptus_deuaensis_1769,199
eucalyptus_dielsii_1120,632
eucalyptus_dielsii_3596,632
eucalyptus_dielsii_5472,632
eucalyptus_diminuta_271,636
eucalyptus_diminuta_1168,636
eucalyptus_diminuta_3544,636
eucalyptus_diminuta_5543,636
eucalyptus_diminuta_-_e._stowardii_intergrade_3697,636
eucalyptus_diptera_146,691
eucalyptus_disclusa_707,366
eucalyptus_discreta_1091,319
eucalyptus_discreta_3613,319
eucalyptus_sinuensis_5993,319
eucalyptus_uncinata_subsp._uncinata_6350,323
"eucalyptus_dissimulata_subsp._dissimulata
_205",311
"eucalyptus_dissimulata_subsp._dissimulata
_1629",311
"eucalyptus_dissimulata_subsp._dissimulata
_3744",311
"eucalyptus_dissimulata_subsp._dissimulata
_3567",311
eucalyptus_distans_2452,496
eucalyptus_distans_2500,496
eucalyptus_distuberosa_subsp._aerata_3653,560
eucalyptus_distuberosa_subsp._aerata_3657,560
eucalyptus_distuberosa_subsp._distuberosa_3480,560
eucalyptus_diversicolor_1142,260
eucalyptus_diversicolor_4629,260
eucalyptus_diversifolia_subsp._diversifolia_792,133
eucalyptus_diversifolia_subsp._diversifolia_(subsp._megacarpa)_1991,133
eucalyptus_diversifolia_subsp._hesperia_1811,133
eucalyptus_dives_572,197
eucalyptus_dives_6099,197
eucalyptus_dives_1760,197
eucalyptus_dolichocera_273,270
eucalyptus_dolichocera_3525,270
eucalyptus_dolichorhyncha_152,597
eucalyptus_doratoxylon_178,229
eucalyptus_dorrienii_3725,307
eucalyptus_dorrienii_2237,307
eucalyptus_dorrigoensis_6798,441
eucalyptus_drepanophylla_1317,471
eucalyptus_drepanophylla_2514,471
eucalyptus_drepanophylla_2532,471
eucalyptus_drepanophylla_5133,471
eucalyptus_drepanophylla_(e._xanthoclada)_1294,471
eucalyptus_drepanophylla_(e._xanthoclada)_2531,471
eucalyptus_drummondii_1156,248
eucalyptus_drummondii_1892,248
eucalyptus_drummondii_2212,248
eucalyptus_drummondii_(microflora_variant)_3549,248
eucalyptus_dumosa_93,551
eucalyptus_dumosa_981,551
eucalyptus_dumosa_2558,551
eucalyptus_dumosa_5229,551
eucalyptus_dundasii_129,619
eucalyptus_dundasii_2175,619
eucalyptus_dunnii_1257,394
eucalyptus_dura_689,463
eucalyptus_dwyeri_751,359
eucalyptus_dwyeri_1369,359
eucalyptus_ebbanoensis_subsp._ebbanoensis_293,108
eucalyptus_ebbanoensis_subsp._glauciramula_2726,108
eucalyptus_ebbanoensis_subsp._photina_270,108
eucalyptus_ecostata_198,304
eucalyptus_ecostata_5496,304
eucalyptus_ecostata_3564,304
eucalyptus_ecostata_2244,304
eucalyptus_ecostata_3568,304
eucalyptus_ecostata_-_e._semiglobosa_intergrade_3587,304
eucalyptus_educta_335,243
eucalyptus_educta_1562,243
eucalyptus_educta_5600,243
eucalyptus_educta_6921,243
eucalyptus_educta_6928,243
eucalyptus_educta_7300,243
eucalyptus_effusa_subsp._effusa_127,688
eucalyptus_effusa_subsp._effusa_3631,688
eucalyptus_effusa_subsp._exsul_1540,688
eucalyptus_effusa_subsp._exsul_1554,688
eucalyptus_elaeophloia_586,442
eucalyptus_elaeophloia_7379,442
eucalyptus_elata_1742,182
eucalyptus_elata_4880,182
eucalyptus_elata_2901,182
eucalyptus_elata_(e._ornans)_6783,182
eucalyptus_elegans_680,471
eucalyptus_elliptica_1367,434
eucalyptus_elliptica_2948,434
eucalyptus_elliptica_6228,434
eucalyptus_erectifolia_231,144
eucalyptus_erectifolia_1623,144
eucalyptus_eremicola_subsp._eremicola_1500,299
eucalyptus_eremicola_subsp._eremicola_2614,299
eucalyptus_eremicola_subsp._peeneri_1518,299
eucalyptus_eremicola_subsp._peeneri_1542,299
eucalyptus_eremophila_345,638
eucalyptus_eremophila_5046,638
eucalyptus_eremophila_5994,638
eucalyptus_eremophila_(twilight_cove_variant)_5976,638
eucalyptus_erosa_2118,203
eucalyptus_erythrocorys_265,109
eucalyptus_erythrocorys_5081,109
eucalyptus_erythrocorys_5570,109
eucalyptus_erythronema_subsp._erythronema_3458,666
eucalyptus_erythronema_subsp._inornata_245,666
eucalyptus_erythronema_subsp._inornata_3685,666
eucalyptus_eudesmioides_2207,117
eucalyptus_eudesmioides_5740,117
eucalyptus_eudesmioides_279,117
eucalyptus_eugenioides_1235,203
eucalyptus_ewartiana_280,258
eucalyptus_ewartiana_2721,258
eucalyptus_exigua_322,587
eucalyptus_exigua_3676,587
eucalyptus_exilipes_1289,507
eucalyptus_exilis_263,137
eucalyptus_exilis_3507,137
eucalyptus_exilis_5541,137
eucalyptus_expressa_5265,203
eucalyptus_expressa_5266,203
eucalyptus_exserta_682,361
eucalyptus_exserta_1261,361
eucalyptus_exserta_2932,361
eucalyptus_exserta_6168,361
eucalyptus_exserta_6482,361
eucalyptus_extensa_145,693
eucalyptus_extensa_3467,693
eucalyptus_extensa_3739,693
eucalyptus_extrica_1092,115
eucalyptus_falcata_1113,307
eucalyptus_falcata_3433,307
eucalyptus_falciformis_361,179
eucalyptus_falciformis_6119,179
eucalyptus_farinosa_5136,489
eucalyptus_fasciculosa_1716,479
eucalyptus_fasciculosa_6085,479
eucalyptus_fastigata_596,190
eucalyptus_fergusonii_subsp._dorsiventralis_634,542
eucalyptus_fergusonii_subsp._fergusonii_643,542
eucalyptus_fergusonii_subsp._fergusonii_2918,542
eucalyptus_fibrosa_666,469
eucalyptus_fibrosa_(northern_variant)_2544,469
eucalyptus_flavida_343,702
eucalyptus_flavida_7285,702
eucalyptus_flindersii_5230,362
eucalyptus_flindersii_6387,362
"eucalyptus_flindersii_Eflinder_1
",362
eucalyptus_flocktoniae_subsp._flocktoniae_190,300
eucalyptus_flocktoniae_subsp._flocktoniae_1847,300
eucalyptus_flocktoniae_subsp._flocktoniae_1870,300
eucalyptus_flocktoniae_subsp._flocktoniae_2287,300
eucalyptus_flocktoniae_subsp._flocktoniae_x_e._occidentalis_1881,300
eucalyptus_flocktoniae_subsp._hebes_1104,300
eucalyptus_flocktoniae_subsp._hebes_1828,300
eucalyptus_flocktoniae_subsp._hebes_3665,300
eucalyptus_foecunda_subsp._aeolica_1161,328
eucalyptus_foecunda_subsp._aeolica_7324,328
eucalyptus_foecunda_subsp._foecunda_1152,328
eucalyptus_foliosa_161,272
eucalyptus_formanii_subsp._circulata_5672,327
eucalyptus_formanii_subsp._circulata_5684,327
eucalyptus_formanii_subsp._formanii_1567,327
eucalyptus_formanii_subsp._formanii_5693,327
eucalyptus_forrestiana_160,592
eucalyptus_forrestiana_6377,592
eucalyptus_fracta_2081,469
eucalyptus_fraseri_subsp._fraseri_116,553
eucalyptus_fraseri_subsp._fraseri_3619,553
eucalyptus_fraseri_subsp._fraseri_(blue-leaved_variant)_3880,553
eucalyptus_fraseri_subsp._melanobasis_128,553
eucalyptus_fraseri_subsp._melanobasis_3642,553
eucalyptus_fraxinoides_595,185
eucalyptus_fraxinoides_601,185
eucalyptus_fraxinoides_7366,185
eucalyptus_frenchiana_2286,558
eucalyptus_frenchiana_3660,558
eucalyptus_froggattii_453,535
eucalyptus_froggattii_2583,535
eucalyptus_fruticosa_1177,329
eucalyptus_fruticosa_3532,329
eucalyptus_fruticosa_5567,329
eucalyptus_fulgens_1729,414
eucalyptus_fusiformis_645,510
eucalyptus_gamophylla_2678,112
eucalyptus_gamophylla_,112
eucalyptus_gamophylla_(prostrate_form)_4269,112
eucalyptus_gardneri_subsp._gardneri_295,699
eucalyptus_gardneri_subsp._gardneri_3434,699
eucalyptus_gardneri_subsp._ravensthorpensis_1636,699
eucalyptus_georgei_subsp._fulgida_323,574
eucalyptus_georgei_subsp._georgei_325,574
eucalyptus_gigantangion_2483,102
eucalyptus_gillenii_1209,368
eucalyptus_gillenii_1703,368
eucalyptus_gillenii_2689,368
eucalyptus_gillii_1715,296
eucalyptus_gillii_2959,296
eucalyptus_gillii_Egillii_1,296
eucalyptus_gittinsii_subsp._gittinsii_1170,116
eucalyptus_gittinsii_subsp._gittinsii_3533,116
eucalyptus_gittinsii_subsp._illucida_252,116
eucalyptus_glaucescens_588,416
eucalyptus_glaucescens_7372,416
eucalyptus_glaucina_2085,363
eucalyptus_glaucina_6241,363
eucalyptus_glaucina_11239,363
eucalyptus_globoidea_1732,175
eucalyptus_globoidea_2905,175
eucalyptus_globoidea_3802,175
eucalyptus_globulus_1726,396
eucalyptus_globulus_1986,396
eucalyptus_globulus_6722,396
eucalyptus_glomerosa_1508,245
eucalyptus_gomphocephala_1148,621
eucalyptus_gongylocarpa_519,106
eucalyptus_gongylocarpa_4303,106
eucalyptus_goniantha_subsp._goniantha_1626,306
eucalyptus_goniantha_subsp._goniantha_3754,306
eucalyptus_goniantha_subsp._kynoura_3759,306
eucalyptus_goniocalyx_subsp._exposa_565,407
eucalyptus_goniocalyx_subsp._exposa_6388,407
eucalyptus_goniocalyx_subsp._goniocalyx_2952,407
eucalyptus_goniocalyx_subsp._viridissima_449,407
eucalyptus_goniocalyx_subsp._viridissima_3789,407
eucalyptus_goniocarpa_186,640
eucalyptus_gracilis_79,584
eucalyptus_gracilis_444,584
eucalyptus_gracilis_3645,584
eucalyptus_grandis_1237,352
eucalyptus_grandis_2524,352
eucalyptus_granitica_1305,490
eucalyptus_gregoriensis_2447,349
eucalyptus_gregsoniana_1756,195
eucalyptus_griffithsii_515,606
eucalyptus_griffithsii_3637,606
eucalyptus_griffithsii_4305,606
eucalyptus_grisea_1271,336
eucalyptus_grossa_123,677
eucalyptus_grossa_7224,677
eucalyptus_guilfoylei_1139,227
eucalyptus_guilfoylei_4632,227
eucalyptus_gunnii_subsp._divaricata_4946,444
eucalyptus_gunnii_subsp._gunnii_1963,444
eucalyptus_gunnii_subsp._gunnii_7407,444
eucalyptus_gypsophila_1405,563
eucalyptus_gypsophila_1520,563
eucalyptus_gypsophila_(e._infracorticata)_525,563
eucalyptus_haemastoma_6795,206
eucalyptus_hallii_716,374
eucalyptus_halophila_155,586
eucalyptus_hebetifolia_240,652
eucalyptus_hebetifolia_3562,652
eucalyptus_hebetifolia_(e._medialis)_233,652
eucalyptus_helidonica_2935,153
eucalyptus_helidonica_6491,153
eucalyptus_herbertiana_1933,340
eucalyptus_herbertiana_2482,340
eucalyptus_herbertiana_6403,340
eucalyptus_herbertiana_6652,340
eucalyptus_histophylla_124,702
eucalyptus_histophylla_3661,702
eucalyptus_ecdysiastes_2227,320
eucalyptus_ecdysiastes_3877,320
eucalyptus_ecdysiastes_4546,320
eucalyptus_ecdysiastes_5513,320
eucalyptus_ecdysiastes_6691,320
eucalyptus_horistes_1169,320
eucalyptus_horistes_2756,320
eucalyptus_horistes_3643,320
eucalyptus_horistes_6985,320
eucalyptus_horistes_7311,320
eucalyptus_houseana_1911,342
eucalyptus_howittiana_2526,506
eucalyptus_hypolaena_513,289
eucalyptus_hypolaena_2303,289
eucalyptus_imitans_615,175
eucalyptus_improcera_185,698
eucalyptus_incerata_327,622
eucalyptus_incerata_4678,622
eucalyptus_incrassata_930,596
eucalyptus_incrassata_1108,596
eucalyptus_incrassata_1129,596
eucalyptus_incrassata_1638,596
eucalyptus_incrassata_6005,596
eucalyptus_incrassata_1117,596
eucalyptus_incrassata_2802,596
eucalyptus_incrassata_3698,596
eucalyptus_incrassata_4550,596
eucalyptus_incrassata_4602,596
eucalyptus_incrassata_(obconic-fruited_form)_4796,596
eucalyptus_incrassata_(pendulous-fruited_form)_4572,596
eucalyptus_incrassata_(smooth_fruit_form)_3731,596
eucalyptus_incrassata_(stubby-fruited_form)_4571,596
eucalyptus_indurata_165,290
eucalyptus_indurata_3584,290
eucalyptus_infera_1254,365
eucalyptus_infera_6175,365
eucalyptus_lockyeri_subsp._exuta_1309,370
eucalyptus_lockyeri_subsp._exuta_5144,370
eucalyptus_insularis_subsp._continentalis_1637,138
eucalyptus_insularis_subsp._insularis_4586,138
eucalyptus_interstans_667,366
eucalyptus_intertexta_423,493
eucalyptus_intertexta_2435,493
eucalyptus_intertexta_2554,493
eucalyptus_intertexta_2677,493
eucalyptus_intertexta_6661,493
eucalyptus_jacksonii_1140,130
eucalyptus_jacksonii_7223,130
eucalyptus_jensenii_1916,507
eucalyptus_jimberlanica_552,690
eucalyptus_jimberlanica_3647,690
eucalyptus_johnsoniana_3547,127
eucalyptus_johnstonii_1980,377
eucalyptus_johnstonii_7406,377
eucalyptus_jucunda_275,110
eucalyptus_jucunda_7228,110
eucalyptus_jutsonii_subsp._jutsonii_548,278
eucalyptus_jutsonii_subsp._kobela_4448,278
eucalyptus_kabiana_720,364
eucalyptus_kartzoffiana_1765,411
eucalyptus_kessellii_subsp._eugnosta_164,291
eucalyptus_kessellii_subsp._kessellii_1101,291
eucalyptus_kessellii_subsp._kessellii_6382,291
eucalyptus_kingsmillii_535,242
eucalyptus_kingsmillii_1197,242
eucalyptus_kingsmillii_4266,242
eucalyptus_kingsmillii_5779,242
eucalyptus_kitsoniana_1720,399
eucalyptus_kitsoniana_4311,399
eucalyptus_kitsoniana_4314,399
eucalyptus_kochii_subsp._amaryssia_536,269
eucalyptus_kochii_subsp._amaryssia_2190,269
eucalyptus_kochii_subsp._borealis_277,269
eucalyptus_kochii_subsp._borealis_3539,269
eucalyptus_kochii_subsp._kochii_288,269
eucalyptus_kochii_subsp._kochii_2218,269
eucalyptus_kochii_subsp._kochii_2223,269
eucalyptus_kochii_subsp._plenissima_3482,269
eucalyptus_kochii_subsp._plenissima_3488,269
eucalyptus_kochii_subsp._yellowdinensis_3477,269
eucalyptus_kochii_subsp._yellowdinensis_4793,269
eucalyptus_kondininensis_242,572
eucalyptus_kondininensis_3424,572
eucalyptus_koolpinensis_2486,523
eucalyptus_kruseana_337,682
eucalyptus_kruseana_6993,682
eucalyptus_kumarlensis_141,310
eucalyptus_kumarlensis_1844,310
eucalyptus_kybeanensis_593,196
eucalyptus_lacrimans_590,181
eucalyptus_lacrimans_7369,181
eucalyptus_lactea_(e._praecox)_759,434
eucalyptus_lactea_(e._praecox)_7355,434
eucalyptus_laeliae_1150,673
eucalyptus_laevis_120,605
eucalyptus_laevis_3635,605
eucalyptus_laevis_3650,605
eucalyptus_laevis_6355,605
eucalyptus_laevopinea_649,220
eucalyptus_lane-poolei_255,237
eucalyptus_lane-poolei_3514,237
eucalyptus_langleyi_613,170
eucalyptus_langleyi_6791,170
eucalyptus_lansdowneana_57,544
eucalyptus_lansdowneana_5933,544
eucalyptus_largeana_2086,541
eucalyptus_largiflorens_980,512
eucalyptus_largiflorens_4172,512
eucalyptus_largiflorens_,512
eucalyptus_largiflorens_(green-leaf_variant)_2556,512
eucalyptus_latens_1613,324
eucalyptus_latisinensis_715,151
eucalyptus_lehmannii_subsp._lehmannii_222,651
eucalyptus_lehmannii_subsp._parallela_1130,651
eucalyptus_lehmannii_subsp._parallela_3561,651
eucalyptus_lehmannii_subsp._parallela_3704,651
eucalyptus_lehmannii_subsp._parallela_4432,651
eucalyptus_lehmannii_subsp._parallela_x_e._megacornuta_3577,651
eucalyptus_leptocalyx_subsp._leptocalyx_153,588
eucalyptus_leptocalyx_subsp._leptocalyx_3592,588
eucalyptus_leptocalyx_subsp._petilipes_3616,588
eucalyptus_leptophleba_1313,521
eucalyptus_leptophleba_6422,521
eucalyptus_leptophylla_447,316
eucalyptus_leptophylla_6807,316
eucalyptus_leptophylla_(kangaroo_island_variant)_4736,316
eucalyptus_leptopoda_subsp._'glaucous'_7315,254
eucalyptus_leptopoda_subsp._arctata_276,254
eucalyptus_leptopoda_subsp._arctata_291,254
eucalyptus_leptopoda_subsp._elevata_8,254
eucalyptus_leptopoda_subsp._elevata_-_e._oldfieldii_intergrade_5583,254
eucalyptus_leptopoda_subsp._leptopoda_298,254
eucalyptus_leptopoda_subsp._subluta_336,254
eucalyptus_leptopoda_subsp._subluta_2776,254
eucalyptus_lesouefii_549,591
eucalyptus_lesouefii_3633,591
eucalyptus_leucophloia_subsp._euroa_1332,382
eucalyptus_leucophloia_subsp._euroa_2498,382
eucalyptus_leucophloia_subsp._leucophloia_539,382
eucalyptus_leucophylla_(e._tephrodes)_1194,458
eucalyptus_leucophylla_(e._tephrodes)_1941,458
eucalyptus_leucoxylon_subsp._bellarinensis_460,538
eucalyptus_leucoxylon_subsp._leucoxylon_3788,538
eucalyptus_leucoxylon_subsp._leucoxylon_(subsp._connata)_2585,538
eucalyptus_leucoxylon_subsp._megalocarpa_473,538
eucalyptus_leucoxylon_subsp._megalocarpa_4310,538
eucalyptus_leucoxylon_subsp._pruinosa_351,538
eucalyptus_leucoxylon_subsp._pruinosa_1798,538
eucalyptus_leucoxylon_subsp._pruinosa_2566,538
eucalyptus_leucoxylon_subsp._pruinosa_2897,538
eucalyptus_leucoxylon_subsp._stephaniae_2581,538
eucalyptus_leucoxylon_subsp._stephaniae_(weeping_variant)_1958,538
eucalyptus_ligulata_subsp._ligulata_175,141
eucalyptus_ligulata_subsp._ligulata_4576,141
eucalyptus_ligulata_subsp._stirlingica_3560,141
eucalyptus_ligustrina_624,204
eucalyptus_lirata_1917,97
eucalyptus_litorea_1094,614
eucalyptus_litorea_6010,614
eucalyptus_litorea_(e._famelica)_199,604
eucalyptus_livida_318,694
eucalyptus_lockyeri_1323,370
eucalyptus_lockyeri_6419,370
eucalyptus_longicornis_2241,283
eucalyptus_longicornis_2283,283
eucalyptus_longicornis_2284,283
eucalyptus_longifolia_1750,437
eucalyptus_longifolia_4700,437
eucalyptus_longifolia_6249,437
eucalyptus_longirostrata_2112,345
eucalyptus_longissima_1569,299
eucalyptus_longissima_2163,299
eucalyptus_longissima_2184,299
eucalyptus_longissima_2160,299
eucalyptus_loxophleba_subsp._gratiae_313,671
eucalyptus_loxophleba_subsp._lissophloia_139,671
eucalyptus_loxophleba_subsp._loxophleba_239,671
eucalyptus_loxophleba_subsp._supralaevis_1165,671
eucalyptus_loxophleba_subsp._supralaevis_2211,671
eucalyptus_loxophleba_subsp._supralaevis_5593,671
eucalyptus_lucasii_545,454
eucalyptus_lucasii_4283,454
eucalyptus_lucens_1353,487
eucalyptus_luculenta_3618,286
eucalyptus_luculenta_4555,286
eucalyptus_luehmanniana_621,224
eucalyptus_luehmanniana_2910,224
eucalyptus_luehmanniana_6793,224
eucalyptus_macarthurii_2071,408
eucalyptus_macarthurii_6282,408
eucalyptus_mackintii_1737,173
eucalyptus_macrandra_312,620
eucalyptus_macrandra_1132,620
eucalyptus_macrandra_6378,620
eucalyptus_macrandra_1887,620
eucalyptus_macrandra_4430,620
eucalyptus_macrocarpa_subsp._elachantha_250,247
eucalyptus_macrocarpa_subsp._macrocarpa_261,247
eucalyptus_macrocarpa_subsp._macrocarpa_3428,247
eucalyptus_macrorhyncha_subsp._cannonii_779,200
eucalyptus_macrorhyncha_subsp._macrorhyncha_737,200
eucalyptus_macta_1301,350
eucalyptus_macta_6449,350
eucalyptus_magnificata_2945,494
eucalyptus_maidenii_1764,396
eucalyptus_major_2107,375
eucalyptus_major_6486,375
eucalyptus_malacoxylon_1368,393
eucalyptus_mannensis_subsp._mannensis_6941,277
eucalyptus_mannensis_subsp._vespertina_1171,277
eucalyptus_mannifera_7364,409
eucalyptus_mannifera_(subsp._gullickii)_609,409
eucalyptus_mannifera_subsp._'alpine_victoria'_581,409
eucalyptus_mannifera_subsp._'alpine_victoria'_2066,409
eucalyptus_mannifera_subsp._'alpine_victoria'_3799,409
eucalyptus_marginata_subsp._'dull_leaf'_7220,128
eucalyptus_marginata_subsp._marginata_1144,128
eucalyptus_marginata_subsp._marginata_4655,128
eucalyptus_marginata_subsp._marginata_(subsp._ellegantella)_1151,128
eucalyptus_marginata_subsp._thalassica_246,128
eucalyptus_mckieana_659,216
eucalyptus_mcquoidii_3569,625
eucalyptus_mediocris_2115,148
eucalyptus_mediocris_(e._irritans)_2525,148
eucalyptus_megacarpa_1137,125
eucalyptus_megacarpa_6705,125
eucalyptus_megacornuta_1121,623
eucalyptus_megacornuta_3578,623
eucalyptus_melanoleuca_706,477
eucalyptus_melanoleuca_2111,477
eucalyptus_melanophitra_211,704
eucalyptus_melanophloia_subsp._melanophloia_690,527
eucalyptus_melanophloia_subsp._melanophloia_1285,527
eucalyptus_melanophloia_subsp._nana_1330,527
eucalyptus_melanophloia_subsp._nana_4183,527
eucalyptus_melanophloia_subsp._nana_5203,527
eucalyptus_melanophloia_subsp._nana_5205,527
eucalyptus_melanoxylon_143,605
eucalyptus_melliodora_777,536
eucalyptus_melliodora_x_e._sideroxylon_1219,536
eucalyptus_merrickiae_156,610
eucalyptus_merrickiae_6016,610
eucalyptus_michaeliana_650,379
eucalyptus_micranthera_172,292
eucalyptus_micranthera_1090,292
eucalyptus_microcarpa_1220,532
eucalyptus_microcarpa_2895,532
eucalyptus_microcarpa_-_e._wimmerensis_intergrade_(e._hawkeri)_6916,532
eucalyptus_microcarpa_(adelaide_variant)_1364,532
eucalyptus_microcodon_5010,217
eucalyptus_microcorys_1238,228
eucalyptus_microneura_1326,404
eucalyptus_microtheca_1338,517
eucalyptus_mimica_subsp._continens_1114,639
eucalyptus_mimica_subsp._mimica_188,639
eucalyptus_minniritchi_1354,239
eucalyptus_minniritchi_5196,239
eucalyptus_misella_147,275
eucalyptus_mitchelliana_574,169
eucalyptus_moderata_1563,271
eucalyptus_moderata_1661,271
eucalyptus_moderata_2182,271
eucalyptus_moderata_2183,271
eucalyptus_moderata_3768,271
eucalyptus_moderata_2230,271
eucalyptus_moderata_(e._transcontinentalis_subsp._semivestita)_3460,271
eucalyptus_moluccana_712,511
eucalyptus_moluccana_(northern_variant)_2506,511
eucalyptus_molyneuxii_2873,179
eucalyptus_molyneuxii_4748,179
eucalyptus_molyneuxii_6867,179
eucalyptus_moorei_subsp._moorei_603,193
eucalyptus_moorei_subsp._moorei_5249,193
eucalyptus_moorei_subsp._moorei_5256,193
eucalyptus_moorei_subsp._moorei_(e._dissita)_2095,193
eucalyptus_moorei_subsp._moorei_x_e._fastigata_5247,193
eucalyptus_moorei_subsp._moorei_x_e._macrorhyncha_5250,193
eucalyptus_moorei_subsp._moorei_x_e._triflora?_5243,193
eucalyptus_moorei_subsp._serpentinicola_1233,193
eucalyptus_moorei_var._latiuscula_594,193
eucalyptus_morrisbyi_1983,386
eucalyptus_morrisbyi_7411,386
eucalyptus_morrisii_730,360
eucalyptus_morrisii_6499,360
eucalyptus_muelleriana_1753,174
eucalyptus_multicaulis_771,171
eucalyptus_multicaulis_2914,171
eucalyptus_multicaulis_7358,171
eucalyptus_myriadena_316,568
eucalyptus_myriadena_321,568
eucalyptus_myriadena_5596,568
eucalyptus_nandewarica_6160,371
eucalyptus_nandewarica_6164,371
eucalyptus_nebulosa_6742,157
eucalyptus_neglecta_2067,384
eucalyptus_neglecta_3797,384
eucalyptus_neutra_218,287
eucalyptus_neutra_315,287
eucalyptus_neutra_1853,287
eucalyptus_neutra_1855,287
eucalyptus_neutra_1874,287
eucalyptus_neutra_3441,287
eucalyptus_newbeyi_212,626
eucalyptus_nicholii_651,436
eucalyptus_nicholii_6194,436
eucalyptus_nitens_1766,446
eucalyptus_nitida_1964,157
eucalyptus_nitida_7399,157
eucalyptus_nobilis_647,435
eucalyptus_nobilis_753,435
eucalyptus_normantonensis_1202,531
eucalyptus_normantonensis_1207,531
eucalyptus_normantonensis_4179,531
eucalyptus_nortonii_583,406
eucalyptus_nortonii_2951,406
eucalyptus_notabilis_630,350
eucalyptus_notabilis_6203,350
eucalyptus_notactites_220,306
eucalyptus_notactites_177,306
eucalyptus_notactites_4605,306
eucalyptus_nova-anglica_656,410
eucalyptus_nubilis_(e._fibrosa_subsp._nubila)_685,469
eucalyptus_nudicaulis_4184,361
eucalyptus_nudicaulis_6401,361
eucalyptus_nutans_4800,655
eucalyptus_obconica_1930,524
eucalyptus_obconica_6646,524
eucalyptus_obesa_1109,331
eucalyptus_obesa_3724,331
eucalyptus_obesa_5478,331
eucalyptus_obliqua_804,198
eucalyptus_obliqua_1974,198
eucalyptus_obliqua_Eobliq_1,198
eucalyptus_oblonga_622,211
eucalyptus_obstans_620,187
eucalyptus_obstans_(e._burgessiana)_623,187
eucalyptus_obstans_(e._burgessiana)_7359,187
eucalyptus_obtusiflora_subsp._dongarraensis_266,573
eucalyptus_obtusiflora_subsp._dongarraensis_(subsp._cowcowensis)_2235,573
eucalyptus_obtusiflora_subsp._obtusiflora_1173,573
eucalyptus_occidentalis_170,658
eucalyptus_occidentalis_1095,658
eucalyptus_occidentalis_3556,658
eucalyptus_ochrophloia_2119,513
eucalyptus_odontocarpa_1199,113
eucalyptus_odorata_822,533
eucalyptus_odorata_936,533
eucalyptus_odorata_(e._silvestris)_2580,533
eucalyptus_oldfieldii_274,259
eucalyptus_oldfieldii_2732,259
eucalyptus_oleosa_subsp._ampliata_500,295
eucalyptus_oleosa_subsp._ampliata_555,295
eucalyptus_oleosa_subsp._ampliata_931,295
eucalyptus_oleosa_subsp._ampliata_1408,295
eucalyptus_oleosa_subsp._ampliata_2123,295
eucalyptus_oleosa_subsp._ampliata_2135,295
eucalyptus_oleosa_subsp._ampliata_2561,295
eucalyptus_oleosa_subsp._ampliata_2596,295
eucalyptus_oleosa_subsp._corvina_1123,295
eucalyptus_oleosa_subsp._corvina_2251,295
eucalyptus_oleosa_subsp._cylindroidea_1642,295
eucalyptus_oleosa_subsp._cylindroidea_2259,295
eucalyptus_oleosa_subsp._cylindroidea_3600,295
eucalyptus_oleosa_subsp._oleosa_516,295
eucalyptus_oleosa_subsp._oleosa_1393,295
eucalyptus_oleosa_subsp._oleosa_2319,295
eucalyptus_oleosa_subsp._oleosa_2884,295
eucalyptus_oleosa_subsp._oleosa_2886,295
eucalyptus_olida_661,218
eucalyptus_oligantha_2468,522
eucalyptus_oligantha_5804,522
eucalyptus_oligantha_5810,522
eucalyptus_oligantha_(subsp._modica)_1919,522
eucalyptus_olivina_319,315
eucalyptus_olivina_3670,315
eucalyptus_olivina_4660,315
eucalyptus_olsenii_597,180
eucalyptus_olsenii_7367,180
eucalyptus_ophitica_2099,643
eucalyptus_opimiflora_3515,304
eucalyptus_opimiflora_5078,304
eucalyptus_opimiflora_5547,304
eucalyptus_optima_115,301
eucalyptus_optima_2154,301
eucalyptus_oraria_269,579
eucalyptus_oraria_3527,579
eucalyptus_orbifolia_2774,252
eucalyptus_orbifolia_5606,252
eucalyptus_orbifolia_5607,252
eucalyptus_orbifolia_7312,252
eucalyptus_ordiana_1934,382
eucalyptus_ordiana_6645,382
eucalyptus_oreades_628,186
eucalyptus_oreades_3210,186
eucalyptus_oreades_7356,186
eucalyptus_orgadophila_698,500
eucalyptus_ornata_243,308
eucalyptus_ornata_5040,308
eucalyptus_orthostemon_3426,317
eucalyptus_orthostemon_3691,317
eucalyptus_ovata_subsp._grandiflora_1594,450
eucalyptus_ovata_subsp._grandiflora_4318,450
eucalyptus_ovata_subsp._grandiflora_6114,450
eucalyptus_ovata_subsp._grandiflora_6121,450
eucalyptus_ovata_subsp._ovata_805,450
eucalyptus_ovata_subsp._ovata_1717,450
eucalyptus_ovata_subsp._ovata_1741,450
eucalyptus_ovata_subsp._ovata_6725,450
eucalyptus_ovata_subsp._ovata_6741,450
eucalyptus_ovularis_1107,609
eucalyptus_oxymitra_1704,236
eucalyptus_pachycalyx_subsp._pachycalyx_1307,233
eucalyptus_pachyloma_224,134
eucalyptus_pachyloma_3735,134
eucalyptus_pachyphylla_1203,241
eucalyptus_pachyphylla_6637,241
eucalyptus_paedoglauca_1298,528
eucalyptus_paedoglauca_5121,528
eucalyptus_paliformis_592,192
eucalyptus_pallida_5079,117
eucalyptus_pallida_7229,117
eucalyptus_paludicola_69,335
eucalyptus_panda_683,475
eucalyptus_panda_2117,475
eucalyptus_panda_2549,475
eucalyptus_paniculata_2903,542
eucalyptus_paniculata_(subsp._matutina)_639,542
eucalyptus_pantoleuca_1931,344
eucalyptus_parramattensis_subsp._decadens_641,381
eucalyptus_parramattensis_subsp._parramattensis_1763,381
eucalyptus_parramattensis_subsp._parramattensis_3209,381
eucalyptus_parvula_591,421
eucalyptus_patellaris_1339,488
eucalyptus_patens_1143,123
eucalyptus_patens_4621,123
eucalyptus_patens_5530,123
eucalyptus_pauciflora_subsp._acerina_4521,183
eucalyptus_pauciflora_subsp._debeuzevillei_2070,183
eucalyptus_pauciflora_subsp._hedraia_578,183
eucalyptus_pauciflora_subsp._hedraia_3801,183
eucalyptus_pauciflora_subsp._hedraia_7385,183
eucalyptus_pauciflora_subsp._niphophila_589,183
eucalyptus_pauciflora_subsp._niphophila_3800,183
eucalyptus_pauciflora_subsp._niphophila_7371,183
eucalyptus_pauciflora_subsp._parvifructa_353,183
eucalyptus_pauciflora_subsp._parvifructa_7047,183
eucalyptus_pauciflora_subsp._pauciflora_476,183
eucalyptus_pauciflora_subsp._pauciflora_7354,183
eucalyptus_pauciflora_subsp._pauciflora_x_e._radiata_subsp._radiata_6283,183
eucalyptus_pellita_1304,351
eucalyptus_pendens_256,136
eucalyptus_perangusta_148,312
eucalyptus_perangusta_1118,312
eucalyptus_perangusta_3712,312
eucalyptus_percostata_1603,569
eucalyptus_perriniana_584,424
eucalyptus_perriniana_1975,424
eucalyptus_persistens_1291,520
eucalyptus_petiolaris_(red_flowered_morph)_946,543
eucalyptus_petiolaris_(yellow_flower_morph)_945,543
eucalyptus_petraea_339,455
eucalyptus_petraea_2761,455
eucalyptus_petraea_3766,455
eucalyptus_petraea_5463,455
eucalyptus_petrensis_248,304
eucalyptus_phaenophylla_235,707
eucalyptus_phaenophylla_236,707
eucalyptus_phaenophylla_324,707
eucalyptus_phaenophylla_(subsp._interjacens)_196,707
eucalyptus_phenax_subsp._compressa_824,550
eucalyptus_phenax_subsp._phenax_929,550
eucalyptus_phenax_subsp._phenax_3439,550
eucalyptus_phenax_subsp._phenax_4423,550
eucalyptus_phenax_subsp._phenax_(hills_variant)_5924,550
eucalyptus_phoenicea_4216,99
eucalyptus_phoenicea_4228,99
eucalyptus_phoenicea_(battlecamp_variant)_1320,99
eucalyptus_pilbarensis_1189,460
eucalyptus_pileata_191,555
eucalyptus_pileata_947,555
eucalyptus_pileata_3644,555
eucalyptus_pileata_5477,555
eucalyptus_pileata_3178,555
eucalyptus_pileata_4669,555
eucalyptus_pilularis_644,221
eucalyptus_pimpiniana_110,612
eucalyptus_pimpiniana_2738,612
eucalyptus_piperita_subsp._piperita_627,226
eucalyptus_piperita_subsp._urceolaris_610,226
eucalyptus_piperita_subsp._urceolaris_7363,226
eucalyptus_planchoniana_663,140
eucalyptus_planipes_131,606
eucalyptus_planipes_6996,606
eucalyptus_planipes_(e._trachybasis)_330,606
eucalyptus_planipes_(e._trachybasis)_4306,606
eucalyptus_platycorys_2733,607
eucalyptus_platycorys_3445,607
eucalyptus_platycorys_3601,607
eucalyptus_platycorys_3627,607
eucalyptus_platydisca_133,139
eucalyptus_platyphylla_1296,341
eucalyptus_platyphylla_12966,341
eucalyptus_platyphylla_(nt_form)_1350,341
eucalyptus_platypus_subsp._congregata_184,655
eucalyptus_platypus_subsp._congregata_3591,655
eucalyptus_platypus_subsp._platypus_208,655
eucalyptus_pleurocarpa_154,114
eucalyptus_pleurocarpa_3557,114
eucalyptus_polita_3449,571
eucalyptus_polita_3468,571
eucalyptus_polita_3669,571
eucalyptus_polyanthemos_subsp._marginalis_457,478
eucalyptus_polyanthemos_subsp._marginalis_6106,478
eucalyptus_polyanthemos_subsp._polyanthemos_742,478
eucalyptus_polyanthemos_subsp._polyanthemos_2899,478
eucalyptus_polyanthemos_subsp._vestita_6785,478
eucalyptus_polyanthemos_subsp._vestita_(subsp._longior)_1738,478
eucalyptus_polybractea_736,533
eucalyptus_populnea_subsp._bimbil_2954,533
eucalyptus_populnea_subsp._populnea_679,533
eucalyptus_porosa_482,545
eucalyptus_portuensis_6447,153
eucalyptus_praetermissa_213,705
eucalyptus_prava_671,348
eucalyptus_preissiana_subsp._lobata_179,145
eucalyptus_preissiana_subsp._lobata_3710,145
eucalyptus_preissiana_subsp._lobata_5492,145
eucalyptus_preissiana_subsp._preissiana_217,145
eucalyptus_preissiana_subsp._preissiana_3762,145
eucalyptus_prolixa_2281,582
eucalyptus_prolixa_6693,582
eucalyptus_prominens_1184,663
eucalyptus_prominula_2917,219
eucalyptus_propinqua_1239,383
eucalyptus_propinqua_(blackdown_variant)_6457,383
eucalyptus_protensa_126,678
eucalyptus_protensa_3641,678
eucalyptus_proxima_3571,659
eucalyptus_pruinosa_subsp._pruinosa_1329,505
eucalyptus_pruinosa_subsp._pruinosa_2440,505
eucalyptus_pruinosa_subsp._tenuata_4203,505
eucalyptus_pruinosa_subsp._tenuata_4226,505
eucalyptus_psammitica_664,149
eucalyptus_pseudoglobulus_1735,396
eucalyptus_pterocarpa_3656,564
eucalyptus_pterocarpa_137,564
eucalyptus_pulchella_1984,156
eucalyptus_pulverulenta_1226,418
eucalyptus_pulverulenta_6323,418
eucalyptus_pumila_636,347
eucalyptus_punctata_612,336
eucalyptus_punctata_1253,336
eucalyptus_purpurata_3579,305
eucalyptus_purpurata_3580,305
eucalyptus_pyriformis_1660,238
eucalyptus_pyrocarpa_2093,222
eucalyptus_quadrangulata_618,387
eucalyptus_quadrans_1099,585
eucalyptus_quadrans_1119,585
eucalyptus_quadricostata_2533,525
eucalyptus_quadricostata_5137,525
eucalyptus_quaerenda_237,274
eucalyptus_quaerenda_3719,274
eucalyptus_racemosa_718,163
eucalyptus_racemosa_(e._sclerophylla)_7357,163
eucalyptus_radiata_subsp._radiata_575,184
eucalyptus_radiata_subsp._radiata_602,184
eucalyptus_radiata_subsp._radiata_(tas_variant)_1959,184
eucalyptus_radiata_subsp._sejuncta_655,184
eucalyptus_rameliana_543,234
eucalyptus_rameliana_4294,234
eucalyptus_rameliana_4287,234
eucalyptus_raveretiana_1297,484
eucalyptus_ravida_134,692
eucalyptus_ravida_2781,692
eucalyptus_recta_294,268
eucalyptus_recta_5074,268
eucalyptus_recta_4441,268
eucalyptus_recurva_1755,425
eucalyptus_reducta_1300,161
eucalyptus_redunca_subsp._pluricaulis_1662,695
eucalyptus_redunca_subsp._pluricaulis_3727,695
eucalyptus_redunca_subsp._porphyrea_210,695
eucalyptus_redunca_subsp._redunca_221,695
eucalyptus_regnans_467,158
eucalyptus_regnans_1973,158
eucalyptus_regnans_4316,158
eucalyptus_relicta_3550,237
eucalyptus_relicta_3551,237
eucalyptus_relicta_5535,237
eucalyptus_remota_812,162
eucalyptus_repullulans_1188,563
eucalyptus_repullulans_1550,563
eucalyptus_repullulans_5180,563
eucalyptus_resinifera_subsp._hemilampra_2921,353
eucalyptus_resinifera_subsp._hemilampra_6206,353
eucalyptus_resinifera_subsp._resinifera_642,353
eucalyptus_resinifera_subsp._resinifera_1762,353
eucalyptus_retusa_4801,600
eucalyptus_revelata_1910,344
eucalyptus_rhodantha_282,249
eucalyptus_rhombica_2104,473
eucalyptus_rhomboidea_2272,231
eucalyptus_rigens_157,618
eucalyptus_rigens_3595,618
eucalyptus_rigidula_subsp._rigidula_244,321
eucalyptus_rigidula_subsp._rigidula_292,321
eucalyptus_rigidula_subsp._rigidula_2713,321
eucalyptus_rigidula_3630,321
eucalyptus_rigidula_subsp._rigidula_5071,321
eucalyptus_rigidula_subsp._rigidula_6697,321
eucalyptus_rigidula_subsp._rigidula_6955,321
eucalyptus_rigidula_subsp._rigidula_5460,321
eucalyptus_rigidula_subsp._rigidula_5554,321
eucalyptus_rigidula_subsp._rigidula_5671,321
eucalyptus_risdonii_1982,155
eucalyptus_robertsonii_1771,184
eucalyptus_robertsonii_(subsp._hemispherica)_2953,184
eucalyptus_robusta_638,351
eucalyptus_robusta_6205,351
eucalyptus_rodwayi_1972,431
eucalyptus_rodwayi_7402,431
eucalyptus_rosacea_518,244
eucalyptus_rosacea_6939,244
eucalyptus_rossii_725,163
eucalyptus_rossii_781,163
eucalyptus_rowleyi_4277,454
eucalyptus_rowleyi_4279,454
eucalyptus_rowleyi_4281,454
eucalyptus_roycei_1175,107
eucalyptus_roycei_5086,107
eucalyptus_rubida_subsp._barbigerorum_2939,452
eucalyptus_rubida_subsp._rubida_1223,452
eucalyptus_rubida_subsp._rubida_6297,452
eucalyptus_rubida_subsp._rubida_6319,452
eucalyptus_rubiginosa_2114,150
eucalyptus_rudderi_2920,504
eucalyptus_rudderi_(e._hypostomatica)_2080,504
eucalyptus_rudis_subsp._cratyantha_1146,337
eucalyptus_rudis_subsp._cratyantha_5538,337
eucalyptus_rudis_subsp._rudis_1131,337
eucalyptus_rugosa_806,589
eucalyptus_rugosa_3179,589
eucalyptus_rugosa_5908,589
eucalyptus_rugulata_3671,267
eucalyptus_rugulata_3673,267
eucalyptus_rummeryi_1245,465
eucalyptus_rupestris_1920,518
eucalyptus_rupestris_5812,518
eucalyptus_sabulosa_359,423
eucalyptus_sabulosa_7427,423
eucalyptus_salicola_3457,314
eucalyptus_salicola_3493,314
eucalyptus_salicola_3882,314
eucalyptus_saligna_705,354
eucalyptus_saligna_2924,354
eucalyptus_salmonophloia_341,279
eucalyptus_salmonophloia_2306,279
eucalyptus_salubris_342,685
eucalyptus_salubris_2717,685
eucalyptus_salubris_3496,685
eucalyptus_salubris_(fine-leaved_form)_3831,685
eucalyptus_sargentii_subsp._onesis_2236,634
eucalyptus_sargentii_subsp._onesis_3695,634
eucalyptus_sargentii_subsp._onesis_6022,634
eucalyptus_sargentii_subsp._sargentii_2229,634
eucalyptus_sargentii_subsp._sargentii_5551,634
eucalyptus_sargentii_subsp._sargentii_(smooth-barked_form)_4412,634
eucalyptus_saxatilis_2069,426
eucalyptus_saxatilis_4883,426
eucalyptus_scias_subsp._apoda_2100,350
eucalyptus_scias_subsp._apoda_6191,350
eucalyptus_scias_subsp._callimastha_600,350
eucalyptus_scias_subsp._callimastha_2908,350
eucalyptus_scias_subsp._scias_2911,350
eucalyptus_scias_subsp._scias_6306,350
eucalyptus_scoparia_672,433
eucalyptus_scoparia_6196,433
eucalyptus_scopulorum_2927,470
eucalyptus_scyphocalyx_(e._surgens)_558,608
eucalyptus_scyphocalyx_(e._surgens)_5997,608
eucalyptus_seeana_2089,378
eucalyptus_selachiana_1176,117
eucalyptus_semiglobosa_4570,306
eucalyptus_semiglobosa_4579,306
eucalyptus_semota_2193,706
eucalyptus_sepulcralis_1126,146
eucalyptus_sepulcralis_1635,146
eucalyptus_serraensis_2584,167
eucalyptus_serraensis_7426,167
eucalyptus_sessilis_1352,240
eucalyptus_sheathiana_302,567
eucalyptus_sheathiana_5453,567
eucalyptus_shirleyi_1292,527
eucalyptus_shirleyi_2508,527
eucalyptus_shirleyi_(green_form)_5117,527
eucalyptus_shrileyi_(square_fruit_form)_6414,527
eucalyptus_sicilifolia_1276,497
eucalyptus_siderophloia_717,540
eucalyptus_sideroxylon_674,514
eucalyptus_sideroxylon_(subsp._improcera)_6474,514
eucalyptus_sieberi_1749,177
eucalyptus_similis_1282,105
eucalyptus_singularis_3816,598
eucalyptus_singularis_3973,598
eucalyptus_sinuosa_5057,625
eucalyptus_sinuosa_5061,625
eucalyptus_smithii_598,402
eucalyptus_smithii_(mallee_form)_2068,402
eucalyptus_socialis_subsp._eucentrica_2198,297
eucalyptus_socialis_subsp._eucentrica_2430,297
eucalyptus_socialis_subsp._eucentrica_2538,297
eucalyptus_socialis_subsp._eucentrica_2539,297
eucalyptus_socialis_subsp._socialis_1804,297
eucalyptus_socialis_subsp._socialis_2890,297
eucalyptus_socialis_subsp._socialis_2955,297
eucalyptus_socialis_subsp._socialis_(glaucous_variant)_3172,297
eucalyptus_socialis_subsp._victoriensis_113,297
eucalyptus_socialis_subsp._victoriensis_2323,297
eucalyptus_socialis_subsp._viridans_928,297
eucalyptus_socialis_subsp._viridans_1946,297
eucalyptus_socialis_subsp._viridans_2593,297
eucalyptus_socialis_subsp._viridans_2879,297
eucalyptus_sp._'cable_haul_road'_(aff._hypolaena)_2787,289
eucalyptus_sp._'cable_haul_road'_(aff._hypolaena)_3639,289
eucalyptus_sp._'cable_haul_road'_(aff._hypolaena)_6956,289
eucalyptus_sp._'dartmoor'_(aff._myriadena)_5585,568
eucalyptus_sp._'dunbar_road'_(aff._urna)_5466,288
eucalyptus_sp._'esperance'_(aff._phenax)_3604,557
eucalyptus_sp._'esperance'_(aff._phenax)_3608,557
eucalyptus_sp._'esperance'_(aff._phenax)_3711,557
eucalyptus_olivina_3662,315
eucalyptus_rigidula_subsp._clancularia_4539,321
eucalyptus_olivina_6383,315
eucalyptus_omissa_505,316
eucalyptus_omissa_1079,316
eucalyptus_omissa_1392,316
eucalyptus_omissa_6945,316
eucalyptus_ecdysiastes_527,320
eucalyptus_ecdysiastes_2730,320
eucalyptus_rigidula_subsp._rigidula_3530,321
eucalyptus_rigidula_subsp._rigidula_5578,321
eucalyptus_horistes_2790,320
eucalyptus_horistes_6951,320
eucalyptus_sp._'lake_magenta'_(aff._captiosa)_5509,593
eucalyptus_sp._'lake_magenta'_(aff._captiosa)_6025,593
eucalyptus_sp._'little_sandy_desert'_(aff._oldfieldii)_4284,259
eucalyptus_sp._'little_sandy_desert'_(aff._oldfieldii)_4289,259
eucalyptus_sp._'little_sandy_desert'_(aff._oldfieldii)_4704,259
eucalyptus_sinuensis_1081,319
eucalyptus_efflorescens_3486,316
eucalyptus_efflorescens_5033,316
eucalyptus_plumula_522,327
eucalyptus_plumula_6931,327
eucalyptus_sp._'port_moresby'_(aff._platyphylla)_13400,341
eucalyptus_sp._'queen_victoria_spring'_(aff._ceratocorys)_6943,578
eucalyptus_sp._'south_newdegate_lakes'_(aff._gracilis)_1861,584
eucalyptus_sp._'south_newdegate_lakes'_(aff._gracilis)_6021,584
eucalyptus_sp._'southern_wheatbelt'_(aff._leptocalyx)_1105,588
eucalyptus_sp._'southern_wheatbelt'_(aff._leptocalyx)_3713,588
eucalyptus_sp._'southern_wheatbelt'_(aff._leptocalyx)_5507,588
eucalyptus_lunata_3436,320
eucalyptus_lunata_3742,320
eucalyptus_lunata_5503,320
eucalyptus_lunata_5518,320
eucalyptus_dissimulata_subsp._plauta_3897,311
eucalyptus_aff._horistes_4553,311
eucalyptus_sp._north_balladonia_(aff._sheathiana)_2795,567
eucalyptus_sp._north_balladonia_(aff._sheathiana)_3620,567
eucalyptus_sp._north_balladonia_(aff._sheathiana)_3625,567
eucalyptus_sparsa_427,459
eucalyptus_sparsa_2684,459
eucalyptus_sparsifolia_629,201
eucalyptus_sparsifolia_7360,201
eucalyptus_sparsifolia_(e._ralla)_614,201
eucalyptus_sparsifolia_(e._ralla)_7361,201
eucalyptus_spathulata_subsp._salina_3435,641
eucalyptus_spathulata_subsp._salina_3806,641
eucalyptus_spathulata_subsp._spathulata_234,641
eucalyptus_spathulata_subsp._spathulata_4421,641
eucalyptus_spectatrix_1751,191
eucalyptus_sphaerocarpa_704,152
eucalyptus_splendens_1722,405
eucalyptus_sporadica_204,631
eucalyptus_sporadica_1122,631
eucalyptus_sporadica_2248,631
eucalyptus_spreta_122,561
eucalyptus_spreta_3634,561
eucalyptus_spreta_3898,561
eucalyptus_spreta_-_e._vittata_intergrade_(e._redimulicifera)_551,561
eucalyptus_squamosa_2072,232
eucalyptus_staeri_1133,129
eucalyptus_staigeriana_2520,507
eucalyptus_steedmanii_317,635
eucalyptus_steedmanii_4668,635
eucalyptus_stellulata_582,194
eucalyptus_stellulata_(e._forresterae)_7382,194
eucalyptus_stenostoma_2900,164
eucalyptus_stoatei_181,594
eucalyptus_stowardii_281,680
eucalyptus_striaticalyx_1548,563
eucalyptus_striaticalyx_5592,563
eucalyptus_stricklandii_344,676
eucalyptus_stricklandii_3646,676
eucalyptus_stricta_607,191
eucalyptus_stricta_3208,191
eucalyptus_stricta_5252,191
eucalyptus_strzeleckii_1725,412
eucalyptus_strzeleckii_1731,412
eucalyptus_sturgissiana_1757,438
eucalyptus_subangusta_subsp._cerina_301,615
eucalyptus_subangusta_subsp._pusilla_278,615
eucalyptus_subangusta_subsp._pusilla_3497,615
eucalyptus_subangusta_subsp._subangusta_290,615
eucalyptus_subangusta_subsp._virescens_3451,615
eucalyptus_subcaerulea_2928,213
eucalyptus_subcaerulea_2929,213
eucalyptus_subcrenulata_1962,377
eucalyptus_subcrenulata_1970,377
eucalyptus_subcrenulata_1977,377
eucalyptus_subcrenulata_7398,377
eucalyptus_suberea_3520,120
eucalyptus_subtilis_140,645
eucalyptus_subtilis_187,645
eucalyptus_subtilis_3715,645
eucalyptus_suffulgens_694,463
eucalyptus_suffulgens_1267,463
eucalyptus_suggrandis_subsp._promiscua_311,633
eucalyptus_suggrandis_subsp._promiscua_3721,633
eucalyptus_suggrandis_subsp._promiscua_3814,633
eucalyptus_suggrandis_subsp._promiscua_4425,633
eucalyptus_suggrandis_subsp._suggrandis_197,633
eucalyptus_suggrandis_subsp._suggrandis_1128,633
eucalyptus_suggrandis_subsp._suggrandis_3583,633
eucalyptus_suggrandis_subsp._suggrandis_4435,633
eucalyptus_sweedmaniana_5487,235
eucalyptus_synandra_297,255
eucalyptus_synandra_5588,255
eucalyptus_talyuberlup_228,665
eucalyptus_talyuberlup_4804,665
eucalyptus_tardecidens_2521,665
eucalyptus_taurina_2106,501
eucalyptus_tenella_763,207
eucalyptus_tenera_310,637
eucalyptus_tenera_2228,637
eucalyptus_tenera_3590,637
eucalyptus_tenera_238,637
eucalyptus_tenera_(e._depauperata)_5053,629
eucalyptus_tenuipes_693,118
eucalyptus_tenuipes_6473,118
eucalyptus_tenuipes_6475,118
eucalyptus_tenuiramis_1976,159
eucalyptus_tenuiramis_6721,159
eucalyptus_tenuis_326,570
eucalyptus_tephroclada_314,622
eucalyptus_terebra_117,687
eucalyptus_terebra_3607,687
eucalyptus_tereticornis_subsp._basaltica_2937,364
eucalyptus_tereticornis_subsp._mediana_1736,364
eucalyptus_tereticornis_subsp._rotunda_1272,364
eucalyptus_tereticornis_subsp._tereticornis_713,364
eucalyptus_tereticornis_subsp._tereticornis_13398,364
eucalyptus_tereticornis_subsp._tereticornis_13661,364
eucalyptus_terrica_6173,367
eucalyptus_tetrapleura_1242,468
eucalyptus_tetraptera_180,235
eucalyptus_tetraptera_6015,235
eucalyptus_tetraptera_6349,235
eucalyptus_tetrodonta_1918,98
eucalyptus_thamnoides_3454,667
eucalyptus_thamnoides_3559,667
eucalyptus_tholiformis_1275,501
eucalyptus_tholiformis_1279,501
eucalyptus_thozetiana_1281,495
eucalyptus_tindaliae_1243,161
eucalyptus_tindaliae_(curta_variant)_2109,161
eucalyptus_tindaliae_(curta_variant)_6801,161
eucalyptus_todtiana_247,124
eucalyptus_todtiana_3763,124
eucalyptus_todtiana_5075,124
eucalyptus_torquata_135,559
eucalyptus_tortilis_130,668
eucalyptus_transcontinentalis_550,602
eucalyptus_tricarpa_1727,539
eucalyptus_tricarpa_6784,539
eucalyptus_tricarpa_(subsp._decora)_6105,539
eucalyptus_triflora_2904,172
eucalyptus_triflora_6303,172
eucalyptus_trivalva_529,675
eucalyptus_trivalva_5936,675
eucalyptus_trivalva_(pruinose_form)_1534,675
eucalyptus_tumida_159,684
eucalyptus_ultima_1182,276
eucalyptus_ultima_2202,276
eucalyptus_umbra_2912,147
eucalyptus_umbrawarrensis_2458,518
eucalyptus_connexa_162,323
eucalyptus_connexa_1089,323
eucalyptus_uncinata_subsp._crassifolia_3575,323
eucalyptus_uncinata_subsp._uncinata_195,323
eucalyptus_uncinata_subsp._uncinata_3453,323
eucalyptus_uncinata_subsp._uncinata_5992,323
eucalyptus_urna_1087,288
eucalyptus_urna_1817,288
eucalyptus_urna_1838,288
eucalyptus_urna_1851,288
eucalyptus_urnigera_1981,444
eucalyptus_urnigera_7410,444
eucalyptus_utilis_215,662
eucalyptus_utilis_3705,662
eucalyptus_utilis_5493,662
eucalyptus_utilis_4589,662
eucalyptus_valens_158,565
eucalyptus_varia_163,654
eucalyptus_varia_(subsp._salsuginosa)_167,654
eucalyptus_vegrandis_subsp._recondita_1621,648
eucalyptus_vegrandis_subsp._recondita_1883,648
eucalyptus_vegrandis_subsp._vegrandis_201,648
eucalyptus_vegrandis_subsp._vegrandis_207,648
eucalyptus_vegrandis_subsp._vegrandis_3563,648
eucalyptus_vernicosa_2577,427
eucalyptus_vernicosa_7403,427
eucalyptus_verrucata_357,166
eucalyptus_verrucata_455,166
eucalyptus_verrucata_3787,166
eucalyptus_vesiculosa_3565,657
eucalyptus_vicina_728,372
eucalyptus_vicina_6147,372
eucalyptus_vicina_(mootwingie_variant)_2964,372
eucalyptus_vicina_(mootwingie_variant)_6502,372
eucalyptus_victoriana_358,165
eucalyptus_victoriana_3786,165
eucalyptus_victoriana_6093,165
eucalyptus_victrix_1178,462
eucalyptus_victrix_2436,462
eucalyptus_victrix_5568,462
eucalyptus_viminalis_subsp._cygnetensis_941,443
eucalyptus_viminalis_subsp._cygnetensis_5907,443
eucalyptus_viminalis_subsp._cygnetensis_(subsp._siliciana)_6108,443
eucalyptus_viminalis_subsp._hentyensis_1969,443
eucalyptus_viminalis_subsp._hentyensis_7425,443
eucalyptus_viminalis_subsp._pryoriana_1740,443
eucalyptus_viminalis_subsp._pryoriana_7235,443
eucalyptus_viminalis_subsp._viminalis_1724,443
eucalyptus_viminalis_subsp._viminalis_6158,443
eucalyptus_viminalis_subsp._viminalis_Evimvim_1,443
eucalyptus_virella_286,580
eucalyptus_virella_1116,580
eucalyptus_virens_2116,485
eucalyptus_virginea_4635,237
eucalyptus_virginea_5536,237
eucalyptus_viridis_729,503
eucalyptus_viridis_6176,503
eucalyptus_vittata_3474,567
eucalyptus_vittata_3667,567
eucalyptus_vittata_3830,567
eucalyptus_vokesensis_1502,293
eucalyptus_vokesensis_2619,293
eucalyptus_volcanica_648,395
eucalyptus_volcanica_6157,395
eucalyptus_volcanica_6231,395
eucalyptus_wandoo_subsp._pulverea_285,325
eucalyptus_wandoo_subsp._wandoo_230,325
eucalyptus_wandoo_subsp._wandoo_3447,325
eucalyptus_whitei_2536,647
eucalyptus_wilcoxii_1768,430
eucalyptus_williamsiana_660,212
eucalyptus_willisii_7233,179
eucalyptus_wimmerensis_1590,533
eucalyptus_wimmerensis_(e._walshii)_6866,533
eucalyptus_woodwardii_340,617
eucalyptus_woodwardii_2300,617
eucalyptus_woollsiana_(e._pilligaensis)_681,530
eucalyptus_wubinensis_3498,674
eucalyptus_wyolensis_112,294
eucalyptus_wyolensis_2633,294
eucalyptus_x_abdita_(arachnaea_x_e._redunca)_251,696
eucalyptus_x_balanites_(e._decipiens_x_e._lane-poolei)_4440,264
eucalyptus_x_balanopelex_(e._kessellii_x_e._semiglobosa)_169,266
eucalyptus_x_brachyphylla_(loxophleba_x_e._kruseana)_338,683
eucalyptus_x_impensa_(e._macrocarpa_x_e._pyriformis)_264,250
eucalyptus_x_impensa_(e._macrocarpa_x_e._pyriformis)_3771,250
eucalyptus_x_lateritica_(e._suberea_x_e._todtiana)_259,121
eucalyptus_x_lateritica_(e._suberea_x_e._todtiana)_3521,121
eucalyptus_x_pruiniramis_(e._accedens_x_e._loxophleba)_284,681
eucalyptus_xanthonema_202,669
eucalyptus_xanthonema_(subsp._apposita)_232,669
eucalyptus_xanthonema_(subsp._apposita)_5062,669
eucalyptus_xerothermica_541,464
eucalyptus_xerothermica_1183,464
eucalyptus_xerothermica_1187,464
eucalyptus_yalatensis_950,298
eucalyptus_yalatensis_2129,298
eucalyptus_yalatensis_6000,298
eucalyptus_yalatensis_2142,298
eucalyptus_yarraensis_1728,401
eucalyptus_yilgarnensis_1566,583
eucalyptus_yilgarnensis_6926,583
eucalyptus_youmanii_654,219
eucalyptus_youmanii_(e._subtilior)_676,219
eucalyptus_youngiana_523,246
eucalyptus_youngiana_5938,246
eucalyptus_youngiana_4542,246
eucalyptus_youngiana_(glaucous_form)_1535,246
eucalyptus_yumbarrana_1078,302
eucalyptus_yumbarrana_1808,302
eucalyptus_zopherophloia_267,672
