Taxon thornhill(AC-VPM) this is the name that will match with the phylogeny in thornhill,thornhill_bionomial_tip_match,UniqueID
Angophora costata subsp. costata,angophora costata,2073
Angophora costata subsp. costata,angophora costata,6796
Angophora costata subsp. euryphylla,angophora costata,2082
Angophora costata subsp. euryphylla,angophora costata,3206
Angophora floribunda,angophora floribunda,2551
Angophora hispida,angophora hispida,6746
Angophora hispida,angophora hispida,Ahisp_1
Angophora inopina,angophora inopina,6258
NA,angophora costata,2103
Angophora melanoxylon,angophora melanoxylon,2552
Angophora subvelutina,angophora subvelutina,3204
Corymbia abbreviata,corymbia abbreviata,1932
Corymbia abergiana,corymbia abergiana,1303
NA,corymbia arenaria,2484
Corymbia aureola,corymbia aureola,2542
Corymbia bella,corymbia bella,4204
Corymbia bleeseri,corymbia bleeseri,1923
Corymbia bloxsomei,corymbia bloxsomei,687
Corymbia brachycarpa,corymbia brachycarpa,2534
Corymbia brachycarpa,corymbia brachycarpa,5141
Corymbia bunites,corymbia bunites,711
Corymbia cadophora subsp. cadophora,corymbia cadophora,1905
Corymbia cadophora subsp. pliantha,corymbia cadophora,1929
Corymbia cadophora subsp. polychroma ,corymbia cadophora,5858
Corymbia calophylla,corymbia calophylla,229
Corymbia calophylla,corymbia calophylla,1160
Corymbia calophylla,corymbia calophylla,3421
Corymbia calophylla,corymbia calophylla,6707
NA,corymbia aspera,7230
NA,corymbia dichromophloia,1335
NA,corymbia dichromophloia,4192
NA,corymbia papillosa,2474
Corymbia chippendalei,corymbia chippendalei,2695
Corymbia chippendalei,corymbia chippendalei,4264
Corymbia chippendalei,corymbia chippendalei,4288
NA,corymbia haematoxylon,2213
NA,corymbia haematoxylon,5076
NA,corymbia haematoxylon,7227
Corymbia citriodora,corymbia citriodora,702
NA,corymbia brachycarpa,2541
Corymbia clarksoniana,corymbia clarksoniana,2511
NA,corymbia erythrophloia,1940
NA,corymbia erythrophloia,5851
Corymbia collina,corymbia collina,1915
Corymbia greeniana,corymbia greeniana,1900
Corymbia greeniana,corymbia greeniana,1906
Corymbia deserticola subsp. deserticola,corymbia deserticola,542
Corymbia deserticola subsp. deserticola,corymbia deserticola,4267
Corymbia deserticola subsp. deserticola,corymbia deserticola,5750
Corymbia deserticola subsp. mesogeotica,corymbia deserticola,2439
NA,corymbia dichromophloia,2463
NA,corymbia dichromophloia,1928
Corymbia dimorpha,corymbia dimorpha,2528
Corymbia clarksoniana,corymbia clarksoniana,2550
NA,corymbia dichromophloia,1907
Corymbia ellipsoidea,corymbia ellipsoidea,5112
Corymbia eremaea subsp. eremaea,corymbia eremaea,1210
Corymbia eremaea subsp. eremaea,corymbia eremaea,1708
NA,corymbia eremaea,1208
Corymbia erythrophloia,corymbia erythrophloia,2530
Corymbia eximia,corymbia eximia,632
Corymbia ferriticola,corymbia ferriticola,2752
Corymbia ferruginea subsp. ferruginea,corymbia ferruginea,2466
Corymbia ferruginea subsp. stypophylla,corymbia ferruginea,1336
Corymbia ferruginea subsp. stypophylla,corymbia ferruginea,2443
Corymbia ficifolia,corymbia ficifolia,1138
Corymbia ficifolia,corymbia ficifolia,3761
Corymbia ficifolia,corymbia ficifolia,5523
Corymbia foelscheana,corymbia foelscheana,2470
Corymbia grandifolia subsp. lamprocardia,corymbia grandifolia,2461
Corymbia grandifolia subsp. longa,corymbia grandifolia,4215
Corymbia gummifera,corymbia gummifera,1228
Corymbia haematoxylon,corymbia haematoxylon,1147
Corymbia hamersleyana,corymbia hamersleyana,1190
Corymbia hamersleyana,corymbia hamersleyana,4260
Corymbia hendersonii,corymbia hendersonii,701
Corymbia intermedia,corymbia intermedia,708
Corymbia jacobsiana,corymbia jacobsiana,2464
Corymbia latifolia,corymbia latifolia,1922
Corymbia leichhardtii,corymbia leichhardtii,1277
Corymbia lenziana,corymbia lenziana,537
Corymbia lenziana,corymbia lenziana,5733
Corymbia leptoloma,corymbia leptoloma,1302
Corymbia ligans subsp. ligans,corymbia ligans,2527
Corymbia ligans subsp. ligans,corymbia ligans,2504
Corymbia maculata,corymbia maculata,1752
Corymbia henryi,corymbia henryi,1259
Corymbia henryi,corymbia henryi,2092
Corymbia nesophila,corymbia nesophila,1319
Corymbia nesophila,corymbia nesophila,2515
Corymbia novoguinensis,corymbia novoguinensis,16616
NA,corymbia dichromophloia,2479
Corymbia opaca,corymbia opaca,1196
Corymbia opaca,corymbia opaca,2434
Corymbia pachycarpa,corymbia pachycarpa,1939
Corymbia pachycarpa,corymbia pachycarpa,1198
Corymbia papillosa,corymbia papillosa,4207
Corymbia papillosa,corymbia papillosa,5806
Corymbia peltata,corymbia peltata,2505
Corymbia petalophylla,corymbia petalophylla,1262
Corymbia plena,corymbia plena,2535
NA,corymbia ellipsoidea,2497
Corymbia polycarpa,corymbia polycarpa,1902
Corymbia polycarpa,corymbia polycarpa,4197
Corymbia polysciada,corymbia polysciada,2457
Corymbia polysciada,corymbia polysciada,4218
Corymbia porrecta,corymbia porrecta,2471
Corymbia ptychocarpa subsp. aptycha,corymbia ptychocarpa,2476
Corymbia ptychocarpa subsp. ptychocarpa,corymbia ptychocarpa,1343
Corymbia ptychocarpa subsp. ptychocarpa,corymbia ptychocarpa,1912
Corymbia rhodops,corymbia rhodops,1306
Corymbia scabrida,corymbia scabrida,1278
NA,corymbia arenaria,2502
NA,corymbia setosa,1286
NA,corymbia setosa,2441
NA,corymbia pachycarpa,2437
Corymbia stockeri subsp. peninsularis,corymbia stockeri,1318
Corymbia stockeri subsp. peninsularis,corymbia stockeri,2513
Corymbia stockeri subsp. stockeri ,corymbia stockeri,2507
Corymbia stockeri subsp. stockeri ,corymbia stockeri,1290
Corymbia terminalis,corymbia terminalis,2120
Corymbia terminalis ,corymbia terminalis,2449
Corymbia terminalis ,corymbia terminalis,4175
Corymbia trachyphloia,corymbia trachyphloia,684
Corymbia trachyphloia,corymbia trachyphloia,2084
Corymbia trachyphloia subsp. trachyphloia,corymbia trachyphloia,714
Corymbia trachyphloia subsp. trachyphloia,corymbia trachyphloia,2110
Corymbia trachyphloia subsp. trachyphloia,corymbia trachyphloia,5128
NA,corymbia erythrophloia,2488
Corymbia citriodora,corymbia citriodora,1246
Corymbia citriodora,corymbia citriodora,721
Corymbia watsoniana subsp. capillata,corymbia watsoniana,2547
Corymbia watsoniana subsp. capillata,corymbia watsoniana,700
Corymbia watsoniana subsp. watsoniana,corymbia watsoniana,688
Corymbia xanthope,corymbia xanthope,2543
Corymbia zygophylla,corymbia zygophylla,1185
Eucalyptus absita,eucalyptus absita,1154
Eucalyptus acaciiformis,eucalyptus acaciiformis,657
Eucalyptus acaciiformis,eucalyptus acaciiformis,6217
Eucalyptus accedens,eucalyptus accedens,1164
Eucalyptus acies,eucalyptus acies,225
Eucalyptus acmenoides,eucalyptus acmenoides,2087
Eucalyptus acmenoides,eucalyptus acmenoides,6456
Eucalyptus acmenoides,eucalyptus acmenoides,1299
NA,eucalyptus decipiens,216
Eucalyptus communalis,eucalyptus decipiens,200
NA,eucalyptus viridis,2083
Eucalyptus castrensis,eucalyptus castrensis,5263
Eucalyptus aequioperta,eucalyptus aequioperta,3448
Eucalyptus aequioperta,eucalyptus aequioperta,4677
Eucalyptus aequioperta,eucalyptus aequioperta,5458
NA,eucalyptus pilbarensis,5200
Eucalyptus umbra,eucalyptus umbra,2934
eucalyptus agglomerata,eucalyptus agglomerata,1754
Eucalyptus aggregata,eucalyptus aggregata,1224
Eucalyptus aggregata,eucalyptus aggregata,7365
Eucalyptus cypellocarpa,eucalyptus cypellocarpa,356
Eucalyptus cypellocarpa,eucalyptus cypellocarpa,4745
NA,eucalyptus kingsmillii,7
NA,eucalyptus kingsmillii,1530
NA,eucalyptus alba,2475
NA,eucalyptus alba,4211
Eucalyptus albens,eucalyptus albens,1676
Eucalyptus albens,eucalyptus albens,2898
Eucalyptus albida,eucalyptus albida,2214
Eucalyptus albida,eucalyptus albida,3437
Eucalyptus albida,eucalyptus albida,3699
Eucalyptus albopurpurea,eucalyptus albopurpurea,942
Eucalyptus albopurpurea,eucalyptus albopurpurea,3180
Eucalyptus albopurpurea,eucalyptus albopurpurea,Ealb_1
Eucalyptus albopurpurea (atypical form),eucalyptus albopurpurea,825
Eucalyptus alipes,eucalyptus alipes,3675
Eucalyptus alipes,eucalyptus alipes,3678
Eucalyptus alipes,eucalyptus alipes,5480
Eucalyptus alligatrix,eucalyptus alligatrix,1774
Eucalyptus alligatrix,eucalyptus alligatrix,1773
Eucalyptus alligatrix subsp. miscella,eucalyptus alligatrix,776
NA,eucalyptus nudicaulis,1284
NA,eucalyptus nudicaulis,6497
Eucalyptus amplifolia subsp. amplifolia,eucalyptus amplifolia,604
Eucalyptus amplifolia subsp. sessiliflora,eucalyptus amplifolia,668
Eucalyptus amygdalina,eucalyptus amygdalina,1987
Eucalyptus amygdalina,eucalyptus amygdalina,6723
Eucalyptus ancophila,eucalyptus ancophila,646
Eucalyptus andrewsii subsp. andrewsii,eucalyptus andrewsii,670
Eucalyptus angophoroides,eucalyptus angophoroides,1745
Eucalyptus angulosa,eucalyptus angulosa,1136
Eucalyptus angulosa,eucalyptus angulosa,3706
Eucalyptus angulosa,eucalyptus angulosa,5983
Eucalyptus angulosa ,eucalyptus angulosa,3746
Eucalyptus angulosa ,eucalyptus angulosa,3554
Eucalyptus angulosa ,eucalyptus angulosa,939
Eucalyptus angulosa ,eucalyptus angulosa,5905
Eucalyptus angustissima,eucalyptus angustissima,150
Eucalyptus angustissima,eucalyptus angustissima,2264
Eucalyptus angustissima,eucalyptus angustissima,5996
NA,eucalyptus kessellii,6359
Eucalyptus annulata,eucalyptus annulata,206
Eucalyptus apiculata,eucalyptus apiculata,617
Eucalyptus apiculata,eucalyptus apiculata,772
NA,eucalyptus apodophylla,2456
Eucalyptus apothalassica,eucalyptus apothalassica,1263
NA,eucalyptus approximans,2090
Eucalyptus aquilina,eucalyptus aquilina,176
Eucalyptus aquilina ,eucalyptus aquilina,4604
Eucalyptus arachnaea subsp. arachnaea,eucalyptus arachnaeae,296
Eucalyptus arachneae subsp. arrecta,eucalyptus arachnaeae,2216
Eucalyptus arachneae subsp. arrecta,eucalyptus arachnaeae,5556
Eucalyptus arborella,eucalyptus arborella,1127
Eucalyptus arborella,eucalyptus arborella,4803
NA,eucalyptus aromaphloia,1800
"Eucalyptus aromaphloia 
subsp. aromaphloia",eucalyptus aromaphloia,4319
NA,eucalyptus gunnii,1990
NA,eucalyptus gunnii,7389
Eucalyptus arenacea,eucalyptus arenacea,1588
Eucalyptus argillacea,eucalyptus argillacea,4241
Eucalyptus argophloia,eucalyptus argophloia,686
Eucalyptus argutifolia,eucalyptus argutifolia,249
Eucalyptus argutifolia ,eucalyptus argutifolia,4626
NA,eucalyptus lucasii,1191
NA,eucalyptus lucasii,5766
NA,eucalyptus lucasii,5778
NA,eucalyptus erythronema,287
"Eucalyptus aromaphloia 
subsp. aromaphloia",eucalyptus aromaphloia,4313
"Eucalyptus aromaphloia 
subsp. aromaphloia",eucalyptus aromaphloia,355
Eucalyptus articulata,eucalyptus articulata,520
Eucalyptus aspersa,eucalyptus aspersa,1149
Eucalyptus aspersa,eucalyptus aspersa,1888
Eucalyptus aspersa,eucalyptus aspersa,1890
Eucalyptus aspratilis,eucalyptus aspratilis,328
Eucalyptus aspratilis,eucalyptus aspratilis,7001
Eucalyptus assimilans,eucalyptus assimilans,1826
Eucalyptus assimilans,eucalyptus assimilans,4551
Eucalyptus astringens subsp. astringens,eucalyptus astringens,3423
Eucalyptus astringens subsp. astringens,eucalyptus astringens,3438
Eucalyptus astringens subsp. astringens,eucalyptus astringens,3503
Eucalyptus astringens subsp. astringens,eucalyptus astringens,194
Eucalyptus astringens subsp. redacta,eucalyptus astringens,214
Eucalyptus astringens subsp. redacta,eucalyptus astringens,2243
Eucalyptus astringens subsp. redacta,eucalyptus astringens,3585
Eucalyptus atrata,eucalyptus atrata,1308
Eucalyptus miniata,eucalyptus miniata,1903
Eucalyptus miniata,eucalyptus miniata,4224
NA,eucalyptus arenacea,6104
Eucalyptus badjensis,eucalyptus badjensis,1767
Eucalyptus baeuerlenii,eucalyptus baeuerlenii,1227
Eucalyptus baeuerlenii,eucalyptus baeuerlenii,6263
Eucalyptus baeuerlenii,eucalyptus baeuerlenii,6312
Eucalyptus baileyana,eucalyptus baileyana,665
Eucalyptus baileyana,eucalyptus baileyana,2938
Eucalyptus baileyana,eucalyptus baileyana,6455
Eucalyptus baiophylla,eucalyptus baiophylla,1181
Eucalyptus bakeri,eucalyptus bakeri,1269
Eucalyptus bakeri,eucalyptus bakeri,6177
Eucalyptus balladoniensis subsp. balladoniensis,eucalyptus balladoniensis,118
Eucalyptus balladoniensis subsp. balladoniensis,eucalyptus balladoniensis,3602
Eucalyptus balladoniensis subsp. sedens,eucalyptus balladoniensis,347
Eucalyptus balladoniensis subsp. sedens,eucalyptus balladoniensis,2784
NA,eucalyptus disclusa,1241
NA,eucalyptus goniocalyx,653
Eucalyptus barberi,eucalyptus barberi,1989
Eucalyptus barberi,eucalyptus barberi,7412
NA,eucalyptus ovularis,5577
NA,eucalyptus ovularis,5575
Eucalyptus baueriana,eucalyptus baueriana,1734
Eucalyptus baueriana,eucalyptus baueriana,7378
Eucalyptus baueriana,eucalyptus baueriana,6097
Eucalyptus baxteri,eucalyptus baxteri,815
Eucalyptus baxteri,eucalyptus baxteri,7234
Eucalyptus beaniana,eucalyptus beaniana,6472
Eucalyptus beardiana,eucalyptus beardiana,2208
Eucalyptus beardiana ,eucalyptus beardiana,5708
Eucalyptus behriana,eucalyptus behriana,783
Eucalyptus behriana,eucalyptus behriana,2065
Eucalyptus behriana,eucalyptus behriana,3183
Eucalyptus behriana,eucalyptus behriana,5285
Eucalyptus behriana,eucalyptus behriana,5915
Eucalyptus bensonii,eucalyptus bensonii,773
Eucalyptus benthamii,eucalyptus benthamii,3203
Eucalyptus beyeriana,eucalyptus beyeriana,1761
NA,eucalyptus globulus,468
NA,eucalyptus globulus,3212
NA,eucalyptus deglupta,19492
NA,eucalyptus deglupta,21163
NA,eucalyptus pellita,2518
NA,eucalyptus pellita,6438
Eucalyptus blakelyi,eucalyptus blakelyi,722
Eucalyptus blakelyi ,eucalyptus blakelyi,3796
Eucalyptus blaxellii,eucalyptus blaxellii,272
Eucalyptus blaxlandii,eucalyptus blaxlandii,1225
Eucalyptus blaxlandii,eucalyptus blaxlandii,2916
Eucalyptus blaxlandii,eucalyptus blaxlandii,5872
Eucalyptus blaxlandii,eucalyptus blaxlandii,6284
Eucalyptus boliviana,eucalyptus boliviana,6197
Eucalyptus bosistoana,eucalyptus bosistoana,1733
Eucalyptus bosistoana,eucalyptus bosistoana,2902
Eucalyptus botryoides,eucalyptus botryoides,1739
Eucalyptus botryoides,eucalyptus botryoides,6307
Eucalyptus brachyandra,eucalyptus brachyandra,4223
Eucalyptus brachycalyx,eucalyptus brachycalyx,1072
NA,eucalyptus brachycalyx,5966
Eucalyptus brachycalyx,eucalyptus brachycalyx,553
Eucalyptus brachycalyx,eucalyptus brachycalyx,2245
Eucalyptus brachycalyx,eucalyptus brachycalyx,2801
NA,eucalyptus tetraptera,5514
Eucalyptus brassiana,eucalyptus brassiana,1316
Eucalyptus brassiana,eucalyptus brassiana,2512
Eucalyptus brevifolia,eucalyptus brevifolia,1936
Eucalyptus brevifolia,eucalyptus brevifolia,4220
Eucalyptus brevifolia,eucalyptus brevifolia,6640
Eucalyptus brevipes,eucalyptus brevipes,299
Eucalyptus brevistylis,eucalyptus brevistylis,1141
Eucalyptus bridgesiana,eucalyptus bridgesiana,570
Eucalyptus bridgesiana,eucalyptus bridgesiana,5271
Eucalyptus bridgesiana,eucalyptus bridgesiana,760
Eucalyptus bridgesiana,eucalyptus bridgesiana,2950
Eucalyptus brockwayi,eucalyptus brockwayi,136
Eucalyptus brockwayi,eucalyptus brockwayi,2166
Eucalyptus brockwayi,eucalyptus brockwayi,2168
"Eucalyptus brookeriana 
subsp. brookeriana",eucalyptus brookeriana,1988
"Eucalyptus brookeriana 
subsp. brookeriana",eucalyptus brookeriana,1965
"Eucalyptus brookeriana 
subsp. brookeriana",eucalyptus brookeriana,1967
"Eucalyptus brookeriana 
subsp. brookeriana",eucalyptus brookeriana,4513
NA,eucalyptus hallii,6478
NA,eucalyptus populnea,1293
Eucalyptus brunnea,eucalyptus brunnea,669
Eucalyptus buprestium,eucalyptus buprestium,223
Eucalyptus buprestium,eucalyptus buprestium,6703
Eucalyptus burdettiana,eucalyptus burdettiana,2246
Eucalyptus burracoppinensis,eucalyptus burracoppinensis,306
Eucalyptus cadens,eucalyptus cadens,1772
Eucalyptus caesia subsp. caesia,eucalyptus caesia,5542
Eucalyptus caesia subsp. caesia,eucalyptus caesia,3813
Eucalyptus caesia subsp. caesia,eucalyptus caesia,5550
Eucalyptus caesia subsp. caesia,eucalyptus caesia,6026
"Eucalyptus caesia 
subsp. caesia
",eucalyptus caesia,308
"Eucalyptus caesia 
subsp. caesia
",eucalyptus caesia,3679
"Eucalyptus caesia 
subsp. caesia
",eucalyptus caesia,3683
"Eucalyptus caesia 
subsp. caesia
",eucalyptus caesia,5612
"Eucalyptus caesia 
subsp. caesia
",eucalyptus caesia,6682
Eucalyptus caesia subsp. magna,eucalyptus caesia,304
Eucalyptus caesia subsp. magna,eucalyptus caesia,5455
Eucalyptus caesia subsp. magna,eucalyptus caesia,5610
NA,eucalyptus viridis,1691
NA,eucalyptus viridis,5281
NA,eucalyptus viridis,5929
Eucalyptus calcareana,eucalyptus calcareana,60
Eucalyptus calcareana,eucalyptus calcareana,103
Eucalyptus calcareana,eucalyptus calcareana,1074
Eucalyptus calcareana,eucalyptus calcareana,2587
Eucalyptus calcareana ,eucalyptus calcareana,2800
Eucalyptus calcicola subsp. calcicola,eucalyptus calcicola,1674
Eucalyptus calcicola subsp. unita,eucalyptus calcicola,1669
Eucalyptus calcicola subsp. unita,eucalyptus calcicola,1878
Eucalyptus calcicola subsp. unita,eucalyptus calcicola,3753
Eucalyptus calcicola subsp. unita,eucalyptus calcicola,3757
Eucalyptus calcicola subsp. unita,eucalyptus calcicola,3978
Eucalyptus caleyi subsp. caleyi,eucalyptus caleyi,746
NA,eucalyptus caleyi,2102
Eucalyptus caleyi subsp. ovendenii,eucalyptus caleyi,2930
Eucalyptus caliginosa,eucalyptus caliginosa,1249
Eucalyptus caliginosa,eucalyptus caliginosa,2943
Eucalyptus calycogona subsp. calycogona,eucalyptus calycogona,1112
Eucalyptus calycogona subsp. calycogona,eucalyptus calycogona,3177
Eucalyptus calycogona subsp. calycogona,eucalyptus calycogona,3829
Eucalyptus calycogona subsp. calycogona,eucalyptus calycogona,4558
Eucalyptus calycogona subsp. miraculum,eucalyptus calycogona,4786
Eucalyptus calycogona subsp. miraculum,eucalyptus calycogona,4794
Eucalyptus calycogona subsp. spaffordii,eucalyptus calycogona,949
Eucalyptus calycogona subsp. trachybasis,eucalyptus calycogona,732
Eucalyptus calycogona subsp. trachybasis,eucalyptus calycogona,2896
Eucalyptus camaldulensis subsp. acuta,eucalyptus camaldulensis,2553
Eucalyptus camaldulensis subsp. arida,eucalyptus camaldulensis,1206
Eucalyptus camaldulensis subsp. arida,eucalyptus camaldulensis,2555
Eucalyptus camaldulensis subsp. arida,eucalyptus camaldulensis,3523
Eucalyptus camaldulensis subsp. arida,eucalyptus camaldulensis,4177
Eucalyptus camaldulensis subsp. arida,eucalyptus camaldulensis,5077
Eucalyptus camaldulensis subsp. arida,eucalyptus camaldulensis,5571
Eucalyptus camaldulensis subsp. camaldulensis,eucalyptus camaldulensis,823
Eucalyptus camaldulensis subsp. camaldulensis,eucalyptus camaldulensis,4733
Eucalyptus camaldulensis subsp. camaldulensis,eucalyptus camaldulensis,5156
Eucalyptus camaldulensis subsp. minima,eucalyptus camaldulensis,5233
Eucalyptus camaldulensis subsp. minima,eucalyptus camaldulensis,5279
Eucalyptus camaldulensis subsp. minima,eucalyptus camaldulensis,6136
Eucalyptus camaldulensis subsp. minima,eucalyptus camaldulensis,6389
Eucalyptus camaldulensis subsp. obtusa,eucalyptus camaldulensis,2489
Eucalyptus camaldulensis subsp. obtusa,eucalyptus camaldulensis,4231
Eucalyptus camaldulensis subsp. refulgens,eucalyptus camaldulensis,4258
Eucalyptus camaldulensis subsp. refulgens,eucalyptus camaldulensis,5747
Eucalyptus camaldulensis subsp. simulata,eucalyptus camaldulensis,1314
NA,eucalyptus largeana,697
NA,eucalyptus mckieana,662
NA,eucalyptus mckieana,709
NA,eucalyptus bensonii,2077
NA,eucalyptus bensonii,6794
NA,eucalyptus andrewsii,1248
NA,eucalyptus andrewsii,2546
Eucalyptus campaspe,eucalyptus campaspe,332
Eucalyptus campaspe,eucalyptus campaspe,2174
Eucalyptus campaspe,eucalyptus campaspe,5660
Eucalyptus camphora subsp. camphora,eucalyptus camphora,762
Eucalyptus camphora subsp. camphora,eucalyptus camphora,616
Eucalyptus camphora subsp. humeana,eucalyptus camphora,576
Eucalyptus camphora subsp. humeana,eucalyptus camphora,6333
NA,eucalyptus camphora,6782
Eucalyptus camphora subsp. relicta,eucalyptus camphora,5024
Eucalyptus camphora subsp. relicta,eucalyptus camphora,6219
Eucalyptus canaliculata,eucalyptus canaliculata,1232
Eucalyptus canescens subsp. beadellii,eucalyptus canescens,1506
Eucalyptus canescens subsp. canescens,eucalyptus canescens,487
Eucalyptus canobolensis,eucalyptus canobolensis,1222
Eucalyptus capillosa,eucalyptus capillosa,300
Eucalyptus capillosa,eucalyptus capillosa,2192
Eucalyptus capillosa,eucalyptus capillosa,533
Eucalyptus capillosa,eucalyptus capillosa,2722
Eucalyptus capillosa,eucalyptus capillosa,241
NA,eucalyptus angulosa,1076
Eucalyptus capitellata,eucalyptus capitellata,640
Eucalyptus capitellata,eucalyptus capitellata,5262
Eucalyptus captiosa ,eucalyptus captiosa,203
Eucalyptus carnea,eucalyptus carnea,1236
Eucalyptus carnea ,eucalyptus carnea,2925
Eucalyptus carnei,eucalyptus carnei,547
Eucalyptus carnei,eucalyptus carnei,4302
Eucalyptus celastroides,eucalyptus celastroides,132
Eucalyptus cephalocarpa,eucalyptus cephalocarpa,1730
Eucalyptus ceracea,eucalyptus ceracea,1926
Eucalyptus cerasiformis,eucalyptus cerasiformis,329
Eucalyptus ceratocorys,eucalyptus ceratocorys,2232
Eucalyptus cernua,eucalyptus cernua,182
Eucalyptus cernua,eucalyptus cernua,3574
NA,eucalyptus dalrympleana,577
NA,eucalyptus dalrympleana,7387
Eucalyptus chartaboma,eucalyptus chartaboma,2509
Eucalyptus chartaboma,eucalyptus chartaboma,5143
NA,eucalyptus glaucina,675
NA,eucalyptus glaucina,1255
NA,eucalyptus glaucina,6148
NA,eucalyptus glaucina,6464
NA,eucalyptus glaucina,6806
Eucalyptus chlorophylla,eucalyptus chlorophylla,1315
Eucalyptus chlorophylla,eucalyptus chlorophylla,1334
Eucalyptus cinerea subsp. cinerea,eucalyptus cinerea,3211
Eucalyptus cinerea subsp. cinerea,eucalyptus cinerea,6277
Eucalyptus cinerea subsp. triplex,eucalyptus cinerea,569
Eucalyptus cladocalyx subsp. cladocalyx,eucalyptus cladocalyx,3182
Eucalyptus cladocalyx subsp. crassa,eucalyptus cladocalyx,1053
Eucalyptus cladocalyx subsp. petila,eucalyptus cladocalyx,2569
Eucalyptus clelandii,eucalyptus clelandii,333
Eucalyptus clelandii,eucalyptus clelandii,7295
Eucalyptus clivicola,eucalyptus clivicola,193
Eucalyptus clivicola,eucalyptus clivicola,3779
Eucalyptus cloeziana,eucalyptus cloeziana,696
Eucalyptus cneorifolia,eucalyptus cneorifolia,75
Eucalyptus coccifera,eucalyptus coccifera,1961
Eucalyptus coccifera,eucalyptus coccifera,7390
"Eucalyptus approximans 
subsp. codonocarpa",eucalyptus approximans,673
"Eucalyptus approximans 
subsp. codonocarpa",eucalyptus approximans,2097
"Eucalyptus approximans 
subsp. codonocarpa",eucalyptus approximans,5025
Eucalyptus comitae-vallis,eucalyptus comitae-vallis,1897
Eucalyptus comitae-vallis,eucalyptus comitae-vallis,2767
Eucalyptus concinna,eucalyptus concinna,1391
Eucalyptus concinna,eucalyptus concinna,7307
Eucalyptus concinna,eucalyptus concinna,2631
Eucalyptus concinna,eucalyptus concinna,2715
NA,eucalyptus conferruminata,1639
NA,eucalyptus conferruminata,6370
NA,eucalyptus conferruminata,3570
NA,eucalyptus conferruminata,4805
Eucalyptus conferruminata subsp. recherche ,eucalyptus conferruminata,4585
Eucalyptus conferruminata subsp. recherche ,eucalyptus conferruminata,4588
Eucalyptus conferruminata subsp. recherche ,eucalyptus conferruminata,4611
Eucalyptus confluens,eucalyptus confluens,1908
Eucalyptus conglobata subsp. conglobata,eucalyptus conglobata,559
Eucalyptus conglobata subsp. conglobata,eucalyptus conglobata,933
Eucalyptus conglobata subsp. conglobata,eucalyptus conglobata,938
Eucalyptus conglobata subsp. conglobata,eucalyptus conglobata,944
Eucalyptus conglobata subsp. conglobata,eucalyptus conglobata,1106
Eucalyptus conglobata subsp. conglobata,eucalyptus conglobata,3588
Eucalyptus conglobata subsp. conglobata,eucalyptus conglobata,6017
Eucalyptus conglomerata,eucalyptus conglomerata,719
Eucalyptus conica,eucalyptus conica,747
Eucalyptus consideniana,eucalyptus consideniana,611
Eucalyptus conspicua,eucalyptus conspicua,1747
Eucalyptus conspicua ,eucalyptus conspicua,4516
Eucalyptus conveniens,eucalyptus conveniens,1162
Eucalyptus conveniens,eucalyptus conveniens,3516
Eucalyptus coolabah,eucalyptus coolabah,1355
Eucalyptus coolabah,eucalyptus coolabah,2957
Eucalyptus coolabah (E. barklyensis),eucalyptus coolabah,4186
Eucalyptus cooperiana,eucalyptus cooperiana,168
Eucalyptus cooperiana,eucalyptus cooperiana,1813
Eucalyptus cordata subsp. cordata,eucalyptus cordata,1985
Eucalyptus cordata subsp. cordata,eucalyptus cordata,6726
Eucalyptus cordata subsp. quadrangulosa,eucalyptus cordata,1979
Eucalyptus cornuta,eucalyptus cornuta,173
Eucalyptus cornuta,eucalyptus cornuta,3748
Eucalyptus cornuta ,eucalyptus cornuta,4587
Eucalyptus cornuta ,eucalyptus cornuta,4597
Eucalyptus cornuta ,eucalyptus cornuta,4608
Eucalyptus coronata,eucalyptus coronata,2247
Eucalyptus corrugata,eucalyptus corrugata,305
Eucalyptus corrugata,eucalyptus corrugata,3483
Eucalyptus corticosa,eucalyptus corticosa,770
Eucalyptus corticosa,eucalyptus corticosa,6276
Eucalyptus corticosa,eucalyptus corticosa,6781
Eucalyptus corticosa,eucalyptus corticosa,1746
NA,eucalyptus melanoleuca,1264
Eucalyptus cosmophylla,eucalyptus cosmophylla,819
Eucalyptus cosmophylla,eucalyptus cosmophylla,7236
Eucalyptus crebra,eucalyptus crebra,6170
Eucalyptus crebra,eucalyptus crebra,6453
Eucalyptus crebra,eucalyptus crebra,6495
Eucalyptus crenulata,eucalyptus crenulata,1775
Eucalyptus creta,eucalyptus creta,1102
Eucalyptus creta,eucalyptus creta,3606
Eucalyptus cretata,eucalyptus cretata,1689
NA,eucalyptus cretata,5932
Eucalyptus croajingolensis,eucalyptus croajingolensis,1744
Eucalyptus crucis subsp. crucis,eucalyptus crucis,3681
Eucalyptus crucis subsp. lanceolata,eucalyptus crucis,303
Eucalyptus crucis subsp. lanceolata,eucalyptus crucis,5456
Eucalyptus crucis subsp. lanceolata,eucalyptus crucis,5603
Eucalyptus crucis subsp. praecipua,eucalyptus crucis,1561
Eucalyptus crucis subsp. praecipua,eucalyptus crucis,7318
NA,eucalyptus exilipes,1322
Eucalyptus cunninghamii,eucalyptus cunninghamii,626
Eucalyptus cunninghamii,eucalyptus cunninghamii,2915
Eucalyptus cunninghamii,eucalyptus cunninghamii,5868
Eucalyptus cuprea,eucalyptus cuprea,3536
Eucalyptus cupularis,eucalyptus cupularis,1938
Eucalyptus cupularis,eucalyptus cupularis,6641
Eucalyptus curtisii,eucalyptus curtisii,2108
Eucalyptus cyanophylla,eucalyptus cyanophylla,983
Eucalyptus cyclostoma,eucalyptus cyclostoma,125
Eucalyptus cylindriflora,eucalyptus cylindriflora,144
Eucalyptus cylindrocarpa,eucalyptus cylindrocarpa,121
Eucalyptus cylindrocarpa,eucalyptus cylindrocarpa,526
NA,eucalyptus cypellocarpa,6787
NA,eucalyptus cypellocarpa,6098
NA,eucalyptus cypellocarpa,6095
Eucalyptus cypellocarpa,eucalyptus cypellocarpa,2949
Eucalyptus cypellocarpa,eucalyptus quinniorum,2946
NA,eucalyptus dalrympleana,4867
NA,eucalyptus dalrympleana,6736
Eucalyptus dalrympleana subsp. dalrympleana,eucalyptus dalrympleana,579
Eucalyptus dalrympleana subsp. dalrympleana,eucalyptus dalrympleana,1363
Eucalyptus dalrympleana subsp. heptantha,eucalyptus dalrympleana,2941
Eucalyptus dalrympleana subsp. heptantha,eucalyptus dalrympleana,5022
NA,eucalyptus magnificata,1252
Eucalyptus dawsonii,eucalyptus dawsonii,743
Eucalyptus dealbata,eucalyptus dealbata,723
Eucalyptus dealbata,eucalyptus dealbata,724
Eucalyptus dealbata,eucalyptus dealbata,6171
Eucalyptus dealbata,eucalyptus dealbata,6242
Eucalyptus deanei,eucalyptus deanei,633
"Eucalyptus decipiens 
subsp. decipens",eucalyptus decipiens,227
"Eucalyptus decipiens 
subsp. decipens",eucalyptus decipiens,1153
"Eucalyptus decipiens 
subsp. decipens",eucalyptus decipiens,3700
Eucalyptus decolor,eucalyptus decolor,2545
Eucalyptus decorticans,eucalyptus decorticans,1260
Eucalyptus decurva,eucalyptus decurva,219
Eucalyptus decurva,eucalyptus decurva,3506
Eucalyptus deflexa,eucalyptus deflexa,1110
Eucalyptus deflexa,eucalyptus deflexa,4437
Eucalyptus deglupta,eucalyptus deglupta,19790
Eucalyptus deglupta,eucalyptus deglupta,19791
Eucalyptus delegatensis subsp. delegatensis,eucalyptus delegatensis,573
Eucalyptus delegatensis subsp. tasmaniensis,eucalyptus delegatensis,1971
Eucalyptus delegatensis subsp. tasmaniensis,eucalyptus delegatensis,7400
Eucalyptus delicata,eucalyptus delicata,149
Eucalyptus delicata,eucalyptus delicata,2262
NA,eucalyptus burgessiana,1758
NA,eucalyptus burgessiana,5869
"Eucalyptus densa 
subsp. densa",eucalyptus densa,1111
Eucalyptus denticulata,eucalyptus denticulata,1743
Eucalyptus desmondensis,eucalyptus desmondensis,192
Eucalyptus deuaensis,eucalyptus deuaensis,1769
Eucalyptus dielsii,eucalyptus dielsii,1120
Eucalyptus dielsii,eucalyptus dielsii,3596
Eucalyptus dielsii,eucalyptus dielsii,5472
Eucalyptus diminuta,eucalyptus diminuta,271
Eucalyptus diminuta,eucalyptus diminuta,1168
Eucalyptus diminuta,eucalyptus diminuta,3544
Eucalyptus diminuta,eucalyptus diminuta,5543
NA,eucalyptus diminuta,3697
Eucalyptus diptera,eucalyptus diptera,146
Eucalyptus disclusa,eucalyptus interstans,707
Eucalyptus plauta,eucalyptus discreta,1091
Eucalyptus plauta,eucalyptus discreta,3613
Eucalyptus plauta,eucalyptus discreta,5993
NA,eucalyptus uncinata,6350
Eucalyptus dissimulata,eucalyptus dissimulata,205
Eucalyptus dissimulata,eucalyptus dissimulata,1629
Eucalyptus dissimulata,eucalyptus dissimulata,3744
Eucalyptus dissimulata ,eucalyptus dissimulata,3567
Eucalyptus distans,eucalyptus distans,2452
Eucalyptus distans,eucalyptus distans,2500
Eucalyptus distuberosa subsp. aerata,eucalyptus distuberosa,3653
Eucalyptus distuberosa subsp. aerata,eucalyptus distuberosa,3657
Eucalyptus distuberosa subsp. distuberosa ,eucalyptus distuberosa,3480
Eucalyptus diversicolor,eucalyptus diversicolor,1142
Eucalyptus diversicolor,eucalyptus diversicolor,4629
Eucalyptus diversifolia subsp. diversifolia,eucalyptus diversifolia,792
Eucalyptus diversifolia subsp. diversifolia,eucalyptus diversifolia,1991
Eucalyptus diversifolia subsp. hesperia,eucalyptus diversifolia,1811
Eucalyptus dives,eucalyptus dives,572
Eucalyptus dives,eucalyptus dives,6099
Eucalyptus dives,eucalyptus dives,1760
Eucalyptus dolichocera,eucalyptus dolichocera,273
Eucalyptus dolichocera,eucalyptus dolichocera,3525
Eucalyptus dolichorhyncha,eucalyptus dolichorhyncha,152
Eucalyptus dorotoxylon,na,178
eucalyptus falcata,eucalyptus falcata,3725
NA,eucalyptus falcata,2237
NA,eucalyptus benthamii,6798
Eucalyptus creba,eucalyptus crebra,1317
Eucalyptus creba,eucalyptus crebra,2514
Eucalyptus creba,eucalyptus crebra,2532
Eucalyptus creba,eucalyptus crebra,5133
Eucalyptus creba,eucalyptus crebra,1294
Eucalyptus creba,eucalyptus crebra,2531
"Eucalyptus drummondii 
subsp. drummondii",eucalyptus drummondii,1156
"Eucalyptus drummondii 
subsp. drummondii",eucalyptus drummondii,1892
"Eucalyptus drummondii 
subsp. drummondii",eucalyptus drummondii,2212
"Eucalyptus drummondii 
subsp. drummondii",eucalyptus drummondii,3549
Eucalyptus dumosa,eucalyptus dumosa,93
Eucalyptus dumosa,eucalyptus dumosa,981
Eucalyptus dumosa,eucalyptus dumosa,2558
Eucalyptus dumosa,eucalyptus dumosa,5229
Eucalyptus dundasii,eucalyptus dundasii,129
Eucalyptus dundasii,eucalyptus dundasii,2175
Eucalyptus dunnii,eucalyptus dunnii,1257
Eucalyptus dura,eucalyptus dura,689
Eucalyptus dwyeri,eucalyptus dwyeri,751
Eucalyptus dwyeri,eucalyptus dwyeri,1369
Eucalyptus ebbanoensis subsp. ebbanoensis,eucalyptus ebbanoensis,293
Eucalyptus ebbanoensis subsp. glauciramula,eucalyptus ebbanoensis,2726
NA,eucalyptus ebbanoensis,270
NA,eucalyptus petrensis,198
NA,eucalyptus petrensis,5496
NA,eucalyptus petrensis,3564
NA,eucalyptus petrensis,2244
NA,eucalyptus petrensis,3568
NA,eucalyptus petrensis,3587
Eucalyptus educta,eucalyptus educta,335
Eucalyptus educta,eucalyptus educta,1562
Eucalyptus educta,eucalyptus educta,5600
Eucalyptus educta,eucalyptus educta,6921
Eucalyptus educta,eucalyptus educta,6928
Eucalyptus educta,eucalyptus educta,7300
Eucalyptus effusa subsp. effusa,eucalyptus effusa,127
Eucalyptus effusa subsp. effusa,eucalyptus effusa,3631
Eucalyptus effusa subsp. exsul,eucalyptus effusa,1540
Eucalyptus effusa subsp. exsul,eucalyptus effusa,1554
Eucalyptus elaeophloia,eucalyptus elaeophloia,586
Eucalyptus elaeophloia,eucalyptus elaeophloia,7379
Eucalyptus elata,eucalyptus elata,1742
Eucalyptus elata ,eucalyptus elata,4880
"Eucalyptus elata 
",eucalyptus elata,2901
NA,eucalyptus elata,6783
NA,eucalyptus tholiformis,680
Eucalyptus elliptica,eucalyptus elliptica,1367
Eucalyptus elliptica,eucalyptus elliptica,2948
Eucalyptus elliptica,eucalyptus elliptica,6228
Eucalyptus erectifolia,eucalyptus erectifolia,231
Eucalyptus erectifolia,eucalyptus erectifolia,1623
Eucalyptus eremicola subsp. eremicola,eucalyptus eremicola,1500
Eucalyptus eremicola subsp. eremicola,eucalyptus eremicola,2614
Eucalyptus eremicola subsp. peeneri,eucalyptus eremicola,1518
Eucalyptus eremicola subsp. peeneri,eucalyptus eremicola,1542
Eucalyptus eremophila,eucalyptus eremophila,345
Eucalyptus eremophila,eucalyptus eremophila,5046
Eucalyptus eremophila,eucalyptus eremophila,5994
Eucalyptus eremophila,eucalyptus eremophila,5976
NA,eucalyptus eugenioides,2118
Eucalyptus erythrocorys,eucalyptus erythrocorys,265
Eucalyptus erythrocorys,eucalyptus erythrocorys,5081
Eucalyptus erythrocorys,eucalyptus erythrocorys,5570
Eucalyptus erythronema subsp. erythronema,eucalyptus erythronema,3458
Eucalyptus erythronema subsp. inornata,eucalyptus erythronema,245
Eucalyptus erythronema subsp. inornata,eucalyptus erythronema,3685
"Eucalyptus eudesmioides 
subsp. eudesmioides",eucalyptus eudesmioides,2207
"Eucalyptus eudesmioides 
subsp. eudesmioides",eucalyptus eudesmioides,5740
"Eucalyptus eudesmioides 
subsp. eudesmioides",eucalyptus eudesmioides,279
Eucalyptus eugenioides,eucalyptus eugenioides,1235
Eucalyptus ewartiana,eucalyptus ewartiana,280
Eucalyptus ewartiana,eucalyptus ewartiana,2721
Eucalyptus exigua,eucalyptus exigua,322
Eucalyptus exigua,eucalyptus exigua,3676
Eucalyptus exilipes,eucalyptus exilipes,1289
Eucalyptus exilis,eucalyptus exilis,263
Eucalyptus exilis,eucalyptus exilis,3507
Eucalyptus exilis,eucalyptus exilis,5541
NA,eucalyptus eugenioides,5265
NA,eucalyptus eugenioides,5266
NA,eucalyptus nudicaulis,682
NA,eucalyptus nudicaulis,1261
NA,eucalyptus nudicaulis,2932
NA,eucalyptus nudicaulis,6168
NA,eucalyptus nudicaulis,6482
Eucalyptus extensa,eucalyptus extensa,145
Eucalyptus extensa,eucalyptus extensa,3467
Eucalyptus extensa,eucalyptus extensa,3739
Eucalyptus extrica,eucalyptus extrica,1092
eucalyptus falcata,eucalyptus falcata,1113
eucalyptus falcata,eucalyptus falcata,3433
NA,eucalyptus willisii,361
NA,eucalyptus willisii,6119
Eucalyptus farinosa,eucalyptus farinosa,5136
Eucalyptus fasciculosa,eucalyptus fasciculosa,1716
Eucalyptus fasciculosa,eucalyptus fasciculosa,6085
Eucalyptus fastigata,eucalyptus fastigata,596
Eucalyptus fergusonii subsp. dorsiventralis,eucalyptus paniculata,634
Eucalyptus fergusonii subsp. fergusonii,eucalyptus paniculata,643
Eucalyptus fergusonii subsp. fergusonii,eucalyptus paniculata,2918
"Eucalyptus fibrosa 
subsp. fibrosa
",eucalyptus fibrosa,666
Eucalyptus fibrosa subsp. fibrosa,eucalyptus fibrosa,2544
NA,eucalyptus histophylla,343
NA,eucalyptus histophylla,7285
Eucalyptus flindersii,eucalyptus flindersii,5230
Eucalyptus flindersii,eucalyptus flindersii,6387
Eucalyptus flindersii,eucalyptus flindersii,"Eflinder_1
"
Eucalyptus flocktoniae subsp. flocktoniae,eucalyptus flocktoniae,190
Eucalyptus flocktoniae subsp. flocktoniae,eucalyptus flocktoniae,1847
Eucalyptus flocktoniae subsp. flocktoniae,eucalyptus flocktoniae,1870
Eucalyptus flocktoniae subsp. flocktoniae,eucalyptus flocktoniae,2287
NA,eucalyptus flocktoniae,1881
Eucalyptus flocktoniae subsp. hebes,eucalyptus flocktoniae,1104
Eucalyptus flocktoniae subsp. hebes,eucalyptus flocktoniae,1828
Eucalyptus flocktoniae subsp. hebes,eucalyptus flocktoniae,3665
Eucalyptus foecunda,eucalyptus foecunda,1161
Eucalyptus foecunda,eucalyptus foecunda,7324
Eucalyptus foecunda,eucalyptus foecunda,1152
Eucalyptus foliosa,eucalyptus foliosa,161
Eucalyptus formanii,eucalyptus formanii,5672
Eucalyptus formanii,eucalyptus formanii,5684
Eucalyptus formanii,eucalyptus formanii,1567
Eucalyptus formanii,eucalyptus formanii,5693
Eucalyptus forrestiana,eucalyptus forrestiana,160
Eucalyptus forrestiana,eucalyptus forrestiana,6377
NA,eucalyptus tholiformis,2081
Eucalyptus fraseri subsp. fraseri,eucalyptus fraseri,116
Eucalyptus fraseri subsp. fraseri,eucalyptus fraseri,3619
Eucalyptus fraseri subsp. fraseri,eucalyptus fraseri,3880
Eucalyptus fraseri subsp. melanobasis,eucalyptus fraseri,128
Eucalyptus fraseri subsp. melanobasis,eucalyptus fraseri,3642
Eucalyptus fraxinoides,eucalyptus fraxinoides,595
Eucalyptus fraxinoides,eucalyptus fraxinoides,601
Eucalyptus fraxinoides,eucalyptus fraxinoides,7366
Eucalyptus frenchiana,eucalyptus frenchiana,2286
Eucalyptus frenchiana,eucalyptus frenchiana,3660
Eucalyptus froggattii,eucalyptus froggattii,453
Eucalyptus froggattii,eucalyptus froggattii,2583
Eucalyptus fruticosa,eucalyptus fruticosa,1177
Eucalyptus fruticosa,eucalyptus fruticosa,3532
Eucalyptus fruticosa,eucalyptus fruticosa,5567
Eucalyptus fulgens,eucalyptus fulgens,1729
Eucalyptus fusiformis,eucalyptus fusiformis,645
Eucalyptus gamophylla,eucalyptus gamophylla,2678
Eucalyptus gamophylla,eucalyptus gamophylla,
Eucalyptus gamophylla,eucalyptus gamophylla,4269
Eucalyptus gardneri subsp. gardneri,eucalyptus gardneri,295
Eucalyptus gardneri subsp. gardneri,eucalyptus gardneri,3434
Eucalyptus gardneri subsp. ravensthorpensis,eucalyptus georgei,1636
Eucalyptus georgei subsp. fulgida,eucalyptus georgei,323
Eucalyptus georgei subsp. georgei,eucalyptus georgei,325
Eucalyptus gigantangion,eucalyptus gigantangion,2483
Eucalyptus gillenii,eucalyptus gillenii,1209
Eucalyptus gillenii,eucalyptus gillenii,1703
Eucalyptus gillenii ,eucalyptus gillenii,2689
Eucalyptus gillii,eucalyptus gillii,1715
Eucalyptus gillii,eucalyptus gillii,2959
Eucalyptus gillii,eucalyptus gillii,Egillii_1
Eucalyptus gittinsii subsp. gittinsii,eucalyptus gittinsii,1170
Eucalyptus gittinsii subsp. gittinsii,eucalyptus gittinsii,3533
Eucalyptus gittinsii subsp. illucida,eucalyptus gittinsii,252
Eucalyptus glaucescens,eucalyptus glaucescens,588
Eucalyptus glaucescens,eucalyptus glaucescens,7372
Eucalyptus glaucina,eucalyptus glaucina,2085
Eucalyptus glaucina,eucalyptus glaucina,6241
Eucalyptus glaucina,eucalyptus glaucina,11239
Eucalyptus globoidea,eucalyptus globoidea,1732
"Eucalyptus globoidea
",eucalyptus globoidea,2905
Eucalyptus globoidea ,eucalyptus globoidea,3802
"Eucalyptus globulus 
subsp. globulus",eucalyptus globulus,1726
"Eucalyptus globulus 
subsp. globulus",eucalyptus globulus,1986
"Eucalyptus globulus 
subsp. globulus",eucalyptus globulus,6722
Eucalyptus glomericassis,eucalyptus glomericassis,5219
Eucalyptus glomerosa,eucalyptus glomerosa,1508
Eucalyptus gomphocephala,eucalyptus gomphocephala,1148
Eucalyptus gongylocarpa,eucalyptus gongylocarpa,519
Eucalyptus gongylocarpa,eucalyptus gongylocarpa,4303
Eucalyptus goniantha subsp. goniantha,eucalyptus goniantha,1626
Eucalyptus goniantha subsp. goniantha,eucalyptus goniantha,3754
Eucalyptus goniantha subsp. kynoura,eucalyptus goniantha,3759
Eucalyptus goniocalyx subsp. exposa,eucalyptus goniocalyx,565
Eucalyptus goniocalyx subsp. exposa,eucalyptus goniocalyx,6388
"Eucalyptus goniocalyx 
subsp. goniocalyx",eucalyptus goniocalyx,2952
Eucalyptus goniocalyx subsp. viridissima,eucalyptus goniocalyx,449
Eucalyptus goniocalyx subsp. viridissima,eucalyptus goniocalyx,3789
Eucalyptus goniocarpa,eucalyptus goniocarpa,186
Eucalyptus gracilis,eucalyptus gracilis,79
Eucalyptus gracilis,eucalyptus gracilis,444
Eucalyptus gracilis,eucalyptus gracilis,3645
Eucalyptus grandis,eucalyptus grandis,1237
Eucalyptus grandis,eucalyptus grandis,2524
Eucalyptus granitica,eucalyptus granitica,1305
Eucalyptus grasbyi,eucalyptus grasbyi,5689
Eucalyptus grasbyi,eucalyptus grasbyi,6997
Eucalyptus gregoriensis,eucalyptus gregoriensis,2447
Eucalyptus gregsoniana,eucalyptus gregsoniana,1756
Eucalyptus griffithsii,eucalyptus griffithsii,515
Eucalyptus griffithsii,eucalyptus griffithsii,3637
Eucalyptus griffithsii,eucalyptus griffithsii,4305
Eucalyptus grisea,eucalyptus grisea,1271
Eucalyptus grossa,eucalyptus grossa,123
Eucalyptus grossa,eucalyptus grossa,7224
Eucalyptus guilfoylei,eucalyptus guilfoylei,1139
Eucalyptus guilfoylei,eucalyptus guilfoylei,4632
Eucalyptus gunnii subsp. divaricata,eucalyptus gunnii,4946
Eucalyptus gunnii subsp. gunnii,eucalyptus gunnii,1963
Eucalyptus gunnii subsp. gunnii,eucalyptus gunnii,7407
NA,eucalyptus gypsophila,1405
NA,eucalyptus gypsophila,1520
NA,eucalyptus gypsophila,525
Eucalyptus haemastoma,eucalyptus haemastoma,6795
Eucalyptus hallii,eucalyptus hallii,716
Eucalyptus halophila,eucalyptus halophila,155
Eucalyptus hebetifolia,eucalyptus hebetifolia,240
Eucalyptus hebetifolia,eucalyptus hebetifolia,3562
Eucalyptus hebetifolia,eucalyptus hebetifolia,233
NA,eucalyptus acmenoides,2935
NA,eucalyptus acmenoides,6491
Eucalyptus herbertiana,eucalyptus herbertiana,1933
Eucalyptus herbertiana,eucalyptus herbertiana,2482
Eucalyptus herbertiana,eucalyptus herbertiana,6403
Eucalyptus herbertiana,eucalyptus herbertiana,6652
Eucalyptus histophylla,eucalyptus histophylla,124
Eucalyptus histophylla,eucalyptus histophylla,3661
NA,eucalyptus horistes,2227
NA,eucalyptus horistes,3877
NA,eucalyptus horistes,4546
NA,eucalyptus horistes,5513
Eucalyptus horistes,eucalyptus horistes,6691
Eucalyptus horistes,eucalyptus horistes,1169
Eucalyptus horistes,eucalyptus horistes,2756
Eucalyptus horistes,eucalyptus horistes,3643
Eucalyptus horistes,eucalyptus horistes,6985
Eucalyptus horistes,eucalyptus horistes,7311
Eucalyptus houseana,eucalyptus houseana,1911
Eucalyptus howittiana,eucalyptus howittiana,2526
Eucalyptus hypolaena,eucalyptus hypolaena,513
Eucalyptus hypolaena,eucalyptus hypolaena,2303
NA,eucalyptus conglomerata,615
NA,eucalyptus pluricaulis,185
Eucalyptus incerata,eucalyptus incerata,327
Eucalyptus incerata ,eucalyptus incerata,4678
Eucalyptus incrassata,eucalyptus incrassata,930
Eucalyptus incrassata,eucalyptus incrassata,1108
Eucalyptus incrassata,eucalyptus incrassata,1129
Eucalyptus incrassata,eucalyptus incrassata,1638
Eucalyptus incrassata,eucalyptus incrassata,6005
Eucalyptus incrassata ,eucalyptus incrassata,1117
Eucalyptus incrassata ,eucalyptus incrassata,2802
Eucalyptus incrassata ,eucalyptus incrassata,3698
Eucalyptus incrassata ,eucalyptus incrassata,4550
Eucalyptus incrassata ,eucalyptus incrassata,4602
Eucalyptus incrassata ,eucalyptus incrassata,4796
Eucalyptus incrassata ,eucalyptus incrassata,4572
Eucalyptus incrassata ,eucalyptus incrassata,3731
Eucalyptus incrassata ,eucalyptus incrassata,4571
Eucalyptus indurata,eucalyptus indurata,165
Eucalyptus indurata,eucalyptus indurata,3584
Eucalyptus infera,eucalyptus infera,1254
Eucalyptus infera,eucalyptus infera,6175
NA,eucalyptus lockyeri,1309
NA,eucalyptus lockyeri,5144
Eucalyptus insularis,eucalyptus insularis,1637
Eucalyptus insularis subsp. insularis,eucalyptus insularis,4586
Eucalyptus interstans,eucalyptus interstans,667
Eucalyptus intertexta,eucalyptus intertexta,423
Eucalyptus intertexta,eucalyptus intertexta,2435
Eucalyptus intertexta,eucalyptus intertexta,2554
Eucalyptus intertexta,eucalyptus intertexta,2677
Eucalyptus intertexta,eucalyptus intertexta,6661
Eucalyptus jacksonii,eucalyptus jacksonii,1140
Eucalyptus jacksonii,eucalyptus jacksonii,7223
NA,eucalyptus exilipes,1916
Eucalyptus jimberlanica,eucalyptus jimberlanica,552
Eucalyptus jimberlanica,eucalyptus jimberlanica,3647
Eucalyptus johnsoniana,eucalyptus johnsoniana,3547
NA,eucalyptus subcrenulata,1980
NA,eucalyptus subcrenulata,7406
Eucalyptus jucunda,eucalyptus jucunda,275
Eucalyptus jucunda,eucalyptus jucunda,7228
Eucalyptus jutsonii subsp. jutsonii,eucalyptus jutsonii,548
Eucalyptus jutsonii subsp. kobela,eucalyptus jutsonii,4448
NA,eucalyptus amplifolia,720
Eucalyptus kartzoffiana,eucalyptus kartzoffiana,1765
Eucalyptus kessellii subsp. eugnosta,eucalyptus kessellii,164
Eucalyptus kessellii subsp. kessellii,eucalyptus kessellii,1101
Eucalyptus kessellii subsp. kessellii,eucalyptus kessellii,6382
"Eucalyptus kingsmillii 
subsp. kingsmillii",eucalyptus kingsmillii,535
"Eucalyptus kingsmillii 
subsp. kingsmillii",eucalyptus kingsmillii,1197
"Eucalyptus kingsmillii 
subsp. kingsmillii",eucalyptus kingsmillii,4266
"Eucalyptus kingsmillii 
subsp. kingsmillii",eucalyptus kingsmillii,5779
Eucalyptus kitsoniana,eucalyptus kitsoniana,1720
Eucalyptus kitsoniana ,eucalyptus kitsoniana,4311
Eucalyptus kitsoniana ,eucalyptus kitsoniana,4314
Eucalyptus kochii subsp. amaryssia,eucalyptus kochii,536
Eucalyptus kochii subsp. amaryssia,eucalyptus kochii,2190
Eucalyptus kochii subsp. borealis,eucalyptus kochii,277
Eucalyptus kochii subsp. borealis,eucalyptus kochii,3539
Eucalyptus kochii subsp. kochii,eucalyptus kochii,288
Eucalyptus kochii subsp. kochii,eucalyptus kochii,2218
Eucalyptus kochii subsp. kochii,eucalyptus kochii,2223
Eucalyptus kochii subsp. plenissima,eucalyptus kochii,3482
Eucalyptus kochii subsp. plenissima,eucalyptus kochii,3488
Eucalyptus kochii subsp. yellowdinensis,eucalyptus kochii,3477
Eucalyptus kochii subsp. yellowdinensis,eucalyptus kochii,4793
Eucalyptus kondininensis,eucalyptus kondininensis,242
Eucalyptus kondininensis,eucalyptus kondininensis,3424
Eucalyptus koolpinensis,eucalyptus koolpinensis,2486
Eucalyptus kruseana,eucalyptus kruseana,337
Eucalyptus kruseana,eucalyptus kruseana,6993
Eucalyptus kumarlensis,eucalyptus kumarlensis,141
Eucalyptus kumarlensis,eucalyptus kumarlensis,1844
Eucalyptus kybeanensis,eucalyptus kybeanensis,593
Eucalyptus lacrimans,eucalyptus lacrimans,590
Eucalyptus lacrimans,eucalyptus lacrimans,7369
NA,eucalyptus elliptica,759
NA,eucalyptus elliptica,7355
Eucalyptus laeliae,eucalyptus laeliae,1150
NA,eucalyptus melanoxylon,120
NA,eucalyptus melanoxylon,3635
NA,eucalyptus melanoxylon,3650
NA,eucalyptus melanoxylon,6355
NA,eucalyptus laevopinea,649
Eucalyptus lanepoolei,eucalyptus lanepoolei,255
Eucalyptus lanepoolei,eucalyptus lanepoolei,3514
Eucalyptus langleyi,eucalyptus langleyi,613
Eucalyptus langleyi,eucalyptus langleyi,6791
Eucalyptus lansdowneana,eucalyptus lansdowneana,57
Eucalyptus lansdowneana,eucalyptus lansdowneana,5933
Eucalyptus largeana,eucalyptus largeana,2086
Eucalyptus largiflorens,eucalyptus largiflorens,980
Eucalyptus largiflorens,eucalyptus largiflorens,4172
Eucalyptus largiflorens,eucalyptus largiflorens,
Eucalyptus largiflorens,eucalyptus largiflorens,2556
NA,na,6780
Eucalyptus latens,eucalyptus latens,1613
Eucalyptus latisinensis,eucalyptus latisinensis,715
Eucalyptus lehmannii subsp. lehmannii,eucalyptus lehmannii,222
Eucalyptus lehmannii subsp. parallela,eucalyptus lehmannii,1130
Eucalyptus lehmannii subsp. parallela,eucalyptus lehmannii,3561
Eucalyptus lehmannii subsp. parallela,eucalyptus lehmannii,3704
Eucalyptus lehmannii subsp. parallela,eucalyptus lehmannii,4432
NA,na,3577
Eucalyptus leptocalyx subsp. leptocalyx,eucalyptus leptocalyx,153
Eucalyptus leptocalyx subsp. leptocalyx,eucalyptus leptocalyx,3592
Eucalyptus leptocalyx subsp. petilipes,eucalyptus leptocalyx,3616
Eucalyptus leptophleba,eucalyptus leptophleba,1313
Eucalyptus leptophleba,eucalyptus leptophleba,6422
NA,eucalyptus leptophylla,447
NA,eucalyptus leptophylla,6807
NA,eucalyptus leptophylla,4736
Eucalyptus leptopoda subsp. 'glaucous',eucalyptus leptopoda,7315
Eucalyptus leptopoda subsp. arctata,eucalyptus leptopoda,276
Eucalyptus leptopoda subsp. arctata,eucalyptus leptopoda,291
Eucalyptus leptopoda subsp. elevata,eucalyptus leptopoda,8
,na,5583
Eucalyptus leptopoda subsp. leptopoda,eucalyptus leptopoda,298
Eucalyptus leptopoda subsp. subluta,eucalyptus leptopoda,336
Eucalyptus leptopoda subsp. subluta,eucalyptus leptopoda,2776
Eucalyptus lesouefii,eucalyptus lesouefii,549
Eucalyptus lesouefii,eucalyptus lesouefii,3633
Eucalyptus leucophloia subsp. euroa,eucalyptus leucophloia,1332
Eucalyptus leucophloia subsp. euroa,eucalyptus leucophloia,2498
NA,eucalyptus leucophloia,539
Eucalyptus limitaris,eucalyptus limitaris,1331
Eucalyptus limitaris,eucalyptus limitaris,1937
Eucalyptus limitaris,eucalyptus limitaris,4181
Eucalyptus limitaris,eucalyptus limitaris,4236
Eucalyptus limitaris,eucalyptus tephrodes,1194
Eucalyptus limitaris,eucalyptus tephrodes,1941
Eucalyptus leucoxylon subsp. bellarinensis,eucalyptus leucoxylon,460
Eucalyptus leucoxylon subsp. leucoxylon ,eucalyptus leucoxylon,3788
Eucalyptus leucoxylon subsp. leucoxylon (subsp. connata),eucalyptus leucoxylon,2585
Eucalyptus leucoxylon subsp. megalocarpa,eucalyptus leucoxylon,473
Eucalyptus leucoxylon subsp. megalocarpa,eucalyptus leucoxylon,4310
Eucalyptus leucoxylon subsp. pruinosa,eucalyptus leucoxylon,351
Eucalyptus leucoxylon subsp. pruinosa,eucalyptus leucoxylon,1798
Eucalyptus leucoxylon subsp. pruinosa,eucalyptus leucoxylon,2566
Eucalyptus leucoxylon subsp. pruinosa,eucalyptus leucoxylon,2897
Eucalyptus leucoxylon subsp. stephaniae,eucalyptus leucoxylon,2581
NA,eucalyptus leucoxylon,1958
Eucalyptus ligulata subsp. ligulata,eucalyptus ligulata,175
Eucalyptus ligulata subsp. ligulata,eucalyptus ligulata,4576
Eucalyptus ligulata subsp. stirlingica,eucalyptus ligulata,3560
Eucalyptus ligustrina,eucalyptus ligustrina,624
Eucalyptus lirata,eucalyptus lirata,1917
Eucalyptus litorea,eucalyptus litorea,1094
Eucalyptus litorea,eucalyptus litorea,6010
Eucalyptus famelica,eucalyptus famelica,199
Eucalyptus livida,eucalyptus livida,318
Eucalyptus lockyeri,eucalyptus lockyeri,1323
Eucalyptus lockyeri,eucalyptus lockyeri,6419
Eucalyptus longicornis,eucalyptus longicornis,2241
Eucalyptus longicornis,eucalyptus longicornis,2283
Eucalyptus longicornis,eucalyptus longicornis,2284
Eucalyptus longifolia,eucalyptus longifolia,1750
Eucalyptus longifolia,eucalyptus longifolia,4700
Eucalyptus longifolia,eucalyptus longifolia,6249
Eucalyptus longirostrata,eucalyptus longirostrata,2112
NA,eucalyptus eremicola,1569
NA,eucalyptus eremicola,2163
NA,eucalyptus eremicola,2184
NA,eucalyptus eremicola,2160
Eucalyptus loxophleba subsp. gratiae,eucalyptus loxophleba,313
Eucalyptus loxophleba subsp. lissophloia,eucalyptus loxophleba,139
Eucalyptus loxophleba subsp. loxophleba,eucalyptus loxophleba,239
Eucalyptus loxophleba subsp. supralaevis,eucalyptus loxophleba,1165
Eucalyptus loxophleba subsp. supralaevis,eucalyptus loxophleba,2211
Eucalyptus loxophleba subsp. supralaevis,eucalyptus loxophleba,5593
Eucalyptus lucasii,eucalyptus lucasii,545
Eucalyptus lucasii,eucalyptus lucasii,4283
Eucalyptus lucens,eucalyptus lucens,1353
Eucalyptus luculenta,eucalyptus luculenta,3618
Eucalyptus luculenta ,eucalyptus luculenta,4555
Eucalyptus luehmanniana,eucalyptus luehmanniana,621
Eucalyptus luehmanniana,eucalyptus luehmanniana,2910
Eucalyptus luehmanniana,eucalyptus luehmanniana,6793
Eucalyptus macarthurii,eucalyptus macarthurii,2071
Eucalyptus macarthurii,eucalyptus macarthurii,6282
Eucalyptus mackintii,eucalyptus mackintii,1737
Eucalyptus macrandra,eucalyptus macrandra,312
Eucalyptus macrandra,eucalyptus macrandra,1132
Eucalyptus macrandra,eucalyptus macrandra,6378
Eucalyptus macrandra ,eucalyptus macrandra,1887
Eucalyptus macrandra ,eucalyptus macrandra,4430
Eucalyptus macrocarpa subsp. elachantha,eucalyptus macrocarpa,250
"Eucalyptus macrocarpa 
subsp. macrocarpa",eucalyptus macrocarpa,261
Eucalyptus macrocarpa subsp. macrocarpa,eucalyptus macrocarpa,3428
Eucalyptus macrorhyncha subsp. cannonii,eucalyptus macrorhyncha,779
Eucalyptus macrorhyncha subsp. macrorhyncha,eucalyptus macrorhyncha,737
NA,eucalyptus scias,1301
NA,eucalyptus scias,6449
Eucalyptus magnificata ,eucalyptus magnificata,2945
NA,eucalyptus globulus,1764
Eucalyptus major,eucalyptus major,2107
Eucalyptus major,eucalyptus major,6486
Eucalyptus malacoxylon,eucalyptus malacoxylon,1368
Eucalyptus mannensis subsp. mannensis,eucalyptus mannensis,6941
Eucalyptus mannensis subsp. vespertina,eucalyptus mannensis,1171
NA,eucalyptus mannifera,7364
NA,eucalyptus mannifera,609
"Eucalyptus mannifera 
subsp. mannifera",eucalyptus mannifera,581
"Eucalyptus mannifera 
subsp. mannifera",eucalyptus mannifera,2066
"Eucalyptus mannifera 
subsp. mannifera",eucalyptus mannifera,3799
NA,eucalyptus marginata,7220
"Eucalyptus marginata 
subsp. marginata",eucalyptus marginata,1144
"Eucalyptus marginata 
subsp. marginata",eucalyptus marginata,4655
"Eucalyptus marginata 
subsp. marginata",eucalyptus marginata,1151
NA,eucalyptus marginata,246
Eucalyptus mckieana,eucalyptus mckieana,659
Eucalyptus mcquoidii,eucalyptus mcquoidii,3569
NA,eucalyptus apothalassica,2115
NA,eucalyptus apothalassica,2525
eucalyptus megacarpa,eucalyptus megacarpa,1137
eucalyptus megacarpa,eucalyptus megacarpa,6705
eucalyptus megacornuta,eucalyptus megacornuta,1121
eucalyptus megacornuta,eucalyptus megacornuta,3578
eucalyptus melanoleuca,eucalyptus melanoleuca,706
eucalyptus melanoleuca,eucalyptus melanoleuca,2111
eucalyptus melanophitra,eucalyptus melanophitra,211
eucalyptus melanophloia subsp. melanophloia,eucalyptus melanophloia,690
eucalyptus melanophloia subsp. melanophloia,eucalyptus melanophloia,1285
Eucalyptus melanophloia subsp. nana,eucalyptus melanophloia,1330
Eucalyptus melanophloia subsp. nana,eucalyptus melanophloia,4183
Eucalyptus melanophloia subsp. nana,eucalyptus melanophloia,5203
Eucalyptus melanophloia subsp. nana,eucalyptus melanophloia,5205
eucalyptus melanoxylon,eucalyptus melanoxylon,143
eucalyptus melliodora,eucalyptus melliodora,777
NA,eucalyptus melliodora,1219
eucalyptus merrickiae,eucalyptus merrickiae,156
eucalyptus merrickiae,eucalyptus merrickiae,6016
eucalyptus michaeliana,eucalyptus michaeliana,650
eucalyptus micranthera,eucalyptus micranthera,172
eucalyptus micranthera,eucalyptus micranthera,1090
eucalyptus microcarpa,eucalyptus microcarpa,1220
eucalyptus microcarpa,eucalyptus microcarpa,2895
NA,eucalyptus microcarpa,6916
eucalyptus microcarpa,eucalyptus microcarpa,1364
NA,eucalyptus approximans,5010
eucalyptus microcorys,eucalyptus microcorys,1238
eucalyptus microneura,eucalyptus microneura,1326
eucalyptus microtheca,eucalyptus microtheca,1338
Eucalyptus mimica subsp. continens,eucalyptus mimica,1114
eucalyptus mimica subsp. mimica,eucalyptus mimica,188
eucalyptus minniritchi,eucalyptus minniritchi,1354
eucalyptus minniritchi,eucalyptus minniritchi,5196
eucalyptus misella,eucalyptus misella,147
eucalyptus mitchelliana,eucalyptus mitchelliana,574
eucalyptus moderata,eucalyptus moderata,1563
eucalyptus moderata,eucalyptus moderata,1661
eucalyptus moderata,eucalyptus moderata,2182
eucalyptus moderata,eucalyptus moderata,2183
eucalyptus moderata,eucalyptus moderata,3768
eucalyptus moderata,eucalyptus moderata,2230
eucalyptus moderata,eucalyptus moderata,3460
eucalyptus moluccana,eucalyptus moluccana,712
eucalyptus moluccana,eucalyptus moluccana,2506
NA,eucalyptus willisii,2873
NA,eucalyptus willisii,4748
NA,eucalyptus willisii,6867
eucalyptus moorei subsp. moorei,eucalyptus moorei,603
eucalyptus moorei subsp. moorei,eucalyptus moorei,5249
eucalyptus moorei subsp. moorei,eucalyptus moorei,5256
eucalyptus moorei subsp. moorei,eucalyptus moorei,2095
NA,na,5247
NA,na,5250
NA,na,5243
Eucalyptus moorei subsp. serpentinicola,eucalyptus moorei,1233
eucalyptus moorei subsp. moorei,eucalyptus moorei,594
eucalyptus morrisbyi,eucalyptus morrisbyi,1983
eucalyptus morrisbyi,eucalyptus morrisbyi,7411
eucalyptus morrisii,eucalyptus morrisii,730
eucalyptus morrisii,eucalyptus morrisii,6499
eucalyptus muelleriana,eucalyptus muelleriana,1753
eucalyptus multicaulis,eucalyptus multicaulis,771
eucalyptus multicaulis,eucalyptus multicaulis,2914
eucalyptus multicaulis,eucalyptus multicaulis,7358
eucalyptus myriadena,eucalyptus myriadena,316
eucalyptus myriadena,eucalyptus myriadena,321
eucalyptus myriadena,eucalyptus myriadena,5596
Eucalyptus nanderwarica,eucalyptus nanderwarica,6160
Eucalyptus nanderwarica,eucalyptus nanderwarica,6164
NA,eucalyptus nitida,6742
eucalyptus neglecta,eucalyptus neglecta,2067
eucalyptus neglecta,eucalyptus neglecta,3797
eucalyptus neutra,eucalyptus neutra,218
eucalyptus neutra,eucalyptus neutra,315
eucalyptus neutra,eucalyptus neutra,1853
eucalyptus neutra,eucalyptus neutra,1855
eucalyptus neutra,eucalyptus neutra,1874
eucalyptus neutra,eucalyptus neutra,3441
eucalyptus newbeyi,eucalyptus newbeyi,212
eucalyptus nicholii,eucalyptus nicholii,651
eucalyptus nicholii,eucalyptus nicholii,6194
eucalyptus nitens,eucalyptus nitens,1766
eucalyptus nitida,eucalyptus nitida,1964
eucalyptus nitida,eucalyptus nitida,7399
eucalyptus nobilis,eucalyptus nobilis,647
eucalyptus nobilis,eucalyptus nobilis,753
eucalyptus normantonensis,eucalyptus normantonensis,1202
eucalyptus normantonensis,eucalyptus normantonensis,1207
eucalyptus normantonensis,eucalyptus normantonensis,4179
eucalyptus nortonii,eucalyptus nortonii,583
eucalyptus nortonii,eucalyptus nortonii,2951
NA,eucalyptus scias,630
NA,eucalyptus scias,6203
NA,eucalyptus goniantha,220
NA,eucalyptus goniantha,177
NA,eucalyptus goniantha,4605
eucalyptus nova-anglica,eucalyptus nova-anglica,656
NA,eucalyptus fibrosa,685
eucalyptus nudicaulis,eucalyptus nudicaulis,4184
eucalyptus nudicaulis,eucalyptus nudicaulis,6401
eucalyptus nutans,eucalyptus nutans,4800
eucalyptus obconica,eucalyptus obconica,1930
eucalyptus obconica,eucalyptus obconica,6646
eucalyptus obesa,eucalyptus obesa,1109
eucalyptus obesa,eucalyptus obesa,3724
eucalyptus obesa,eucalyptus obesa,5478
eucalyptus obliqua,eucalyptus obliqua,804
eucalyptus obliqua,eucalyptus obliqua,1974
eucalyptus obliqua,eucalyptus obliqua,Eobliq_1
Eucalyptus oblonga,eucalyptus oblonga,622
Eucalyptus burgessiana,eucalyptus burgessiana,620
Eucalyptus burgessiana,eucalyptus burgessiana,623
Eucalyptus burgessiana,eucalyptus burgessiana,7359
Eucalyptus obtusiflora subsp. dongarraensis,eucalyptus obtusiflora,266
Eucalyptus obtusiflora subsp. dongarraensis,eucalyptus obtusiflora,2235
Eucalyptus obtusiflora,eucalyptus obtusiflora,1173
eucalyptus occidentalis,eucalyptus occidentalis,170
eucalyptus occidentalis,eucalyptus occidentalis,1095
eucalyptus occidentalis,eucalyptus occidentalis,3556
eucalyptus ochrophloia,eucalyptus ochrophloia,2119
eucalyptus odontocarpa,eucalyptus odontocarpa,1199
NA,eucalyptus polybractea,822
NA,eucalyptus polybractea,936
NA,eucalyptus polybractea,2580
NA,na,1360
eucalyptus oldfieldii,eucalyptus oldfieldii,274
eucalyptus oldfieldii,eucalyptus oldfieldii,2732
Eucalyptus oleosa subsp. ampliata,eucalyptus oleosa,500
Eucalyptus oleosa subsp. ampliata,eucalyptus oleosa,555
Eucalyptus oleosa subsp. ampliata,eucalyptus oleosa,931
Eucalyptus oleosa subsp. ampliata,eucalyptus oleosa,1408
Eucalyptus oleosa subsp. ampliata,eucalyptus oleosa,2123
Eucalyptus oleosa subsp. ampliata,eucalyptus oleosa,2135
Eucalyptus oleosa subsp. ampliata,eucalyptus oleosa,2561
Eucalyptus oleosa subsp. ampliata,eucalyptus oleosa,2596
Eucalyptus oleosa subsp. corvina,eucalyptus oleosa,1123
Eucalyptus oleosa subsp. corvina,eucalyptus oleosa,2251
Eucalyptus oleosa subsp. cylindroidea,eucalyptus oleosa,1642
Eucalyptus oleosa subsp. cylindroidea,eucalyptus oleosa,2259
Eucalyptus oleosa subsp. cylindroidea,eucalyptus oleosa,3600
eucalyptus oleosa subsp. oleosa,eucalyptus oleosa,516
eucalyptus oleosa subsp. oleosa,eucalyptus oleosa,1393
eucalyptus oleosa subsp. oleosa,eucalyptus oleosa,2319
eucalyptus oleosa subsp. oleosa,eucalyptus oleosa,2884
eucalyptus oleosa subsp. oleosa,eucalyptus oleosa,2886
eucalyptus olida,eucalyptus olida,661
eucalyptus oligantha,eucalyptus oligantha,2468
eucalyptus oligantha,eucalyptus oligantha,5804
eucalyptus oligantha,eucalyptus oligantha,5810
Eucalyptus oligantha subsp. modica,eucalyptus oligantha,1919
eucalyptus olivina,eucalyptus olivina,319
eucalyptus olivina,eucalyptus olivina,3670
eucalyptus olivina,eucalyptus olivina,4660
eucalyptus olsenii,eucalyptus olsenii,597
eucalyptus olsenii,eucalyptus olsenii,7367
eucalyptus ophitica,eucalyptus ophitica,2099
NA,eucalyptus petrensis,3515
NA,eucalyptus petrensis,5078
NA,eucalyptus petrensis,5547
eucalyptus optima,eucalyptus optima,115
eucalyptus optima,eucalyptus optima,2154
eucalyptus oraria,eucalyptus oraria,269
eucalyptus oraria,eucalyptus oraria,3527
eucalyptus orbifolia,eucalyptus orbifolia,2774
eucalyptus orbifolia,eucalyptus orbifolia,5606
eucalyptus orbifolia,eucalyptus orbifolia,5607
eucalyptus orbifolia,eucalyptus orbifolia,7312
NA,eucalyptus leucophloia,1934
NA,eucalyptus leucophloia,6645
eucalyptus oreades,eucalyptus oreades,628
eucalyptus oreades,eucalyptus oreades,3210
eucalyptus oreades,eucalyptus oreades,7356
eucalyptus orgadophila,eucalyptus orgadophila,698
eucalyptus ornata,eucalyptus ornata,243
eucalyptus ornata,eucalyptus ornata,5040
eucalyptus orthostemon,eucalyptus orthostemon,3426
eucalyptus orthostemon,eucalyptus orthostemon,3691
Eucalyptus ovata subsp. grandiflora,eucalyptus ovata,1594
Eucalyptus ovata subsp. grandiflora,eucalyptus ovata,4318
Eucalyptus ovata subsp. grandiflora,eucalyptus ovata,6114
Eucalyptus ovata subsp. grandiflora,eucalyptus ovata,6121
Eucalyptus ovata var. ovata ,eucalyptus ovata,805
Eucalyptus ovata var. ovata ,eucalyptus ovata,1717
Eucalyptus ovata var. ovata ,eucalyptus ovata,1741
Eucalyptus ovata var. ovata ,eucalyptus ovata,6725
Eucalyptus ovata var. ovata ,eucalyptus ovata,6741
eucalyptus ovularis,eucalyptus ovularis,1107
eucalyptus oxymitra,eucalyptus oxymitra,1704
Eucalyptus pachycalyx subsp. banyabba,eucalyptus pachycalyx,2098
eucalyptus pachycalyx subsp. pachycalyx,eucalyptus pachycalyx,1307
Eucalyptus pachycalyx subsp. waajensis,eucalyptus pachycalyx,1265
eucalyptus pachyloma,eucalyptus pachyloma,224
eucalyptus pachyloma,eucalyptus pachyloma,3735
NA,na,3553
eucalyptus pachyphylla,eucalyptus pachyphylla,1203
eucalyptus pachyphylla,eucalyptus pachyphylla,6637
eucalyptus paedoglauca,eucalyptus paedoglauca,1298
eucalyptus paedoglauca,eucalyptus paedoglauca,5121
eucalyptus paliformis,eucalyptus paliformis,592
NA,eucalyptus eudesmioides,5079
NA,eucalyptus eudesmioides,7229
eucalyptus paludicola,eucalyptus paludicola,69
eucalyptus panda,eucalyptus panda,683
eucalyptus panda,eucalyptus panda,2117
eucalyptus panda,eucalyptus panda,2549
eucalyptus paniculata,eucalyptus paniculata,2903
eucalyptus paniculata,eucalyptus paniculata,639
NA,eucalyptus mooreana,1931
Eucalyptus parramattensis subsp. decadens,eucalyptus parramattensis,641
eucalyptus parramattensis subsp. parramattensis,eucalyptus parramattensis,1763
eucalyptus parramattensis subsp. parramattensis,eucalyptus parramattensis,3209
eucalyptus parvula,eucalyptus parvula,591
eucalyptus patellaris,eucalyptus patellaris,1339
eucalyptus patens,eucalyptus patens,1143
eucalyptus patens,eucalyptus patens,4621
eucalyptus patens,eucalyptus patens,5530
Eucalyptus pauciflora subsp. acerina,eucalyptus pauciflora,4521
Eucalyptus pauciflora subsp. debeuzevillei,eucalyptus pauciflora,2070
Eucalyptus pauciflora subsp. hedraia,eucalyptus pauciflora,578
Eucalyptus pauciflora subsp. hedraia,eucalyptus pauciflora,3801
Eucalyptus pauciflora subsp. hedraia,eucalyptus pauciflora,7385
Eucalyptus pauciflora subsp. niphophila,eucalyptus pauciflora,589
Eucalyptus pauciflora subsp. niphophila,eucalyptus pauciflora,3800
Eucalyptus pauciflora subsp. niphophila,eucalyptus pauciflora,7371
Eucalyptus pauciflora subsp. parvifructa,eucalyptus pauciflora,353
Eucalyptus pauciflora subsp. parvifructa,eucalyptus pauciflora,7047
eucalyptus pauciflora subsp. pauciflora,eucalyptus pauciflora,476
eucalyptus pauciflora subsp. pauciflora,eucalyptus pauciflora,7354
NA,eucalyptus pauciflora,6283
eucalyptus pellita,eucalyptus pellita,1304
eucalyptus pendens,eucalyptus pendens,256
NA,eucalyptus stockeri,948
NA,eucalyptus stockeri,1953
NA,eucalyptus stockeri,1955
eucalyptus perangusta,eucalyptus perangusta,148
eucalyptus perangusta,eucalyptus perangusta,1118
eucalyptus perangusta,eucalyptus perangusta,3712
eucalyptus percostata,eucalyptus percostata,1603
eucalyptus perriniana,eucalyptus perriniana,584
eucalyptus perriniana,eucalyptus perriniana,1975
NA,eucalyptus persistens,1291
eucalyptus petiolaris,eucalyptus petiolaris,946
eucalyptus petiolaris,eucalyptus petiolaris,945
eucalyptus petraea,eucalyptus petraea,339
eucalyptus petraea,eucalyptus petraea,2761
eucalyptus petraea,eucalyptus petraea,3766
eucalyptus petraea,eucalyptus petraea,5463
eucalyptus petrensis,eucalyptus petrensis,248
"Eucalyptus phaenophylla 
subsp. phaenophylla
",eucalyptus phaenophylla,235
"Eucalyptus phaenophylla 
subsp. phaenophylla
",eucalyptus phaenophylla,236
"Eucalyptus phaenophylla 
subsp. phaenophylla
",eucalyptus phaenophylla,324
"Eucalyptus phaenophylla 
subsp. phaenophylla
",eucalyptus phaenophylla,196
Eucalyptus phenax subsp. compressa,eucalyptus phenax,824
eucalyptus phenax subsp. phenax,eucalyptus phenax,929
eucalyptus phenax subsp. phenax,eucalyptus phenax,3439
eucalyptus phenax subsp. phenax,eucalyptus phenax,4423
eucalyptus phenax subsp. phenax,eucalyptus phenax,5924
eucalyptus phoenicea,eucalyptus phoenicea,4216
eucalyptus phoenicea,eucalyptus phoenicea,4228
eucalyptus phoenicea,eucalyptus phoenicea,1320
eucalyptus pilbarensis,eucalyptus pilbarensis,1189
eucalyptus pileata,eucalyptus pileata,191
eucalyptus pileata,eucalyptus pileata,947
eucalyptus pileata,eucalyptus pileata,3644
eucalyptus pileata,eucalyptus pileata,5477
eucalyptus pileata,eucalyptus pileata,3178
eucalyptus pileata,eucalyptus pileata,4669
eucalyptus pilularis,eucalyptus pilularis,644
eucalyptus pimpiniana,eucalyptus pimpiniana,110
eucalyptus pimpiniana,eucalyptus pimpiniana,2738
"Eucalyptus piperita 
subsp. piperita",eucalyptus piperita,627
NA,eucalyptus piperita,610
NA,eucalyptus piperita,7363
eucalyptus planchoniana,eucalyptus planchoniana,663
NA,eucalyptus griffithsii,131
NA,eucalyptus griffithsii,6996
NA,eucalyptus griffithsii,330
NA,eucalyptus griffithsii,4306
"Eucalyptus platycorys 
subsp. platycorys",eucalyptus platycorys,2733
"Eucalyptus platycorys 
subsp. platycorys",eucalyptus platycorys,3445
"Eucalyptus platycorys 
subsp. platycorys",eucalyptus platycorys,3601
"Eucalyptus platycorys 
subsp. platycorys",eucalyptus platycorys,3627
eucalyptus platydisca,eucalyptus platydisca,133
eucalyptus platyphylla,eucalyptus platyphylla,1296
eucalyptus platyphylla,eucalyptus platyphylla,12966
eucalyptus platyphylla,eucalyptus platyphylla,1350
NA,eucalyptus nutans,184
NA,eucalyptus nutans,3591
NA,eucalyptus nutans,208
eucalyptus pleurocarpa,eucalyptus pleurocarpa,154
eucalyptus pleurocarpa,eucalyptus pleurocarpa,3557
eucalyptus polita,eucalyptus polita,3449
eucalyptus polita,eucalyptus polita,3468
eucalyptus polita,eucalyptus polita,3669
Eucalyptus polyanthemos subsp. marginalis,eucalyptus polyanthemos,457
Eucalyptus polyanthemos subsp. marginalis,eucalyptus polyanthemos,6106
eucalyptus polyanthemos subsp. polyanthemos,eucalyptus polyanthemos,742
eucalyptus polyanthemos subsp. polyanthemos,eucalyptus polyanthemos,2899
Eucalyptus polyanthemos subsp. vestita,eucalyptus polyanthemos,6785
Eucalyptus polyanthemos subsp. vestita,eucalyptus polyanthemos,1738
eucalyptus polybractea,eucalyptus polybractea,736
Eucalyptus populnea,eucalyptus populnea,2954
Eucalyptus populnea,eucalyptus populnea,679
eucalyptus porosa,eucalyptus porosa,482
eucalyptus acmenoides,eucalyptus acmenoides,6447
eucalyptus praetermissa,eucalyptus praetermissa,213
eucalyptus prava,eucalyptus prava,671
Eucalyptus preissiana subsp. lobata,eucalyptus preissiana,179
Eucalyptus preissiana subsp. lobata,eucalyptus preissiana,3710
Eucalyptus preissiana subsp. lobata,eucalyptus preissiana,5492
eucalyptus preissiana subsp. preissiana,eucalyptus preissiana,217
eucalyptus preissiana subsp. preissiana,eucalyptus preissiana,3762
eucalyptus prolixa,eucalyptus prolixa,2281
eucalyptus prolixa,eucalyptus prolixa,6693
eucalyptus prominens,eucalyptus prominens,1184
NA,eucalyptus youmanii,2917
eucalyptus propinqua,eucalyptus propinqua,1239
eucalyptus propinqua,eucalyptus propinqua,6457
eucalyptus protensa,eucalyptus protensa,126
eucalyptus protensa,eucalyptus protensa,3641
NA,na,6413
eucalyptus proxima,eucalyptus proxima,3571
eucalyptus pruinosa subsp. pruinosa,eucalyptus pruinosa,1329
eucalyptus pruinosa subsp. pruinosa,eucalyptus pruinosa,2440
Eucalyptus pruinosa subsp. tenuata,eucalyptus pruinosa,4203
Eucalyptus pruinosa subsp. tenuata,eucalyptus pruinosa,4226
NA,eucalyptus carnea,664
NA,eucalyptus globulus,1735
eucalyptus pterocarpa,eucalyptus pterocarpa,3656
eucalyptus pterocarpa,eucalyptus pterocarpa,137
eucalyptus pulchella,eucalyptus pulchella,1984
eucalyptus pulverulenta,eucalyptus pulverulenta,1226
eucalyptus pulverulenta,eucalyptus pulverulenta,6323
eucalyptus pumila,eucalyptus pumila,636
NA,eucalyptus grisea,612
NA,eucalyptus grisea,1253
eucalyptus purpurata,eucalyptus purpurata,3579
eucalyptus purpurata,eucalyptus purpurata,3580
eucalyptus pyriformis,eucalyptus pyriformis,1660
eucalyptus pyrocarpa,eucalyptus pyrocarpa,2093
eucalyptus quadrangulata,eucalyptus quadrangulata,618
eucalyptus quadrans,eucalyptus quadrans,1099
eucalyptus quadrans,eucalyptus quadrans,1119
eucalyptus quadricostata,eucalyptus quadricostata,2533
eucalyptus quadricostata,eucalyptus quadricostata,5137
eucalyptus quaerenda,eucalyptus quaerenda,237
eucalyptus quaerenda,eucalyptus quaerenda,3719
eucalyptus racemosa,eucalyptus racemosa,718
eucalyptus racemosa,eucalyptus racemosa,7357
eucalyptus radiata subsp. radiata,eucalyptus radiata,575
eucalyptus radiata subsp. radiata,eucalyptus radiata,602
eucalyptus radiata subsp. radiata,eucalyptus radiata,1959
NA,eucalyptus radiata,655
eucalyptus rameliana,eucalyptus rameliana,543
eucalyptus rameliana,eucalyptus rameliana,4294
eucalyptus rameliana,eucalyptus rameliana,4287
eucalyptus raveretiana,eucalyptus raveretiana,1297
eucalyptus ravida,eucalyptus ravida,134
eucalyptus ravida,eucalyptus ravida,2781
eucalyptus recta,eucalyptus recta,294
eucalyptus recta,eucalyptus recta,5074
eucalyptus recta,eucalyptus recta,4441
eucalyptus recurva,eucalyptus recurva,1755
NA,eucalyptus caliginosa,1300
E. pluricaulis subsp. pluricaulis,eucalyptus pluricaulis,1662
E. pluricaulis subsp. pluricaulis,eucalyptus pluricaulis,3727
Eucalyptus redunca subsp. porphyrea,eucalyptus redunca,210
E. redunca,eucalyptus redunca,221
eucalyptus regnans,eucalyptus regnans,467
eucalyptus regnans,eucalyptus regnans,1973
eucalyptus regnans,eucalyptus regnans,4316
NA,eucalyptus lanepoolei,3550
NA,eucalyptus lanepoolei,3551
NA,eucalyptus lanepoolei,5535
eucalyptus remota,eucalyptus remota,812
E. gypsophila,eucalyptus gypsophila,1188
E. gypsophila,eucalyptus gypsophila,1550
E. gypsophila,eucalyptus gypsophila,5180
Eucalyptus resinifera subsp. hemilampra,eucalyptus resinifera,2921
Eucalyptus resinifera subsp. hemilampra,eucalyptus resinifera,6206
Eucalyptus resinifera subsp. resinifera,eucalyptus resinifera,642
Eucalyptus resinifera subsp. resinifera,eucalyptus resinifera,1762
eucalyptus retusa,eucalyptus retusa,4801
NA,eucalyptus mooreana,1910
eucalyptus rhodantha,eucalyptus rhodantha,282
eucalyptus rhombica,eucalyptus rhombica,2104
eucalyptus rhomboidea,eucalyptus rhomboidea,2272
eucalyptus rigens,eucalyptus rigens,157
eucalyptus rigens,eucalyptus rigens,3595
eucalyptus rigidula,eucalyptus rigidula,244
eucalyptus rigidula,eucalyptus rigidula,292
eucalyptus rigidula,eucalyptus rigidula,2713
eucalyptus rigidula,eucalyptus rigidula,3630
eucalyptus rigidula,eucalyptus rigidula,5071
eucalyptus rigidula,eucalyptus rigidula,6697
eucalyptus rigidula,eucalyptus rigidula,6955
eucalyptus rigidula,eucalyptus rigidula,5460
eucalyptus rigidula,eucalyptus rigidula,5554
eucalyptus rigidula,eucalyptus rigidula,5671
eucalyptus risdonii,eucalyptus risdonii,1982
NA,eucalyptus radiata,1771
NA,eucalyptus radiata,2953
NA,eucalyptus pellita,638
NA,eucalyptus pellita,6205
eucalyptus rodwayi,eucalyptus rodwayi,1972
eucalyptus rodwayi,eucalyptus rodwayi,7402
eucalyptus rosacea,eucalyptus rosacea,518
eucalyptus rosacea,eucalyptus rosacea,6939
NA,eucalyptus racemosa,725
NA,eucalyptus racemosa,781
NA,eucalyptus lucasii,4277
NA,eucalyptus lucasii,4279
NA,eucalyptus lucasii,4281
eucalyptus roycei,eucalyptus roycei,1175
eucalyptus roycei,eucalyptus roycei,5086
NA,eucalyptus rubida,2939
eucalyptus rubida subsp. rubida,eucalyptus rubida,1223
eucalyptus rubida subsp. rubida,eucalyptus rubida,6297
eucalyptus rubida subsp. rubida,eucalyptus rubida,6319
eucalyptus rubiginosa,eucalyptus rubiginosa,2114
Eucalyptus rudderi,eucalyptus rudderi,2920
E. rudderi,eucalyptus rudderi,2080
E. rudis,eucalyptus rudis,1146
E. rudis,eucalyptus rudis,5538
Eucalyptus rudis subsp. rudis,eucalyptus rudis,1131
eucalyptus rugosa,eucalyptus rugosa,806
eucalyptus rugosa,eucalyptus rugosa,3179
eucalyptus rugosa,eucalyptus rugosa,5908
eucalyptus rugulata,eucalyptus rugulata,3671
eucalyptus rugulata,eucalyptus rugulata,3673
eucalyptus rummeryi,eucalyptus rummeryi,1245
NA,eucalyptus confluens,1920
NA,eucalyptus confluens,5812
NA,eucalyptus corticosa,359
NA,eucalyptus corticosa,7427
eucalyptus salicola,eucalyptus salicola,3457
eucalyptus salicola,eucalyptus salicola,3493
eucalyptus salicola,eucalyptus salicola,3882
eucalyptus saligna,eucalyptus saligna,705
eucalyptus saligna,eucalyptus saligna,2924
eucalyptus salmonophloia,eucalyptus salmonophloia,341
eucalyptus salmonophloia,eucalyptus salmonophloia,2306
eucalyptus salubris,eucalyptus salubris,342
eucalyptus salubris,eucalyptus salubris,2717
eucalyptus salubris,eucalyptus salubris,3496
eucalyptus salubris,eucalyptus salubris,3831
Eucalyptus sargentii subsp. onesis,eucalyptus sargentii,2236
Eucalyptus sargentii subsp. onesis,eucalyptus sargentii,3695
Eucalyptus sargentii subsp. onesis,eucalyptus sargentii,6022
eucalyptus sargentii subsp. sargentii,eucalyptus sargentii,2229
eucalyptus sargentii subsp. sargentii,eucalyptus sargentii,5551
eucalyptus sargentii subsp. sargentii,eucalyptus sargentii,4412
eucalyptus saxatilis,eucalyptus saxatilis,2069
eucalyptus saxatilis,eucalyptus saxatilis,4883
Eucalyptus scias subsp. apoda,eucalyptus scias,2100
Eucalyptus scias subsp. apoda,eucalyptus scias,6191
E. resinifera subsp. resinifera,eucalyptus scias,600
E. resinifera subsp. resinifera,eucalyptus scias,2908
eucalyptus scias subsp. scias,eucalyptus scias,2911
eucalyptus scias subsp. scias,eucalyptus scias,6306
eucalyptus scoparia,eucalyptus scoparia,672
eucalyptus scoparia,eucalyptus scoparia,6196
eucalyptus scopulorum,eucalyptus scopulorum,2927
E. surgens,eucalyptus surgens,558
E. surgens,eucalyptus surgens,5997
eucalyptus seeana,eucalyptus seeana,2089
NA,eucalyptus eudesmioides,1176
NA,eucalyptus goniantha,4570
NA,eucalyptus goniantha,4579
eucalyptus semota,eucalyptus semota,2193
eucalyptus sepulcralis,eucalyptus sepulcralis,1126
eucalyptus sepulcralis,eucalyptus sepulcralis,1635
eucalyptus serraensis,eucalyptus serraensis,2584
eucalyptus serraensis,eucalyptus serraensis,7426
eucalyptus sessilis,eucalyptus sessilis,1352
NA,eucalyptus vittata,302
NA,eucalyptus vittata,5453
NA,eucalyptus melanophloia,1292
NA,eucalyptus melanophloia,2508
NA,eucalyptus melanophloia,5117
NA,eucalyptus melanophloia,6414
eucalyptus sicilifolia,eucalyptus sicilifolia,1276
eucalyptus siderophloia,eucalyptus siderophloia,717
eucalyptus sideroxylon,eucalyptus sideroxylon,674
eucalyptus sideroxylon,eucalyptus sideroxylon,6474
eucalyptus sieberi,eucalyptus sieberi,1749
eucalyptus similis,eucalyptus similis,1282
eucalyptus singularis,eucalyptus singularis,3816
eucalyptus singularis,eucalyptus singularis,3973
NA,eucalyptus mcquoidii,5057
NA,eucalyptus mcquoidii,5061
eucalyptus smithii,eucalyptus smithii,598
eucalyptus smithii,eucalyptus smithii,2068
Eucalyptus socialis subsp. eucentrica,eucalyptus socialis,2198
Eucalyptus socialis subsp. eucentrica,eucalyptus socialis,2430
Eucalyptus socialis subsp. eucentrica,eucalyptus socialis,2538
Eucalyptus socialis subsp. eucentrica,eucalyptus socialis,2539
eucalyptus socialis subsp. socialis,eucalyptus socialis,1804
eucalyptus socialis subsp. socialis,eucalyptus socialis,2890
eucalyptus socialis subsp. socialis,eucalyptus socialis,2955
eucalyptus socialis subsp. socialis,eucalyptus socialis,3172
Eucalyptus socialis subsp. victoriensis,eucalyptus socialis,113
Eucalyptus socialis subsp. victoriensis,eucalyptus socialis,2323
Eucalyptus socialis subsp. viridans,eucalyptus socialis,928
Eucalyptus socialis subsp. viridans,eucalyptus socialis,1946
Eucalyptus socialis subsp. viridans,eucalyptus socialis,2593
Eucalyptus socialis subsp. viridans,eucalyptus socialis,2879
eucalyptus hypolaena,eucalyptus hypolaena,2787
eucalyptus hypolaena,eucalyptus hypolaena,3639
eucalyptus hypolaena,eucalyptus hypolaena,6956
eucalyptus myriadena,eucalyptus myriadena,5585
eucalyptus urna,eucalyptus urna,5466
E. nerthicola,eucalyptus nerthicola,3604
E. nerthicola,eucalyptus nerthicola,3608
E. nerthicola,eucalyptus nerthicola,3711
Eucalyptus olivina ,eucalyptus oliviana,3662
NA,eucalyptus rigidula,4539
Eucalyptus olivina ,eucalyptus oliviana,6383
eucalyptus leptophylla,eucalyptus leptophylla,505
eucalyptus leptophylla,eucalyptus leptophylla,1079
eucalyptus leptophylla,eucalyptus leptophylla,1392
eucalyptus leptophylla,eucalyptus leptophylla,6945
NA,eucalyptus leptophylla,527
NA,eucalyptus leptophylla,2730
eucalyptus rigidula,eucalyptus rigidula,3530
eucalyptus rigidula,eucalyptus rigidula,5578
eucalyptus horistes,eucalyptus horistes,2790
eucalyptus horistes,eucalyptus horistes,6951
eucalyptus captiosa,eucalyptus captiosa,5509
eucalyptus captiosa,eucalyptus captiosa,6025
eucalyptus oldfieldii,eucalyptus oldfieldii,4284
eucalyptus oldfieldii,eucalyptus oldfieldii,4289
eucalyptus oldfieldii,eucalyptus oldfieldii,4704
eucalyptus discreta,eucalyptus discreta,1081
Eucalyptus leptophylla,eucalyptus leptophylla,3486
Eucalyptus leptophylla,eucalyptus leptophylla,5033
E. minigwalica,eucalyptus formanii,522
E. minigwalica,eucalyptus formanii,6931
eucalyptus platyphylla,eucalyptus platyphylla,13400
eucalyptus ceratocorys,eucalyptus ceratocorys,6943
eucalyptus gracilis,eucalyptus gracilis,1861
eucalyptus gracilis,eucalyptus gracilis,6021
NA,eucalyptus leptocalyx,1105
NA,eucalyptus leptocalyx,3713
NA,eucalyptus leptocalyx,5507
eucalyptus horistes,eucalyptus horistes,3436
NA,na,3722
eucalyptus horistes,eucalyptus horistes,3742
eucalyptus horistes,eucalyptus horistes,5503
eucalyptus horistes,eucalyptus horistes,5518
eucalyptus dissimulata,eucalyptus dissimulata,3897
eucalyptus dissimulata,eucalyptus dissimulata,4553
NA,eucalyptus wubinensis,2795
NA,eucalyptus wubinensis,3620
NA,eucalyptus wubinensis,3625
Eucalyptus sparsa,eucalyptus sparsa,427
Eucalyptus sparsa,eucalyptus sparsa,2684
Eucalyptus sparsifolia,eucalyptus sparsifolia,629
Eucalyptus sparsifolia,eucalyptus sparsifolia,7360
E. ralla,eucalyptus sparsifolia,614
E. ralla,eucalyptus sparsifolia,7361
Eucalyptus spathulata subsp. salina,eucalyptus spathulata,3435
Eucalyptus spathulata subsp. salina,eucalyptus spathulata,3806
eucalyptus spathulata subsp. spathulata,eucalyptus spathulata,234
eucalyptus spathulata subsp. spathulata,eucalyptus spathulata,4421
NA,eucalyptus stricta,1751
Eucalyptus sphaerocarpa,eucalyptus sphaerocarpa,704
E. splendens subsp. splendens,eucalyptus splendens,1722
NA,eucalyptus aspratilis,204
NA,eucalyptus aspratilis,1122
NA,eucalyptus aspratilis,2248
eucalyptus spreta,eucalyptus spreta,122
eucalyptus spreta,eucalyptus spreta,3634
eucalyptus spreta,eucalyptus spreta,3898
Eucalyptus spreta,eucalyptus spreta,551
eucalyptus squamosa,eucalyptus squamosa,2072
eucalyptus staeri,eucalyptus staeri,1133
NA,eucalyptus exilipes,2520
eucalyptus steedmanii,eucalyptus steedmanii,317
eucalyptus steedmanii,eucalyptus steedmanii,4668
eucalyptus stellulata,eucalyptus stellulata,582
NA,eucalyptus stellulata,7382
eucalyptus stenostoma,eucalyptus stenostoma,2900
eucalyptus stoatei,eucalyptus stoatei,181
eucalyptus stowardii,eucalyptus stowardii,281
NA,eucalyptus gypsophila,1548
NA,eucalyptus gypsophila,5592
eucalyptus stricklandii,eucalyptus stricklandii,344
eucalyptus stricklandii,eucalyptus stricklandii,3646
NA,eucalyptus stricta,607
NA,eucalyptus stricta,3208
NA,eucalyptus stricta,5252
E. strzeleckii subsp. strzeleckii,eucalyptus strzeleckii,1725
E. strzeleckii subsp. strzeleckii,eucalyptus strzeleckii,1731
Eucalyptus sturgissiana,eucalyptus sturgissiana,1757
Eucalyptus subangusta subsp. cerina,eucalyptus subangusta,301
Eucalyptus subangusta subsp. pusilla,eucalyptus subangusta,278
Eucalyptus subangusta subsp. pusilla,eucalyptus subangusta,3497
Eucalyptus subangusta subsp. subangusta,eucalyptus subangusta,290
NA,eucalyptus subangusta,3451
eucalyptus agglomerata,eucalyptus agglomerata,2928
eucalyptus agglomerata,eucalyptus agglomerata,2929
eucalyptus subcrenulata,eucalyptus subcrenulata,1962
eucalyptus subcrenulata,eucalyptus subcrenulata,1970
eucalyptus subcrenulata,eucalyptus subcrenulata,1977
eucalyptus subcrenulata,eucalyptus subcrenulata,7398
eucalyptus suberea,eucalyptus suberea,3520
E. microschema,eucalyptus subtilis,140
E. microschema,eucalyptus subtilis,187
E. microschema,eucalyptus subtilis,3715
NA,eucalyptus dura,694
NA,eucalyptus dura,1267
Eucalyptus suggrandis subsp. promiscua,eucalyptus suggrandis,311
Eucalyptus suggrandis subsp. promiscua,eucalyptus suggrandis,3721
Eucalyptus suggrandis subsp. promiscua,eucalyptus suggrandis,3814
Eucalyptus suggrandis subsp. promiscua,eucalyptus suggrandis,4425
Eucalyptus suggrandis subsp. suggrandis,eucalyptus suggrandis,197
Eucalyptus suggrandis subsp. suggrandis,eucalyptus suggrandis,1128
Eucalyptus suggrandis subsp. suggrandis,eucalyptus suggrandis,3583
Eucalyptus suggrandis subsp. suggrandis,eucalyptus suggrandis,4435
NA,eucalyptus tetraptera,5487
Eucalyptus synandra,eucalyptus synandra,297
Eucalyptus synandra ,eucalyptus synandra,5588
Eucalyptus talyuberlup,eucalyptus talyuberlup,228
Eucalyptus talyuberlup,eucalyptus talyuberlup,4804
E. persistens subsp. tardecidens,eucalyptus talyuberlup,2521
NA,eucalyptus tholiformis,2106
Eucalyptus tenella,eucalyptus tenella,763
Eucalyptus tenera,eucalyptus tenera,310
Eucalyptus tenera,eucalyptus tenera,2228
Eucalyptus tenera,eucalyptus tenera,3590
Eucalyptus tenera ,eucalyptus tenera,238
Eucalyptus tenera,eucalyptus depauperata,5053
Eucalyptus tenuipes,eucalyptus tenuipes,693
Eucalyptus tenuipes,eucalyptus tenuipes,6473
Eucalyptus tenuipes,eucalyptus tenuipes,6475
Eucalyptus tenuiramis,eucalyptus tenuiramis,1976
Eucalyptus tenuiramis,eucalyptus tenuiramis,6721
Eucalyptus tenuis,eucalyptus tenuis,326
NA,eucalyptus incerata,314
Eucalyptus terebra,eucalyptus terebra,117
Eucalyptus terebra,eucalyptus terebra,3607
Eucalyptus tereticornis subsp. basaltica,eucalyptus tereticornis,2937
Eucalyptus tereticornis subsp. mediana,eucalyptus tereticornis,1736
Eucalyptus tereticornis subsp. rotunda,eucalyptus tereticornis,1272
Eucalyptus tereticornis subsp. tereticornis,eucalyptus tereticornis,713
Eucalyptus tereticornis subsp. tereticornis,eucalyptus tereticornis,13398
Eucalyptus tereticornis subsp. tereticornis,eucalyptus tereticornis,13661
NA,eucalyptus blakelyi,6173
Eucalyptus tetrapleura,eucalyptus tetrapleura,1242
Eucalyptus tetraptera,eucalyptus tetraptera,180
Eucalyptus tetraptera,eucalyptus tetraptera,6015
Eucalyptus tetraptera,eucalyptus tetraptera,6349
Eucalyptus tetrodonta,eucalyptus tetrodonta,1918
Eucalyptus thamnoides,eucalyptus thamnoides,3454
,eucalyptus thamnoides,3559
Eucalyptus tholiformis,eucalyptus tholiformis,1275
Eucalyptus tholiformis,eucalyptus tholiformis,1279
Eucalyptus thozetiana,eucalyptus thozetiana,1281
Eucalyptus tindaliae,eucalyptus tindaliae,1243
Eucalyptus tindaliae,eucalyptus tindaliae,2109
Eucalyptus tindaliae,eucalyptus tindaliae,6801
Eucalyptus todtiana,eucalyptus todtiana,247
Eucalyptus todtiana,eucalyptus todtiana,3763
Eucalyptus todtiana,eucalyptus todtiana,5075
Eucalyptus torquata,eucalyptus torquata,135
Eucalyptus tortilis,eucalyptus tortilis,130
Eucalyptus transcontinentalis ,eucalyptus transcontinentalis,550
Eucalyptus tricarpa,eucalyptus tricarpa,1727
Eucalyptus tricarpa,eucalyptus tricarpa,6784
Eucalyptus tricarpa,eucalyptus tricarpa,6105
Eucalyptus triflora,eucalyptus triflora,2904
Eucalyptus triflora,eucalyptus triflora,6303
E. trivalvis,eucalyptus trivalvis,529
E. trivalvis,eucalyptus trivalvis,5936
E. trivalvis,eucalyptus trivalvis,1534
Eucalyptus tumida,eucalyptus tumida,159
Eucalyptus ultima,eucalyptus ultima,1182
Eucalyptus ultima,eucalyptus ultima,2202
Eucalyptus umbra,eucalyptus umbra,2912
NA,eucalyptus confluens,2458
NA,eucalyptus discreta,162
NA,eucalyptus discreta,1089
NA,eucalyptus uncinata,3575
E. uncinata subsp. uncinata,eucalyptus uncinata,195
E. uncinata subsp. uncinata,eucalyptus uncinata,3453
E. uncinata subsp. uncinata,eucalyptus uncinata,5992
Eucalyptus urna,eucalyptus urna,1087
Eucalyptus urna,eucalyptus urna,1817
Eucalyptus urna,eucalyptus urna,1838
Eucalyptus urna,eucalyptus urna,1851
NA,eucalyptus gunnii,1981
NA,eucalyptus gunnii,7410
Eucalyptus utilis,eucalyptus utilis,215
Eucalyptus utilis,eucalyptus utilis,3705
Eucalyptus utilis,eucalyptus utilis,5493
Eucalyptus utilis ,eucalyptus utilis,4589
Eucalyptus valens,eucalyptus valens,158
NA,eucalyptus redunca,163
NA,eucalyptus redunca,167
Eucalyptus vegrandis subsp. recondita,eucalyptus vegrandis,1621
Eucalyptus vegrandis subsp. recondita,eucalyptus vegrandis,1883
Eucalyptus vegrandis subsp. vegrandis,eucalyptus vegrandis,201
Eucalyptus vegrandis subsp. vegrandis,eucalyptus vegrandis,207
Eucalyptus vegrandis subsp. vegrandis,eucalyptus vegrandis,3563
Eucalyptus vernicosa,eucalyptus vernicosa,2577
Eucalyptus vernicosa,eucalyptus vernicosa,7403
Eucalyptus verrucata,eucalyptus verrucata,357
Eucalyptus verrucata,eucalyptus verrucata,455
Eucalyptus verrucata,eucalyptus verrucata,3787
Eucalyptus vesiculosa,eucalyptus vesiculosa,3565
Eucalyptus vicina,eucalyptus vicina,728
Eucalyptus vicina,eucalyptus vicina,6147
Eucalyptus vicina,eucalyptus vicina,2964
Eucalyptus vicina,eucalyptus vicina,6502
Eucalyptus victoriana,eucalyptus victoriana,358
Eucalyptus victoriana,eucalyptus victoriana,3786
Eucalyptus victoriana,eucalyptus victoriana,6093
Eucalyptus victrix,eucalyptus victrix,1178
Eucalyptus victrix,eucalyptus victrix,2436
Eucalyptus victrix ,eucalyptus victrix,5568
Eucalyptus viminalis subsp. cygnetensis,eucalyptus viminalis,941
Eucalyptus viminalis subsp. cygnetensis,eucalyptus viminalis,5907
Eucalyptus viminalis subsp. cygnetensis,eucalyptus viminalis,6108
Eucalyptus viminalis subsp. hentyensis,eucalyptus viminalis,1969
Eucalyptus viminalis subsp. hentyensis,eucalyptus viminalis,7425
Eucalyptus viminalis subsp. pryoriana,eucalyptus viminalis,1740
Eucalyptus viminalis subsp. pryoriana,eucalyptus viminalis,7235
Eucalyptus viminalis subsp. viminalis,eucalyptus viminalis,1724
Eucalyptus viminalis subsp. viminalis,eucalyptus viminalis,6158
Eucalyptus viminalis subsp. viminalis,eucalyptus viminalis,Evimvim_1
NA,eucalyptus calycogona,286
NA,eucalyptus calycogona,1116
Eucalyptus virens,eucalyptus virens,2116
NA,eucalyptus lanepoolei,4635
NA,eucalyptus lanepoolei,5536
Eucalyptus viridis,eucalyptus viridis,729
Eucalyptus viridis,eucalyptus viridis,6176
NA,na,4534
NA,na,6172
Eucalyptus vittata,eucalyptus vittata,3474
Eucalyptus vittata,eucalyptus vittata,3667
Eucalyptus vittata ,eucalyptus vittata,3830
Eucalyptus vokesensis,eucalyptus vokesensis,1502
Eucalyptus vokesensis,eucalyptus vokesensis,2619
E. retinens,eucalyptus retinens,648
E. retinens,eucalyptus retinens,6157
E. retinens,eucalyptus retinens,6231
NA,eucalyptus wandoo,285
Eucalyptus wandoo subsp. wandoo,eucalyptus wandoo,230
Eucalyptus wandoo subsp. wandoo,eucalyptus wandoo,3447
E. websteriana subsp. websteriana,eucalyptus websteriana,331
E. websteriana subsp. websteriana,eucalyptus websteriana,6947
E. websteriana subsp. websteriana,eucalyptus websteriana,138
Eucalyptus whitei,eucalyptus whitei,2536
Eucalyptus wilcoxii,eucalyptus wilcoxii,1768
Eucalyptus williamsiana,eucalyptus williamsiana,660
E. willisii subsp. willisii,eucalyptus willisii,7233
NA,eucalyptus polybractea,1590
NA,eucalyptus polybractea,6866
Eucalyptus woodwardii,eucalyptus woodwardii,340
Eucalyptus woodwardii,eucalyptus woodwardii,2300
E. pilligaensis,eucalyptus pilligaensis,681
Eucalyptus wubinensis,eucalyptus wubinensis,3498
Eucalyptus wyolensis,eucalyptus wyolensis,112
Eucalyptus wyolensis,eucalyptus wyolensis,2633
E. abdita,eucalyptus abdita,251
E. balanites,eucalyptus balanites,4440
E. balanopelex,eucalyptus balanopelex,169
NA,na,3576
E. brachyphylla,eucalyptus brachyphylla,338
NA,na,4799
NA,na,3545
NA,na,1098
E. impensa,eucalyptus impensa,264
E. impensa,eucalyptus impensa,3771
NA,na,3509
NA,na,5069
E. lateritica,eucalyptus laterica,259
E. lateritica,eucalyptus laterica,3521
NA,na,3519
NA,na,2582
NA,na,226
E. pruiniramis,eucalyptus pruiniramis,284
NA,na,3703
E. xanthonema subsp. xanthonema,na,202
E. xanthonema subsp. xanthonema,na,232
E. xanthonema subsp. xanthonema,na,5062
Eucalyptus xerothermica,eucalyptus xerothermica,541
Eucalyptus xerothermica,eucalyptus xerothermica,1183
Eucalyptus xerothermica,eucalyptus xerothermica,1187
Eucalyptus yalatensis,eucalyptus yalatensis,950
Eucalyptus yalatensis,eucalyptus yalatensis,2129
Eucalyptus yalatensis,eucalyptus yalatensis,6000
Eucalyptus yalatensis ,eucalyptus yalatensis,2142
Eucalyptus yarraensis,eucalyptus yarraensis,1728
Eucalyptus yilgarnensis,eucalyptus yilgarnensis,1566
Eucalyptus yilgarnensis,eucalyptus yilgarnensis,6926
Eucalyptus youmanii,eucalyptus youmanii,654
Eucalyptus youmanii,eucalyptus youmanii,676
Eucalyptus youngiana,eucalyptus youngiana,523
Eucalyptus youngiana,eucalyptus youngiana,5938
Eucalyptus youngiana ,eucalyptus youngiana,4542
Eucalyptus youngiana,eucalyptus youngiana,1535
Eucalyptus yumbarrana,eucalyptus yumbarrana,1078
Eucalyptus yumbarrana,eucalyptus yumbarrana,1808
Eucalyptus zopherophloia,eucalyptus zopherophloia,267
