phylo.tip.label.match,new.tip_unique.ID,uniqueID
angophora_costata,angophora_costata_subsp._costata_2073,2073
angophora_costata,angophora_costata_subsp._costata_6796,6796
angophora_costata,angophora_costata_subsp._euryphylla_2082,2082
angophora_costata,angophora_costata_subsp._euryphylla_3206,3206
angophora_hispida,angophora_hispida_6746,6746
angophora_hispida,angophora_hispida_Ahisp_1,Ahisp_1
angophora_costata,angophora_leiocarpa_2103,2103
corymbia_arenaria,corymbia_arnhemensis_2484,2484
corymbia_brachycarpa,corymbia_brachycarpa_2534,2534
corymbia_brachycarpa,corymbia_brachycarpa_5141,5141
corymbia_cadophora,corymbia_cadophora_subsp._cadophora_1905,1905
corymbia_cadophora,corymbia_cadophora_subsp._pliantha_1929,1929
corymbia_cadophora,corymbia_cadophora_subsp._polychroma_5858,5858
corymbia_calophylla,corymbia_calophylla_229,229
corymbia_calophylla,corymbia_calophylla_1160,1160
corymbia_calophylla,corymbia_calophylla_3421,3421
corymbia_calophylla,corymbia_calophylla_6707,6707
corymbia_dichromophloia,corymbia_capricornia_1335,1335
corymbia_dichromophloia,corymbia_capricornia_4192,4192
corymbia_papillosa,corymbia_chartacea_2474,2474
corymbia_chippendalei,corymbia_chippendalei_2695,2695
corymbia_chippendalei,corymbia_chippendalei_4264,4264
corymbia_chippendalei,corymbia_chippendalei_4288,4288
corymbia_haematoxylon,corymbia_chlorolampra_2213,2213
corymbia_haematoxylon,corymbia_chlorolampra_5076,5076
corymbia_haematoxylon,corymbia_chlorolampra_7227,7227
corymbia_citriodora,corymbia_citriodora_702,702
corymbia_brachycarpa,corymbia_clandestina_2541,2541
corymbia_erythrophloia,corymbia_cliftoniana_1940,1940
corymbia_erythrophloia,corymbia_cliftoniana_5851,5851
corymbia_greeniana,corymbia_dampieri_1900,1900
corymbia_greeniana,corymbia_dampieri_(c._greeniana)_1906,1906
corymbia_deserticola,corymbia_deserticola_subsp._deserticola_542,542
corymbia_deserticola,corymbia_deserticola_subsp._deserticola_4267,4267
corymbia_deserticola,corymbia_deserticola_subsp._deserticola_5750,5750
corymbia_deserticola,corymbia_deserticola_subsp._mesogeotica_2439,2439
corymbia_dichromophloia,corymbia_dichromophloia_2463,2463
corymbia_dichromophloia,corymbia_dichromophloia_1928,1928
corymbia_dichromophloia,corymbia_drysdalensis_1907,1907
corymbia_ellipsoidea,corymbia_ellipsoidea_5112,5112
corymbia_eremaea,corymbia_eremaea_subsp._eremaea_1210,1210
corymbia_eremaea,corymbia_eremaea_subsp._eremaea_1708,1708
corymbia_eremaea,corymbia_eremaea_subsp._oligiocarpa_1208,1208
corymbia_erythrophloia,corymbia_erythrophloia_2530,2530
corymbia_ferruginea,corymbia_ferruginea_subsp._ferruginea_2466,2466
corymbia_ferruginea,corymbia_ferruginea_subsp._stypophylla_1336,1336
corymbia_ferruginea,corymbia_ferruginea_subsp._stypophylla_2443,2443
corymbia_ficifolia,corymbia_ficifolia_1138,1138
corymbia_ficifolia,corymbia_ficifolia_3761,3761
corymbia_ficifolia,corymbia_ficifolia_5523,5523
corymbia_grandifolia,corymbia_grandifolia_subsp._lamprocardia_2461,2461
corymbia_grandifolia,corymbia_grandifolia_subsp._longa_4215,4215
corymbia_haematoxylon,corymbia_haematoxylon_1147,1147
corymbia_hamersleyana,corymbia_hamersleyana_1190,1190
corymbia_hamersleyana,corymbia_hamersleyana_4260,4260
corymbia_lenziana,corymbia_lenziana_537,537
corymbia_lenziana,corymbia_lenziana_5733,5733
corymbia_ligans,corymbia_ligans_2527,2527
corymbia_ligans,corymbia_ligans_(subsp._novacastrensis)_2504,2504
corymbia_henryi,corymbia_maculata_(c._henryi)_1259,1259
corymbia_henryi,corymbia_maculata_(c._henryi)_2092,2092
corymbia_nesophila,corymbia_nesophila_1319,1319
corymbia_nesophila,corymbia_nesophila_2515,2515
corymbia_dichromophloia,corymbia_oocarpa_2479,2479
corymbia_opaca,corymbia_opaca_1196,1196
corymbia_opaca,corymbia_opaca_2434,2434
corymbia_pachycarpa,corymbia_pachycarpa_1939,1939
corymbia_pachycarpa,corymbia_pachycarpa_(subsp._glabrescens)_1198,1198
corymbia_papillosa,corymbia_papillosa_4207,4207
corymbia_papillosa,corymbia_papillosa_(subsp._globifera)_5806,5806
corymbia_ellipsoidea,corymbia_pocillum_2497,2497
corymbia_polycarpa,corymbia_polycarpa_1902,1902
corymbia_polycarpa,corymbia_polycarpa_4197,4197
corymbia_polysciada,corymbia_polysciada_2457,2457
corymbia_polysciada,corymbia_polysciada_4218,4218
corymbia_ptychocarpa,corymbia_ptychocarpa_subsp._aptycha_2476,2476
corymbia_ptychocarpa,corymbia_ptychocarpa_subsp._ptychocarpa_1343,1343
corymbia_ptychocarpa,corymbia_ptychocarpa_subsp._ptychocarpa_1912,1912
corymbia_arenaria,corymbia_serendipita_2502,2502
corymbia_pachycarpa,corymbia_sphaerica_2437,2437
corymbia_stockeri,corymbia_stockeri_subsp._peninsularis_1318,1318
corymbia_stockeri,corymbia_stockeri_subsp._peninsularis_2513,2513
corymbia_stockeri,corymbia_stockeri_subsp._stockeri_2507,2507
corymbia_stockeri,corymbia_stockeri_subsp._stockeri_(c._lamprophylla)_1290,1290
corymbia_terminalis,corymbia_terminalis_2120,2120
corymbia_terminalis,corymbia_terminalis_2449,2449
corymbia_terminalis,corymbia_terminalis_4175,4175
corymbia_trachyphloia,corymbia_trachyphloia_subsp._amphistomatica_684,684
corymbia_trachyphloia,corymbia_trachyphloia_subsp._amphistomatica_2084,2084
corymbia_trachyphloia,corymbia_trachyphloia_subsp._trachyphloia_714,714
corymbia_trachyphloia,corymbia_trachyphloia_subsp._trachyphloia_2110,2110
corymbia_trachyphloia,corymbia_trachyphloia_subsp._trachyphloia_5128,5128
corymbia_erythrophloia,corymbia_umbonata_2488,2488
corymbia_citriodora,corymbia_variegata_1246,1246
corymbia_citriodora,corymbia_citriodora_721,721
corymbia_watsoniana,corymbia_watsoniana_subsp._capillata_2547,2547
corymbia_watsoniana,corymbia_watsoniana_subsp._capillata_(c._catenaria)_700,700
corymbia_watsoniana,corymbia_watsoniana_subsp._watsoniana_688,688
eucalyptus_acaciiformis,eucalyptus_acaciiformis_657,657
eucalyptus_acaciiformis,eucalyptus_acaciiformis_6217,6217
eucalyptus_acmenoides,eucalyptus_acmenoides_2087,2087
eucalyptus_acmenoides,eucalyptus_acmenoides_(e._contracta)_6456,6456
eucalyptus_acmenoides,eucalyptus_acmenoides_(e._uvida)_1299,1299
eucalyptus_decipiens,eucalyptus_adesmophloia_216,216
eucalyptus_decipiens,eucalyptus_adesmophloia_-_e._obesa_intergrade_(e._communalis)_200,200
eucalyptus_viridis,eucalyptus_aenea_2083,2083
eucalyptus_aequioperta,eucalyptus_aequioperta_3448,3448
eucalyptus_aequioperta,eucalyptus_aequioperta_4677,4677
eucalyptus_aequioperta,eucalyptus_aequioperta_5458,5458
eucalyptus_trivalvis,eucalyptus_aff._trivalva_5200,5200
eucalyptus_umbra,eucalyptus_aff._umbra_(?helidonica)_2934,2934
eucalyptus_agglomerata,eucalyptus_agglomerata_1754,1754
eucalyptus_aggregata,eucalyptus_aggregata_1224,1224
eucalyptus_aggregata,eucalyptus_aggregata_7365,7365
eucalyptus_cypellocarpa,eucalyptus_cypellocarpa_356,356
eucalyptus_cypellocarpa,eucalyptus_cypellocarpa_4745,4745
eucalyptus_kingsmillii,eucalyptus_alatissima_7,7
eucalyptus_kingsmillii,eucalyptus_alatissima_1530,1530
eucalyptus_alba,eucalyptus_alba_var._australasica_2475,2475
eucalyptus_alba,eucalyptus_alba_var._australasica_4211,4211
eucalyptus_albens,eucalyptus_albens_1676,1676
eucalyptus_albens,eucalyptus_albens_2898,2898
eucalyptus_albida,eucalyptus_albida_2214,2214
eucalyptus_albida,eucalyptus_albida_3437,3437
eucalyptus_albida,eucalyptus_albida_3699,3699
eucalyptus_albopurpurea,eucalyptus_albopurpurea_942,942
eucalyptus_albopurpurea,eucalyptus_albopurpurea_3180,3180
eucalyptus_albopurpurea,eucalyptus_albopurpurea_Ealb_1,Ealb_1
eucalyptus_albopurpurea,eucalyptus_albopurpurea_(atypical_form)_825,825
eucalyptus_alipes,eucalyptus_alipes_3675,3675
eucalyptus_alipes,eucalyptus_alipes_3678,3678
eucalyptus_alipes,eucalyptus_alipes_5480,5480
eucalyptus_alligatrix,eucalyptus_alligatrix_subsp._alligatrix_1774,1774
eucalyptus_alligatrix,eucalyptus_alligatrix_subsp._alligatrix_(subsp._limaensis)_1773,1773
eucalyptus_alligatrix,eucalyptus_alligatrix_subsp._miscella_776,776
eucalyptus_alligatrix,eucalyptus_alpina_7046,7046
eucalyptus_nudicaulis,eucalyptus_ammophila_1284,1284
eucalyptus_nudicaulis,eucalyptus_ammophila_6497,6497
eucalyptus_amplifolia,eucalyptus_amplifolia_subsp._amplifolia_604,604
eucalyptus_amplifolia,eucalyptus_amplifolia_subsp._sessiliflora_668,668
eucalyptus_amygdalina,eucalyptus_amygdalina_1987,1987
eucalyptus_amygdalina,eucalyptus_amygdalina_6723,6723
eucalyptus_andrewsii,eucalyptus_andrewsii_670,670
eucalyptus_angulosa,eucalyptus_angulosa_1136,1136
eucalyptus_angulosa,eucalyptus_angulosa_3706,3706
eucalyptus_angulosa,eucalyptus_angulosa_5983,5983
eucalyptus_angulosa,eucalyptus_angulosa_3746,3746
eucalyptus_angulosa,eucalyptus_angulosa_(e._grossifolia)_3554,3554
eucalyptus_angulosa,eucalyptus_angulosa_(sa_variant)_939,939
eucalyptus_angulosa,eucalyptus_angulosa_(sa_variant)_5905,5905
eucalyptus_angustissima,eucalyptus_angustissima_150,150
eucalyptus_angustissima,eucalyptus_angustissima_2264,2264
eucalyptus_angustissima,eucalyptus_angustissima_5996,5996
eucalyptus_kessellii,eucalyptus_annettae_6359,6359
eucalyptus_apiculata,eucalyptus_apiculata_617,617
eucalyptus_apiculata,eucalyptus_apiculata_(e._laophila)_772,772
eucalyptus_apothalassica,eucalyptus_apothalassica_1263,1263
eucalyptus_approximans,eucalyptus_approximans_2090,2090
eucalyptus_aquilina,eucalyptus_aquilina_176,176
eucalyptus_aquilina,eucalyptus_aquilina_4604,4604
eucalyptus_arachnaea,eucalyptus_arachnaea_subsp._arachnaea_296,296
eucalyptus_arachnaea,eucalyptus_arachnaea_subsp._arrecta_2216,2216
eucalyptus_arachnaea,eucalyptus_arachnaea_subsp._arrecta_5556,5556
eucalyptus_arborella,eucalyptus_arborella_1127,1127
eucalyptus_arborella,eucalyptus_arborella_4803,4803
eucalyptus_aromaphloia,eucalyptus_arcana_1800,1800
eucalyptus_aromaphloia,eucalyptus_arcana_4319,4319
eucalyptus_gunnii,eucalyptus_archeri_1990,1990
eucalyptus_gunnii,eucalyptus_archeri_7389,7389
eucalyptus_arenacea,eucalyptus_arenacea_1588,1588
eucalyptus_argutifolia,eucalyptus_argutifolia_249,249
eucalyptus_argutifolia,eucalyptus_argutifolia_4626,4626
eucalyptus_lucasii,eucalyptus_aridomontana_1191,1191
eucalyptus_lucasii,eucalyptus_aridomontana_5766,5766
eucalyptus_lucasii,eucalyptus_aridomontana_5778,5778
eucalyptus_erythronema,eucalyptus_armillata_287,287
eucalyptus_aromaphloia,eucalyptus_aromaphloia_4313,4313
eucalyptus_aromaphloia,eucalyptus_aromaphloia_(smooth_bark)_355,355
eucalyptus_aspersa,eucalyptus_aspersa_1149,1149
eucalyptus_aspersa,eucalyptus_aspersa_1888,1888
eucalyptus_aspersa,eucalyptus_aspersa_1890,1890
eucalyptus_aspratilis,eucalyptus_aspratilis_328,328
eucalyptus_aspratilis,eucalyptus_aspratilis_7001,7001
eucalyptus_aspratilis,eucalyptus_aspratilis_-_e._sporadica_intergrade_5468,5468
eucalyptus_assimilans,eucalyptus_assimilans_1826,1826
eucalyptus_assimilans,eucalyptus_assimilans_4551,4551
eucalyptus_astringens,eucalyptus_astringens_subsp._astringens_3423,3423
eucalyptus_astringens,eucalyptus_astringens_subsp._astringens_3438,3438
eucalyptus_astringens,eucalyptus_astringens_subsp._astringens_3503,3503
eucalyptus_astringens,eucalyptus_astringens_subsp._redacta_194,194
eucalyptus_astringens,eucalyptus_astringens_subsp._redacta_214,214
eucalyptus_astringens,eucalyptus_astringens_subsp._redacta_2243,2243
eucalyptus_astringens,eucalyptus_astringens_subsp._redacta_(pink_form)_3585,3585
eucalyptus_miniata,eucalyptus_aurantiaca_1903,1903
eucalyptus_miniata,eucalyptus_aurantiaca_4224,4224
eucalyptus_arenacea,eucalyptus_aurifodina_6104,6104
eucalyptus_baeuerlenii,eucalyptus_baeuerlenii_1227,1227
eucalyptus_baeuerlenii,eucalyptus_baeuerlenii_6263,6263
eucalyptus_baeuerlenii,eucalyptus_baeuerlenii_6312,6312
eucalyptus_baileyana,eucalyptus_baileyana_665,665
eucalyptus_baileyana,eucalyptus_baileyana_2938,2938
eucalyptus_baileyana,eucalyptus_baileyana_6455,6455
eucalyptus_bakeri,eucalyptus_bakeri_1269,1269
eucalyptus_bakeri,eucalyptus_bakeri_6177,6177
eucalyptus_balladoniensis,eucalyptus_balladoniensis_subsp._balladoniensis_118,118
eucalyptus_balladoniensis,eucalyptus_balladoniensis_subsp._balladoniensis_3602,3602
eucalyptus_balladoniensis,eucalyptus_balladoniensis_subsp._sedens_347,347
eucalyptus_balladoniensis,eucalyptus_balladoniensis_subsp._sedens_2784,2784
eucalyptus_interstans,eucalyptus_bancroftii_1241,1241
eucalyptus_goniocalyx,eucalyptus_banksii_653,653
eucalyptus_barberi,eucalyptus_barberi_1989,1989
eucalyptus_barberi,eucalyptus_barberi_7412,7412
eucalyptus_ovularis,eucalyptus_baudiniana_5577,5577
eucalyptus_ovularis,eucalyptus_baudiniana_-_e._oraria_intergrade_5575,5575
eucalyptus_baueriana,eucalyptus_baueriana_1734,1734
eucalyptus_baueriana,eucalyptus_baueriana_(subsp._deddickensis)_7378,7378
eucalyptus_baueriana,eucalyptus_baueriana_(subsp._thalassina)_6097,6097
eucalyptus_baxteri,eucalyptus_baxteri_815,815
eucalyptus_baxteri,eucalyptus_baxteri_7234,7234
eucalyptus_beardiana,eucalyptus_beardiana_2208,2208
eucalyptus_beardiana,eucalyptus_beardiana_5708,5708
eucalyptus_behriana,eucalyptus_behriana_783,783
eucalyptus_behriana,eucalyptus_behriana_2065,2065
eucalyptus_behriana,eucalyptus_behriana_3183,3183
eucalyptus_behriana,eucalyptus_behriana_5285,5285
eucalyptus_behriana,eucalyptus_behriana_5915,5915
eucalyptus_bensonii,eucalyptus_bensonii_773,773
eucalyptus_benthamii,eucalyptus_benthamii_3203,3203
eucalyptus_globulus,eucalyptus_bicostata_468,468
eucalyptus_globulus,eucalyptus_bicostata_3212,3212
eucalyptus_deglupta,eucalyptus_binacag_19492,19492
eucalyptus_deglupta,eucalyptus_binacag_21163,21163
eucalyptus_pellita,eucalyptus_biterranea_2518,2518
eucalyptus_pellita,eucalyptus_biterranea_6438,6438
eucalyptus_blakelyi,eucalyptus_blakelyi_722,722
eucalyptus_blakelyi,eucalyptus_blakelyi_3796,3796
eucalyptus_blaxlandii,eucalyptus_blaxlandii_1225,1225
eucalyptus_blaxlandii,eucalyptus_blaxlandii_2916,2916
eucalyptus_blaxlandii,eucalyptus_blaxlandii_5872,5872
eucalyptus_blaxlandii,eucalyptus_blaxlandii_6284,6284
eucalyptus_bosistoana,eucalyptus_bosistoana_1733,1733
eucalyptus_bosistoana,eucalyptus_bosistoana_2902,2902
eucalyptus_botryoides,eucalyptus_botryoides_1739,1739
eucalyptus_botryoides,eucalyptus_botryoides_6307,6307
eucalyptus_brachycalyx,eucalyptus_brachycalyx_1072,1072
eucalyptus_brachycalyx,eucalyptus_brachycalyx_-_e._laevis_intergrade_5966,5966
eucalyptus_brachycalyx,eucalyptus_brachycalyx_(e._pleurocorys)_553,553
eucalyptus_brachycalyx,eucalyptus_brachycalyx_(e._pleurocorys)_2245,2245
eucalyptus_brachycalyx,eucalyptus_brachycalyx_(e._pleurocorys)_2801,2801
eucalyptus_tetraptera,eucalyptus_brandiana_5514,5514
eucalyptus_brassiana,eucalyptus_brassiana_1316,1316
eucalyptus_brassiana,eucalyptus_brassiana_2512,2512
eucalyptus_brevifolia,eucalyptus_brevifolia_1936,1936
eucalyptus_brevifolia,eucalyptus_brevifolia_4220,4220
eucalyptus_brevifolia,eucalyptus_brevifolia_6640,6640
eucalyptus_bridgesiana,eucalyptus_bridgesiana_570,570
eucalyptus_bridgesiana,eucalyptus_bridgesiana_(e._saxicola)_5271,5271
eucalyptus_bridgesiana,eucalyptus_bridgesiana_(large_juveniles)_760,760
eucalyptus_bridgesiana,eucalyptus_bridgesiana_(large_juveniles)_2950,2950
eucalyptus_brockwayi,eucalyptus_brockwayi_136,136
eucalyptus_brockwayi,eucalyptus_brockwayi_2166,2166
eucalyptus_brockwayi,eucalyptus_brockwayi_2168,2168
eucalyptus_brookeriana,eucalyptus_brookeriana_1988,1988
eucalyptus_brookeriana,eucalyptus_brookeriana_1965,1965
eucalyptus_brookeriana,eucalyptus_brookeriana_1967,1967
eucalyptus_brookeriana,eucalyptus_brookeriana_4513,4513
eucalyptus_hallii,eucalyptus_broviniensis_6478,6478
eucalyptus_buprestium,eucalyptus_buprestium_223,223
eucalyptus_buprestium,eucalyptus_buprestium_6703,6703
eucalyptus_caesia,eucalyptus_caesia_subsp._'boyagin'_5542,5542
eucalyptus_caesia,eucalyptus_caesia_subsp._'southern'_3813,3813
eucalyptus_caesia,eucalyptus_caesia_subsp._'southern'_5550,5550
eucalyptus_caesia,eucalyptus_caesia_subsp._'southern'_6026,6026
eucalyptus_caesia,eucalyptus_caesia_subsp._caesia_308,308
eucalyptus_caesia,eucalyptus_caesia_subsp._caesia_3679,3679
eucalyptus_caesia,eucalyptus_caesia_subsp._caesia_3683,3683
eucalyptus_caesia,eucalyptus_caesia_subsp._caesia_5612,5612
eucalyptus_caesia,eucalyptus_caesia_subsp._caesia_6682,6682
eucalyptus_caesia,eucalyptus_caesia_subsp._magna_304,304
eucalyptus_caesia,eucalyptus_caesia_subsp._magna_5455,5455
eucalyptus_caesia,eucalyptus_caesia_subsp._magna_5610,5610
eucalyptus_viridis,eucalyptus_cajuputea_1691,1691
eucalyptus_viridis,eucalyptus_cajuputea_5281,5281
eucalyptus_viridis,eucalyptus_cajuputea_5929,5929
eucalyptus_calcareana,eucalyptus_calcareana_60,60
eucalyptus_calcareana,eucalyptus_calcareana_103,103
eucalyptus_calcareana,eucalyptus_calcareana_1074,1074
eucalyptus_calcareana,eucalyptus_calcareana_2587,2587
eucalyptus_calcareana,eucalyptus_calcareana_2800,2800
eucalyptus_calcicola,eucalyptus_calcicola_subsp._calcicola_1674,1674
eucalyptus_calcicola,eucalyptus_calcicola_subsp._unita_1669,1669
eucalyptus_calcicola,eucalyptus_calcicola_subsp._unita_1878,1878
eucalyptus_calcicola,eucalyptus_calcicola_subsp._unita_3753,3753
eucalyptus_calcicola,eucalyptus_calcicola_subsp._unita_3757,3757
eucalyptus_calcicola,eucalyptus_calcicola_subsp._unita_3978,3978
eucalyptus_caleyi,eucalyptus_caleyi_subsp._caleyi_746,746
eucalyptus_caleyi,eucalyptus_caleyi_subsp._caleyi_-_subsp._ovendenii_intergrade_2102,2102
eucalyptus_caleyi,eucalyptus_caleyi_subsp._ovendenii_2930,2930
eucalyptus_caliginosa,eucalyptus_caliginosa_1249,1249
eucalyptus_caliginosa,eucalyptus_caliginosa_2943,2943
eucalyptus_calycogona,eucalyptus_calycogona_subsp._calycogona_1112,1112
eucalyptus_calycogona,eucalyptus_calycogona_subsp._calycogona_3177,3177
eucalyptus_calycogona,eucalyptus_calycogona_subsp._calycogona_3829,3829
eucalyptus_calycogona,eucalyptus_calycogona_subsp._calycogona_4558,4558
eucalyptus_calycogona,eucalyptus_calycogona_subsp._miraculum_4786,4786
eucalyptus_calycogona,eucalyptus_calycogona_subsp._miraculum_4794,4794
eucalyptus_calycogona,eucalyptus_calycogona_subsp._spaffordii_949,949
eucalyptus_calycogona,eucalyptus_calycogona_subsp._trachybasis_732,732
eucalyptus_calycogona,eucalyptus_calycogona_subsp._trachybasis_2896,2896
eucalyptus_camaldulensis,eucalyptus_camaldulensis_subsp._acuta_2553,2553
eucalyptus_camaldulensis,eucalyptus_camaldulensis_subsp._arida_1206,1206
eucalyptus_camaldulensis,eucalyptus_camaldulensis_subsp._arida_2555,2555
eucalyptus_camaldulensis,eucalyptus_camaldulensis_subsp._arida_3523,3523
eucalyptus_camaldulensis,eucalyptus_camaldulensis_subsp._arida_4177,4177
eucalyptus_camaldulensis,eucalyptus_camaldulensis_subsp._arida_5077,5077
eucalyptus_camaldulensis,eucalyptus_camaldulensis_subsp._arida_5571,5571
eucalyptus_camaldulensis,eucalyptus_camaldulensis_subsp._camaldulensis_823,823
eucalyptus_camaldulensis,eucalyptus_camaldulensis_subsp._camaldulensis_4733,4733
eucalyptus_camaldulensis,eucalyptus_camaldulensis_subsp._camaldulensis_5156,5156
eucalyptus_camaldulensis,eucalyptus_camaldulensis_subsp._minima_5233,5233
eucalyptus_camaldulensis,eucalyptus_camaldulensis_subsp._minima_5279,5279
eucalyptus_camaldulensis,eucalyptus_camaldulensis_subsp._minima_6136,6136
eucalyptus_camaldulensis,eucalyptus_camaldulensis_subsp._minima_6389,6389
eucalyptus_camaldulensis,eucalyptus_camaldulensis_subsp._obtusa_2489,2489
eucalyptus_camaldulensis,eucalyptus_camaldulensis_subsp._obtusa_4231,4231
eucalyptus_camaldulensis,eucalyptus_camaldulensis_subsp._refulgens_4258,4258
eucalyptus_camaldulensis,eucalyptus_camaldulensis_subsp._refulgens_5747,5747
eucalyptus_camaldulensis,eucalyptus_camaldulensis_subsp._simulata_1314,1314
eucalyptus_largeana,eucalyptus_cambageana_697,697
eucalyptus_mckieana,eucalyptus_cameronii_662,662
eucalyptus_mckieana,eucalyptus_cameronii_(e._mensalis)_709,709
eucalyptus_bensonii,eucalyptus_camfieldii_2077,2077
eucalyptus_bensonii,eucalyptus_camfieldii_6794,6794
eucalyptus_andrewsii,eucalyptus_campanulata_1248,1248
eucalyptus_andrewsii,eucalyptus_campanulata_(e._montivaga)_2546,2546
eucalyptus_campaspe,eucalyptus_campaspe_332,332
eucalyptus_campaspe,eucalyptus_campaspe_2174,2174
eucalyptus_campaspe,eucalyptus_campaspe_5660,5660
eucalyptus_camphora,eucalyptus_camphora_subsp._camphora_762,762
eucalyptus_camphora,eucalyptus_camphora_subsp._camphora_(e._aquatica)_616,616
eucalyptus_camphora,eucalyptus_camphora_subsp._humeana_576,576
eucalyptus_camphora,eucalyptus_camphora_subsp._humeana_6333,6333
eucalyptus_camphora,eucalyptus_camphora_subsp._humeana_-_e._strzeleckii_intergrade_(e._bunyip)_6782,6782
eucalyptus_camphora,eucalyptus_camphora_subsp._relicta_5024,5024
eucalyptus_camphora,eucalyptus_camphora_subsp._relicta_6219,6219
eucalyptus_canescens,eucalyptus_canescens_subsp._beadellii_1506,1506
eucalyptus_canescens,eucalyptus_canescens_subsp._canescens_487,487
eucalyptus_capillosa,eucalyptus_capillosa_300,300
eucalyptus_capillosa,eucalyptus_capillosa_2192,2192
eucalyptus_capillosa,eucalyptus_capillosa_(e._nigrifunda)_533,533
eucalyptus_capillosa,eucalyptus_capillosa_(e._nigrifunda)_2722,2722
eucalyptus_capillosa,eucalyptus_capillosa_(subsp._polyclada)_241,241
eucalyptus_ceratocorys,eucalyptus_capitanea_1076,1076
eucalyptus_capitellata,eucalyptus_capitellata_640,640
eucalyptus_capitellata,eucalyptus_capitellata_5262,5262
eucalyptus_captiosa,eucalyptus_captiosa_203,203
eucalyptus_carnea,eucalyptus_carnea_1236,1236
eucalyptus_carnea,eucalyptus_carnea_2925,2925
eucalyptus_carnei,eucalyptus_carnei_547,547
eucalyptus_carnei,eucalyptus_carnei_4302,4302
eucalyptus_celastroides,eucalyptus_celastroides_132,132
eucalyptus_ceratocorys,eucalyptus_ceratocorys_2232,2232
eucalyptus_cernua,eucalyptus_cernua_182,182
eucalyptus_cernua,eucalyptus_cernua_3574,3574
eucalyptus_dalrympleana,eucalyptus_chapmaniana_577,577
eucalyptus_dalrympleana,eucalyptus_chapmaniana_7387,7387
eucalyptus_chartaboma,eucalyptus_chartaboma_2509,2509
eucalyptus_chartaboma,eucalyptus_chartaboma_5143,5143
eucalyptus_blakelyi,eucalyptus_chloroclada_675,675
eucalyptus_blakelyi,eucalyptus_chloroclada_1255,1255
eucalyptus_blakelyi,eucalyptus_chloroclada_6148,6148
eucalyptus_blakelyi,eucalyptus_chloroclada_6464,6464
eucalyptus_blakelyi,eucalyptus_chloroclada_6806,6806
eucalyptus_chlorophylla,eucalyptus_chlorophylla_1315,1315
eucalyptus_chlorophylla,eucalyptus_chlorophylla_1334,1334
eucalyptus_cinerea,eucalyptus_cinerea_subsp._cinerea_3211,3211
eucalyptus_cinerea,eucalyptus_cinerea_subsp._cinerea_6277,6277
eucalyptus_cinerea,eucalyptus_cinerea_subsp._triplex_(subsp._victoriensis)_569,569
eucalyptus_cladocalyx,eucalyptus_cladocalyx_subsp._cladocalyx_3182,3182
eucalyptus_cladocalyx,eucalyptus_cladocalyx_subsp._crassa_1053,1053
eucalyptus_cladocalyx,eucalyptus_cladocalyx_subsp._petila_2569,2569
eucalyptus_cladocalyx,eucalyptus_cladocalyx_x_e._peninsularis_1683,1683
eucalyptus_clelandii,eucalyptus_clelandiorum_333,333
eucalyptus_clelandii,eucalyptus_clelandiorum_7295,7295
eucalyptus_clivicola,eucalyptus_clivicola_193,193
eucalyptus_clivicola,eucalyptus_clivicola_3779,3779
eucalyptus_approximans,eucalyptus_codonocarpa_673,673
eucalyptus_approximans,eucalyptus_codonocarpa_2097,2097
eucalyptus_approximans,eucalyptus_codonocarpa_5025,5025
eucalyptus_comitae-vallis,eucalyptus_comitae-vallis_1897,1897
eucalyptus_comitae-vallis,eucalyptus_comitae-vallis_2767,2767
eucalyptus_concinna,eucalyptus_concinna_1391,1391
eucalyptus_concinna,eucalyptus_concinna_(rib-fruited_variant)_7307,7307
eucalyptus_concinna,eucalyptus_concinna_(sa_big_fruit_variant)_2631,2631
eucalyptus_concinna,eucalyptus_concinna_(small_fruit_variant)_2715,2715
eucalyptus_conferruminata,eucalyptus_conferruminata_subsp._'eastern_mainland'_1639,1639
eucalyptus_conferruminata,eucalyptus_conferruminata_subsp._'eastern_mainland'_6370,6370
eucalyptus_conferruminata,eucalyptus_conferruminata_subsp._conferruminata_3570,3570
eucalyptus_conferruminata,eucalyptus_conferruminata_subsp._conferruminata_4805,4805
eucalyptus_conferruminata,eucalyptus_conferruminata_subsp._recherche_4585,4585
eucalyptus_conferruminata,eucalyptus_conferruminata_subsp._recherche_4588,4588
eucalyptus_conferruminata,eucalyptus_conferruminata_subsp._recherche_4611,4611
eucalyptus_confluens,eucalyptus_confluens_1908,1908
eucalyptus_conglobata,eucalyptus_conglobata_subsp._conglobata_559,559
eucalyptus_conglobata,eucalyptus_conglobata_subsp._conglobata_933,933
eucalyptus_conglobata,eucalyptus_conglobata_subsp._conglobata_938,938
eucalyptus_conglobata,eucalyptus_conglobata_subsp._conglobata_944,944
eucalyptus_conglobata,eucalyptus_conglobata_subsp._conglobata_1106,1106
eucalyptus_conglobata,eucalyptus_conglobata_subsp._conglobata_3588,3588
eucalyptus_conglobata,eucalyptus_conglobata_subsp._conglobata_6017,6017
eucalyptus_conspicua,eucalyptus_conspicua_1747,1747
eucalyptus_conspicua,eucalyptus_conspicua_4516,4516
eucalyptus_conveniens,eucalyptus_conveniens_1162,1162
eucalyptus_conveniens,eucalyptus_conveniens_3516,3516
eucalyptus_coolabah,eucalyptus_coolabah_1355,1355
eucalyptus_coolabah,eucalyptus_coolabah_2957,2957
eucalyptus_coolabah,eucalyptus_coolabah_(e._barklyensis)_4186,4186
eucalyptus_cooperiana,eucalyptus_cooperiana_168,168
eucalyptus_cooperiana,eucalyptus_cooperiana_1813,1813
eucalyptus_cordata,eucalyptus_cordata_subsp._cordata_1985,1985
eucalyptus_cordata,eucalyptus_cordata_subsp._cordata_6726,6726
eucalyptus_cordata,eucalyptus_cordata_subsp._quadrangulosa_1979,1979
eucalyptus_cornuta,eucalyptus_cornuta_173,173
eucalyptus_cornuta,eucalyptus_cornuta_3748,3748
eucalyptus_cornuta,eucalyptus_cornuta_4587,4587
eucalyptus_cornuta,eucalyptus_cornuta_4597,4597
eucalyptus_cornuta,eucalyptus_cornuta_4608,4608
eucalyptus_corrugata,eucalyptus_corrugata_305,305
eucalyptus_corrugata,eucalyptus_corrugata_3483,3483
eucalyptus_corticosa,eucalyptus_corticosa_770,770
eucalyptus_corticosa,eucalyptus_corticosa_6276,6276
eucalyptus_corticosa,eucalyptus_corticosa_(e._conferta)_6781,6781
eucalyptus_corticosa,eucalyptus_corticosa_(e._ignorabilis)_1746,1746
eucalyptus_melanoleuca,eucalyptus_corynodes_1264,1264
eucalyptus_cosmophylla,eucalyptus_cosmophylla_819,819
eucalyptus_cosmophylla,eucalyptus_cosmophylla_7236,7236
eucalyptus_crebra,eucalyptus_crebra_6170,6170
eucalyptus_crebra,eucalyptus_crebra_6453,6453
eucalyptus_crebra,eucalyptus_crebra_6495,6495
eucalyptus_creta,eucalyptus_creta_1102,1102
eucalyptus_creta,eucalyptus_creta_3606,3606
eucalyptus_cretata,eucalyptus_cretata_1689,1689
eucalyptus_cretata,eucalyptus_cretata_-_e._dumosa_intergrade_5932,5932
eucalyptus_crucis,eucalyptus_crucis_subsp._crucis_3681,3681
eucalyptus_crucis,eucalyptus_crucis_subsp._lanceolata_303,303
eucalyptus_crucis,eucalyptus_crucis_subsp._lanceolata_5456,5456
eucalyptus_crucis,eucalyptus_crucis_subsp._lanceolata_5603,5603
eucalyptus_crucis,eucalyptus_crucis_subsp._praecipua_1561,1561
eucalyptus_crucis,eucalyptus_crucis_subsp._praecipua_7318,7318
eucalyptus_exilipes,eucalyptus_cullenii_1322,1322
eucalyptus_cunninghamii,eucalyptus_cunninghamii_626,626
eucalyptus_cunninghamii,eucalyptus_cunninghamii_2915,2915
eucalyptus_cunninghamii,eucalyptus_cunninghamii_5868,5868
eucalyptus_cupularis,eucalyptus_cupularis_1938,1938
eucalyptus_cupularis,eucalyptus_cupularis_6641,6641
eucalyptus_cylindrocarpa,eucalyptus_cylindrocarpa_121,121
eucalyptus_cylindrocarpa,eucalyptus_cylindrocarpa_526,526
eucalyptus_cypellocarpa,eucalyptus_cypellocarpa_-_e._goniocalyx_intergrade_(e._carolaniae)_6787,6787
eucalyptus_cypellocarpa,eucalyptus_cypellocarpa_-_e._goniocalyx_intergrade_(e._goniocalyx_subsp._fallax)_6098,6098
eucalyptus_cypellocarpa,eucalyptus_cypellocarpa_-_e._goniocalyx_intergrade_(e._goniocalyx_subsp._laxa)_6095,6095
eucalyptus_cypellocarpa,eucalyptus_cypellocarpa_(e._oresbia)_2949,2949
eucalyptus_dalrympleana,eucalyptus_dalrympleana_subsp._'howmans_gap'_4867,4867
eucalyptus_dalrympleana,eucalyptus_dalrympleana_subsp._'tasmania'_6736,6736
eucalyptus_dalrympleana,eucalyptus_dalrympleana_subsp._dalrympleana_579,579
eucalyptus_dalrympleana,eucalyptus_dalrympleana_subsp._dalrympleana_1363,1363
eucalyptus_dalrympleana,eucalyptus_dalrympleana_subsp._heptantha_2941,2941
eucalyptus_dalrympleana,eucalyptus_dalrympleana_subsp._heptantha_5022,5022
eucalyptus_magnificata,eucalyptus_dalveenica_1252,1252
eucalyptus_dealbata,eucalyptus_dealbata_723,723
eucalyptus_dealbata,eucalyptus_dealbata_724,724
eucalyptus_dealbata,eucalyptus_dealbata_6171,6171
eucalyptus_dealbata,eucalyptus_dealbata_6242,6242
eucalyptus_decipiens,eucalyptus_decipiens_227,227
eucalyptus_decipiens,eucalyptus_decipiens_1153,1153
eucalyptus_decipiens,eucalyptus_decipiens_3700,3700
eucalyptus_decurva,eucalyptus_decurva_219,219
eucalyptus_decurva,eucalyptus_decurva_3506,3506
eucalyptus_deflexa,eucalyptus_deflexa_1110,1110
eucalyptus_deflexa,eucalyptus_deflexa_4437,4437
eucalyptus_deglupta,eucalyptus_deglupta_19790,19790
eucalyptus_deglupta,eucalyptus_deglupta_19791,19791
eucalyptus_delegatensis,eucalyptus_delegatensis_subsp._delegatensis_573,573
eucalyptus_delegatensis,eucalyptus_delegatensis_subsp._tasmaniensis_1971,1971
eucalyptus_delegatensis,eucalyptus_delegatensis_subsp._tasmaniensis_7400,7400
eucalyptus_delicata,eucalyptus_delicata_149,149
eucalyptus_delicata,eucalyptus_delicata_2262,2262
eucalyptus_burgessiana,eucalyptus_dendromorpha_1758,1758
eucalyptus_burgessiana,eucalyptus_dendromorpha_5869,5869
eucalyptus_densa,eucalyptus_densa_1111,1111
eucalyptus_dielsii,eucalyptus_dielsii_1120,1120
eucalyptus_dielsii,eucalyptus_dielsii_3596,3596
eucalyptus_dielsii,eucalyptus_dielsii_5472,5472
eucalyptus_diminuta,eucalyptus_diminuta_271,271
eucalyptus_diminuta,eucalyptus_diminuta_1168,1168
eucalyptus_diminuta,eucalyptus_diminuta_3544,3544
eucalyptus_diminuta,eucalyptus_diminuta_5543,5543
eucalyptus_diminuta,eucalyptus_diminuta_-_e._stowardii_intergrade_3697,3697
eucalyptus_interstans,eucalyptus_disclusa_707,707
eucalyptus_discreta,eucalyptus_discreta_1091,1091
eucalyptus_discreta,eucalyptus_discreta_3613,3613
eucalyptus_discreta,eucalyptus_sinuensis_5993,5993
eucalyptus_uncinata,eucalyptus_uncinata_subsp._uncinata_6350,6350
eucalyptus_dissimulata,"eucalyptus_dissimulata_subsp._dissimulata
_205",205
eucalyptus_dissimulata,"eucalyptus_dissimulata_subsp._dissimulata
_1629",1629
eucalyptus_dissimulata,"eucalyptus_dissimulata_subsp._dissimulata
_3744",3744
eucalyptus_dissimulata,"eucalyptus_dissimulata_subsp._dissimulata
_3567",3567
eucalyptus_distans,eucalyptus_distans_2452,2452
eucalyptus_distans,eucalyptus_distans_2500,2500
eucalyptus_distuberosa,eucalyptus_distuberosa_subsp._aerata_3653,3653
eucalyptus_distuberosa,eucalyptus_distuberosa_subsp._aerata_3657,3657
eucalyptus_distuberosa,eucalyptus_distuberosa_subsp._distuberosa_3480,3480
eucalyptus_diversicolor,eucalyptus_diversicolor_1142,1142
eucalyptus_diversicolor,eucalyptus_diversicolor_4629,4629
eucalyptus_diversifolia,eucalyptus_diversifolia_subsp._diversifolia_792,792
eucalyptus_diversifolia,eucalyptus_diversifolia_subsp._diversifolia_(subsp._megacarpa)_1991,1991
eucalyptus_diversifolia,eucalyptus_diversifolia_subsp._hesperia_1811,1811
eucalyptus_dives,eucalyptus_dives_572,572
eucalyptus_dives,eucalyptus_dives_6099,6099
eucalyptus_dives,eucalyptus_dives_1760,1760
eucalyptus_dolichocera,eucalyptus_dolichocera_273,273
eucalyptus_dolichocera,eucalyptus_dolichocera_3525,3525
eucalyptus_falcata,eucalyptus_dorrienii_3725,3725
eucalyptus_falcata,eucalyptus_dorrienii_2237,2237
eucalyptus_benthamii,eucalyptus_dorrigoensis_6798,6798
eucalyptus_crebra,eucalyptus_drepanophylla_1317,1317
eucalyptus_crebra,eucalyptus_drepanophylla_2514,2514
eucalyptus_crebra,eucalyptus_drepanophylla_2532,2532
eucalyptus_crebra,eucalyptus_drepanophylla_5133,5133
eucalyptus_crebra,eucalyptus_drepanophylla_(e._xanthoclada)_1294,1294
eucalyptus_crebra,eucalyptus_drepanophylla_(e._xanthoclada)_2531,2531
eucalyptus_drummondii,eucalyptus_drummondii_1156,1156
eucalyptus_drummondii,eucalyptus_drummondii_1892,1892
eucalyptus_drummondii,eucalyptus_drummondii_2212,2212
eucalyptus_drummondii,eucalyptus_drummondii_(microflora_variant)_3549,3549
eucalyptus_dumosa,eucalyptus_dumosa_93,93
eucalyptus_dumosa,eucalyptus_dumosa_981,981
eucalyptus_dumosa,eucalyptus_dumosa_2558,2558
eucalyptus_dumosa,eucalyptus_dumosa_5229,5229
eucalyptus_dundasii,eucalyptus_dundasii_129,129
eucalyptus_dundasii,eucalyptus_dundasii_2175,2175
eucalyptus_dura,eucalyptus_dura_689,689
eucalyptus_dwyeri,eucalyptus_dwyeri_751,751
eucalyptus_dwyeri,eucalyptus_dwyeri_1369,1369
eucalyptus_ebbanoensis,eucalyptus_ebbanoensis_subsp._ebbanoensis_293,293
eucalyptus_ebbanoensis,eucalyptus_ebbanoensis_subsp._glauciramula_2726,2726
eucalyptus_ebbanoensis,eucalyptus_ebbanoensis_subsp._photina_270,270
eucalyptus_petrensis,eucalyptus_ecostata_198,198
eucalyptus_petrensis,eucalyptus_ecostata_5496,5496
eucalyptus_petrensis,eucalyptus_ecostata_3564,3564
eucalyptus_petrensis,eucalyptus_ecostata_2244,2244
eucalyptus_petrensis,eucalyptus_ecostata_3568,3568
eucalyptus_petrensis,eucalyptus_ecostata_-_e._semiglobosa_intergrade_3587,3587
eucalyptus_educta,eucalyptus_educta_335,335
eucalyptus_educta,eucalyptus_educta_1562,1562
eucalyptus_educta,eucalyptus_educta_5600,5600
eucalyptus_educta,eucalyptus_educta_6921,6921
eucalyptus_educta,eucalyptus_educta_6928,6928
eucalyptus_educta,eucalyptus_educta_7300,7300
eucalyptus_effusa,eucalyptus_effusa_subsp._effusa_127,127
eucalyptus_effusa,eucalyptus_effusa_subsp._effusa_3631,3631
eucalyptus_effusa,eucalyptus_effusa_subsp._exsul_1540,1540
eucalyptus_effusa,eucalyptus_effusa_subsp._exsul_1554,1554
eucalyptus_elaeophloia,eucalyptus_elaeophloia_586,586
eucalyptus_elaeophloia,eucalyptus_elaeophloia_7379,7379
eucalyptus_elata,eucalyptus_elata_1742,1742
eucalyptus_elata,eucalyptus_elata_4880,4880
eucalyptus_elata,eucalyptus_elata_2901,2901
eucalyptus_elata,eucalyptus_elata_(e._ornans)_6783,6783
eucalyptus_crebra,eucalyptus_elegans_680,680
eucalyptus_elliptica,eucalyptus_elliptica_1367,1367
eucalyptus_elliptica,eucalyptus_elliptica_2948,2948
eucalyptus_elliptica,eucalyptus_elliptica_6228,6228
eucalyptus_erectifolia,eucalyptus_erectifolia_231,231
eucalyptus_erectifolia,eucalyptus_erectifolia_1623,1623
eucalyptus_eremicola,eucalyptus_eremicola_subsp._eremicola_1500,1500
eucalyptus_eremicola,eucalyptus_eremicola_subsp._eremicola_2614,2614
eucalyptus_eremicola,eucalyptus_eremicola_subsp._peeneri_1518,1518
eucalyptus_eremicola,eucalyptus_eremicola_subsp._peeneri_1542,1542
eucalyptus_eremophila,eucalyptus_eremophila_345,345
eucalyptus_eremophila,eucalyptus_eremophila_5046,5046
eucalyptus_eremophila,eucalyptus_eremophila_5994,5994
eucalyptus_eremophila,eucalyptus_eremophila_(twilight_cove_variant)_5976,5976
eucalyptus_eugenioides,eucalyptus_erosa_2118,2118
eucalyptus_erythrocorys,eucalyptus_erythrocorys_265,265
eucalyptus_erythrocorys,eucalyptus_erythrocorys_5081,5081
eucalyptus_erythrocorys,eucalyptus_erythrocorys_5570,5570
eucalyptus_erythronema,eucalyptus_erythronema_subsp._erythronema_3458,3458
eucalyptus_erythronema,eucalyptus_erythronema_subsp._inornata_245,245
eucalyptus_erythronema,eucalyptus_erythronema_subsp._inornata_3685,3685
eucalyptus_eudesmioides,eucalyptus_eudesmioides_2207,2207
eucalyptus_eudesmioides,eucalyptus_eudesmioides_5740,5740
eucalyptus_eudesmioides,eucalyptus_eudesmioides_279,279
eucalyptus_eugenioides,eucalyptus_eugenioides_1235,1235
eucalyptus_ewartiana,eucalyptus_ewartiana_280,280
eucalyptus_ewartiana,eucalyptus_ewartiana_2721,2721
eucalyptus_exigua,eucalyptus_exigua_322,322
eucalyptus_exigua,eucalyptus_exigua_3676,3676
eucalyptus_exilipes,eucalyptus_exilipes_1289,1289
eucalyptus_exilis,eucalyptus_exilis_263,263
eucalyptus_exilis,eucalyptus_exilis_3507,3507
eucalyptus_exilis,eucalyptus_exilis_5541,5541
eucalyptus_eugenioides,eucalyptus_expressa_5265,5265
eucalyptus_eugenioides,eucalyptus_expressa_5266,5266
eucalyptus_nudicaulis,eucalyptus_exserta_682,682
eucalyptus_nudicaulis,eucalyptus_exserta_1261,1261
eucalyptus_nudicaulis,eucalyptus_exserta_2932,2932
eucalyptus_nudicaulis,eucalyptus_exserta_6168,6168
eucalyptus_nudicaulis,eucalyptus_exserta_6482,6482
eucalyptus_extensa,eucalyptus_extensa_145,145
eucalyptus_extensa,eucalyptus_extensa_3467,3467
eucalyptus_extensa,eucalyptus_extensa_3739,3739
eucalyptus_falcata,eucalyptus_falcata_1113,1113
eucalyptus_falcata,eucalyptus_falcata_3433,3433
eucalyptus_willisii,eucalyptus_falciformis_361,361
eucalyptus_willisii,eucalyptus_falciformis_6119,6119
eucalyptus_fasciculosa,eucalyptus_fasciculosa_1716,1716
eucalyptus_fasciculosa,eucalyptus_fasciculosa_6085,6085
eucalyptus_paniculata,eucalyptus_fergusonii_subsp._dorsiventralis_634,634
eucalyptus_paniculata,eucalyptus_fergusonii_subsp._fergusonii_643,643
eucalyptus_paniculata,eucalyptus_fergusonii_subsp._fergusonii_2918,2918
eucalyptus_fibrosa,eucalyptus_fibrosa_666,666
eucalyptus_fibrosa,eucalyptus_fibrosa_(northern_variant)_2544,2544
eucalyptus_histophylla,eucalyptus_flavida_343,343
eucalyptus_histophylla,eucalyptus_flavida_7285,7285
eucalyptus_flindersii,eucalyptus_flindersii_5230,5230
eucalyptus_flindersii,eucalyptus_flindersii_6387,6387
eucalyptus_flindersii,eucalyptus_flindersii_Eflinder_1,Eflinder_1
eucalyptus_flocktoniae,eucalyptus_flocktoniae_subsp._flocktoniae_190,190
eucalyptus_flocktoniae,eucalyptus_flocktoniae_subsp._flocktoniae_1847,1847
eucalyptus_flocktoniae,eucalyptus_flocktoniae_subsp._flocktoniae_1870,1870
eucalyptus_flocktoniae,eucalyptus_flocktoniae_subsp._flocktoniae_2287,2287
eucalyptus_flocktoniae,eucalyptus_flocktoniae_subsp._flocktoniae_x_e._occidentalis_1881,1881
eucalyptus_flocktoniae,eucalyptus_flocktoniae_subsp._hebes_1104,1104
eucalyptus_flocktoniae,eucalyptus_flocktoniae_subsp._hebes_1828,1828
eucalyptus_flocktoniae,eucalyptus_flocktoniae_subsp._hebes_3665,3665
eucalyptus_foecunda,eucalyptus_foecunda_subsp._aeolica_1161,1161
eucalyptus_foecunda,eucalyptus_foecunda_subsp._aeolica_7324,7324
eucalyptus_foecunda,eucalyptus_foecunda_subsp._foecunda_1152,1152
eucalyptus_formanii,eucalyptus_formanii_subsp._circulata_5672,5672
eucalyptus_formanii,eucalyptus_formanii_subsp._circulata_5684,5684
eucalyptus_formanii,eucalyptus_formanii_subsp._formanii_1567,1567
eucalyptus_formanii,eucalyptus_formanii_subsp._formanii_5693,5693
eucalyptus_forrestiana,eucalyptus_forrestiana_160,160
eucalyptus_forrestiana,eucalyptus_forrestiana_6377,6377
eucalyptus_fibrosa,eucalyptus_fracta_2081,2081
eucalyptus_fraseri,eucalyptus_fraseri_subsp._fraseri_116,116
eucalyptus_fraseri,eucalyptus_fraseri_subsp._fraseri_3619,3619
eucalyptus_fraseri,eucalyptus_fraseri_subsp._fraseri_(blue-leaved_variant)_3880,3880
eucalyptus_fraseri,eucalyptus_fraseri_subsp._melanobasis_128,128
eucalyptus_fraseri,eucalyptus_fraseri_subsp._melanobasis_3642,3642
eucalyptus_fraxinoides,eucalyptus_fraxinoides_595,595
eucalyptus_fraxinoides,eucalyptus_fraxinoides_601,601
eucalyptus_fraxinoides,eucalyptus_fraxinoides_7366,7366
eucalyptus_frenchiana,eucalyptus_frenchiana_2286,2286
eucalyptus_frenchiana,eucalyptus_frenchiana_3660,3660
eucalyptus_froggattii,eucalyptus_froggattii_453,453
eucalyptus_froggattii,eucalyptus_froggattii_2583,2583
eucalyptus_fruticosa,eucalyptus_fruticosa_1177,1177
eucalyptus_fruticosa,eucalyptus_fruticosa_3532,3532
eucalyptus_fruticosa,eucalyptus_fruticosa_5567,5567
eucalyptus_gamophylla,eucalyptus_gamophylla_2678,2678
eucalyptus_gamophylla,eucalyptus_gamophylla_(prostrate_form)_4269,4269
eucalyptus_gardneri,eucalyptus_gardneri_subsp._gardneri_295,295
eucalyptus_gardneri,eucalyptus_gardneri_subsp._gardneri_3434,3434
eucalyptus_gardneri,eucalyptus_gardneri_subsp._ravensthorpensis_1636,1636
eucalyptus_georgei,eucalyptus_georgei_subsp._fulgida_323,323
eucalyptus_georgei,eucalyptus_georgei_subsp._georgei_325,325
eucalyptus_gillenii,eucalyptus_gillenii_1209,1209
eucalyptus_gillenii,eucalyptus_gillenii_1703,1703
eucalyptus_gillenii,eucalyptus_gillenii_2689,2689
eucalyptus_gillii,eucalyptus_gillii_1715,1715
eucalyptus_gillii,eucalyptus_gillii_2959,2959
eucalyptus_gillii,eucalyptus_gillii_Egillii_1,Egillii1
eucalyptus_gittinsii,eucalyptus_gittinsii_subsp._gittinsii_1170,1170
eucalyptus_gittinsii,eucalyptus_gittinsii_subsp._gittinsii_3533,3533
eucalyptus_gittinsii,eucalyptus_gittinsii_subsp._illucida_252,252
eucalyptus_glaucescens,eucalyptus_glaucescens_588,588
eucalyptus_glaucescens,eucalyptus_glaucescens_7372,7372
eucalyptus_glaucina,eucalyptus_glaucina_2085,2085
eucalyptus_glaucina,eucalyptus_glaucina_6241,6241
eucalyptus_glaucina,eucalyptus_glaucina_11239,11239
eucalyptus_globoidea,eucalyptus_globoidea_1732,1732
eucalyptus_globoidea,eucalyptus_globoidea_2905,2905
eucalyptus_globoidea,eucalyptus_globoidea_3802,3802
eucalyptus_globulus,eucalyptus_globulus_1726,1726
eucalyptus_globulus,eucalyptus_globulus_1986,1986
eucalyptus_globulus,eucalyptus_globulus_6722,6722
eucalyptus_gongylocarpa,eucalyptus_gongylocarpa_519,519
eucalyptus_gongylocarpa,eucalyptus_gongylocarpa_4303,4303
eucalyptus_goniantha,eucalyptus_goniantha_subsp._goniantha_1626,1626
eucalyptus_goniantha,eucalyptus_goniantha_subsp._goniantha_3754,3754
eucalyptus_goniantha,eucalyptus_goniantha_subsp._kynoura_3759,3759
eucalyptus_goniocalyx,eucalyptus_goniocalyx_subsp._exposa_565,565
eucalyptus_goniocalyx,eucalyptus_goniocalyx_subsp._exposa_6388,6388
eucalyptus_goniocalyx,eucalyptus_goniocalyx_subsp._goniocalyx_2952,2952
eucalyptus_goniocalyx,eucalyptus_goniocalyx_subsp._viridissima_449,449
eucalyptus_goniocalyx,eucalyptus_goniocalyx_subsp._viridissima_3789,3789
eucalyptus_gracilis,eucalyptus_gracilis_79,79
eucalyptus_gracilis,eucalyptus_gracilis_444,444
eucalyptus_gracilis,eucalyptus_gracilis_3645,3645
eucalyptus_grandis,eucalyptus_grandis_1237,1237
eucalyptus_grandis,eucalyptus_grandis_2524,2524
eucalyptus_griffithsii,eucalyptus_griffithsii_515,515
eucalyptus_griffithsii,eucalyptus_griffithsii_3637,3637
eucalyptus_griffithsii,eucalyptus_griffithsii_4305,4305
eucalyptus_grisea,eucalyptus_grisea_1271,1271
eucalyptus_grossa,eucalyptus_grossa_123,123
eucalyptus_grossa,eucalyptus_grossa_7224,7224
eucalyptus_guilfoylei,eucalyptus_guilfoylei_1139,1139
eucalyptus_guilfoylei,eucalyptus_guilfoylei_4632,4632
eucalyptus_gunnii,eucalyptus_gunnii_subsp._divaricata_4946,4946
eucalyptus_gunnii,eucalyptus_gunnii_subsp._gunnii_1963,1963
eucalyptus_gunnii,eucalyptus_gunnii_subsp._gunnii_7407,7407
eucalyptus_gypsophila,eucalyptus_gypsophila_1405,1405
eucalyptus_gypsophila,eucalyptus_gypsophila_1520,1520
eucalyptus_gypsophila,eucalyptus_gypsophila_(e._infracorticata)_525,525
eucalyptus_hallii,eucalyptus_hallii_716,716
eucalyptus_hebetifolia,eucalyptus_hebetifolia_240,240
eucalyptus_hebetifolia,eucalyptus_hebetifolia_3562,3562
eucalyptus_hebetifolia,eucalyptus_hebetifolia_(e._medialis)_233,233
eucalyptus_acmenoides,eucalyptus_helidonica_2935,2935
eucalyptus_acmenoides,eucalyptus_helidonica_6491,6491
eucalyptus_herbertiana,eucalyptus_herbertiana_1933,1933
eucalyptus_herbertiana,eucalyptus_herbertiana_2482,2482
eucalyptus_herbertiana,eucalyptus_herbertiana_6403,6403
eucalyptus_herbertiana,eucalyptus_herbertiana_6652,6652
eucalyptus_histophylla,eucalyptus_histophylla_124,124
eucalyptus_histophylla,eucalyptus_histophylla_3661,3661
eucalyptus_horistes,eucalyptus_ecdysiastes_2227,2227
eucalyptus_horistes,eucalyptus_ecdysiastes_3877,3877
eucalyptus_horistes,eucalyptus_ecdysiastes_4546,4546
eucalyptus_horistes,eucalyptus_ecdysiastes_5513,5513
eucalyptus_horistes,eucalyptus_ecdysiastes_6691,6691
eucalyptus_horistes,eucalyptus_horistes_1169,1169
eucalyptus_horistes,eucalyptus_horistes_2756,2756
eucalyptus_horistes,eucalyptus_horistes_3643,3643
eucalyptus_horistes,eucalyptus_horistes_6985,6985
eucalyptus_horistes,eucalyptus_horistes_7311,7311
eucalyptus_hypolaena,eucalyptus_hypolaena_513,513
eucalyptus_hypolaena,eucalyptus_hypolaena_2303,2303
eucalyptus_globoidea,eucalyptus_imitans_615,615
eucalyptus_densa,eucalyptus_improcera_185,185
eucalyptus_incerata,eucalyptus_incerata_327,327
eucalyptus_incerata,eucalyptus_incerata_4678,4678
eucalyptus_incrassata,eucalyptus_incrassata_930,930
eucalyptus_incrassata,eucalyptus_incrassata_1108,1108
eucalyptus_incrassata,eucalyptus_incrassata_1129,1129
eucalyptus_incrassata,eucalyptus_incrassata_1638,1638
eucalyptus_incrassata,eucalyptus_incrassata_6005,6005
eucalyptus_incrassata,eucalyptus_incrassata_1117,1117
eucalyptus_incrassata,eucalyptus_incrassata_2802,2802
eucalyptus_incrassata,eucalyptus_incrassata_3698,3698
eucalyptus_incrassata,eucalyptus_incrassata_4550,4550
eucalyptus_incrassata,eucalyptus_incrassata_4602,4602
eucalyptus_incrassata,eucalyptus_incrassata_(obconic-fruited_form)_4796,4796
eucalyptus_incrassata,eucalyptus_incrassata_(pendulous-fruited_form)_4572,4572
eucalyptus_incrassata,eucalyptus_incrassata_(smooth_fruit_form)_3731,3731
eucalyptus_incrassata,eucalyptus_incrassata_(stubby-fruited_form)_4571,4571
eucalyptus_indurata,eucalyptus_indurata_165,165
eucalyptus_indurata,eucalyptus_indurata_3584,3584
eucalyptus_infera,eucalyptus_infera_1254,1254
eucalyptus_infera,eucalyptus_infera_6175,6175
eucalyptus_lockyeri,eucalyptus_lockyeri_subsp._exuta_1309,1309
eucalyptus_lockyeri,eucalyptus_lockyeri_subsp._exuta_5144,5144
eucalyptus_insularis,eucalyptus_insularis_subsp._continentalis_1637,1637
eucalyptus_insularis,eucalyptus_insularis_subsp._insularis_4586,4586
eucalyptus_interstans,eucalyptus_interstans_667,667
eucalyptus_intertexta,eucalyptus_intertexta_423,423
eucalyptus_intertexta,eucalyptus_intertexta_2435,2435
eucalyptus_intertexta,eucalyptus_intertexta_2554,2554
eucalyptus_intertexta,eucalyptus_intertexta_2677,2677
eucalyptus_intertexta,eucalyptus_intertexta_6661,6661
eucalyptus_jacksonii,eucalyptus_jacksonii_1140,1140
eucalyptus_jacksonii,eucalyptus_jacksonii_7223,7223
eucalyptus_exilipes,eucalyptus_jensenii_1916,1916
eucalyptus_jimberlanica,eucalyptus_jimberlanica_552,552
eucalyptus_jimberlanica,eucalyptus_jimberlanica_3647,3647
eucalyptus_subcrenulata,eucalyptus_johnstonii_1980,1980
eucalyptus_subcrenulata,eucalyptus_johnstonii_7406,7406
eucalyptus_jucunda,eucalyptus_jucunda_275,275
eucalyptus_jucunda,eucalyptus_jucunda_7228,7228
eucalyptus_jutsonii,eucalyptus_jutsonii_subsp._jutsonii_548,548
eucalyptus_jutsonii,eucalyptus_jutsonii_subsp._kobela_4448,4448
eucalyptus_tereticornis,eucalyptus_kabiana_720,720
eucalyptus_kessellii,eucalyptus_kessellii_subsp._eugnosta_164,164
eucalyptus_kessellii,eucalyptus_kessellii_subsp._kessellii_1101,1101
eucalyptus_kessellii,eucalyptus_kessellii_subsp._kessellii_6382,6382
eucalyptus_kingsmillii,eucalyptus_kingsmillii_535,535
eucalyptus_kingsmillii,eucalyptus_kingsmillii_1197,1197
eucalyptus_kingsmillii,eucalyptus_kingsmillii_4266,4266
eucalyptus_kingsmillii,eucalyptus_kingsmillii_5779,5779
eucalyptus_kitsoniana,eucalyptus_kitsoniana_1720,1720
eucalyptus_kitsoniana,eucalyptus_kitsoniana_4311,4311
eucalyptus_kitsoniana,eucalyptus_kitsoniana_4314,4314
eucalyptus_kochii,eucalyptus_kochii_subsp._amaryssia_536,536
eucalyptus_kochii,eucalyptus_kochii_subsp._amaryssia_2190,2190
eucalyptus_kochii,eucalyptus_kochii_subsp._borealis_277,277
eucalyptus_kochii,eucalyptus_kochii_subsp._borealis_3539,3539
eucalyptus_kochii,eucalyptus_kochii_subsp._kochii_288,288
eucalyptus_kochii,eucalyptus_kochii_subsp._kochii_2218,2218
eucalyptus_kochii,eucalyptus_kochii_subsp._kochii_2223,2223
eucalyptus_kochii,eucalyptus_kochii_subsp._plenissima_3482,3482
eucalyptus_kochii,eucalyptus_kochii_subsp._plenissima_3488,3488
eucalyptus_kochii,eucalyptus_kochii_subsp._yellowdinensis_3477,3477
eucalyptus_kochii,eucalyptus_kochii_subsp._yellowdinensis_4793,4793
eucalyptus_kondininensis,eucalyptus_kondininensis_242,242
eucalyptus_kondininensis,eucalyptus_kondininensis_3424,3424
eucalyptus_kruseana,eucalyptus_kruseana_337,337
eucalyptus_kruseana,eucalyptus_kruseana_6993,6993
eucalyptus_kumarlensis,eucalyptus_kumarlensis_141,141
eucalyptus_kumarlensis,eucalyptus_kumarlensis_1844,1844
eucalyptus_lacrimans,eucalyptus_lacrimans_590,590
eucalyptus_lacrimans,eucalyptus_lacrimans_7369,7369
eucalyptus_elliptica,eucalyptus_lactea_(e._praecox)_759,759
eucalyptus_elliptica,eucalyptus_lactea_(e._praecox)_7355,7355
eucalyptus_melanoxylon,eucalyptus_laevis_120,120
eucalyptus_melanoxylon,eucalyptus_laevis_3635,3635
eucalyptus_melanoxylon,eucalyptus_laevis_3650,3650
eucalyptus_melanoxylon,eucalyptus_laevis_6355,6355
eucalyptus_lanepoolei,eucalyptus_lane-poolei_255,255
eucalyptus_lanepoolei,eucalyptus_lane-poolei_3514,3514
eucalyptus_langleyi,eucalyptus_langleyi_613,613
eucalyptus_langleyi,eucalyptus_langleyi_6791,6791
eucalyptus_lansdowneana,eucalyptus_lansdowneana_57,57
eucalyptus_lansdowneana,eucalyptus_lansdowneana_5933,5933
eucalyptus_largeana,eucalyptus_largeana_2086,2086
eucalyptus_largiflorens,eucalyptus_largiflorens_980,980
eucalyptus_largiflorens,eucalyptus_largiflorens_4172,4172
eucalyptus_largiflorens,eucalyptus_largiflorens_(green-leaf_variant)_2556,2556
eucalyptus_lehmannii,eucalyptus_lehmannii_subsp._lehmannii_222,222
eucalyptus_lehmannii,eucalyptus_lehmannii_subsp._parallela_1130,1130
eucalyptus_lehmannii,eucalyptus_lehmannii_subsp._parallela_3561,3561
eucalyptus_lehmannii,eucalyptus_lehmannii_subsp._parallela_3704,3704
eucalyptus_lehmannii,eucalyptus_lehmannii_subsp._parallela_4432,4432
eucalyptus_lehmannii,eucalyptus_lehmannii_subsp._parallela_x_e._megacornuta_3577,3577
eucalyptus_leptocalyx,eucalyptus_leptocalyx_subsp._leptocalyx_153,153
eucalyptus_leptocalyx,eucalyptus_leptocalyx_subsp._leptocalyx_3592,3592
eucalyptus_leptocalyx,eucalyptus_leptocalyx_subsp._petilipes_3616,3616
eucalyptus_leptophleba,eucalyptus_leptophleba_1313,1313
eucalyptus_leptophleba,eucalyptus_leptophleba_6422,6422
eucalyptus_leptophylla,eucalyptus_leptophylla_447,447
eucalyptus_leptophylla,eucalyptus_leptophylla_6807,6807
eucalyptus_leptophylla,eucalyptus_leptophylla_(kangaroo_island_variant)_4736,4736
eucalyptus_leptopoda,eucalyptus_leptopoda_subsp._'glaucous'_7315,7315
eucalyptus_leptopoda,eucalyptus_leptopoda_subsp._arctata_276,276
eucalyptus_leptopoda,eucalyptus_leptopoda_subsp._arctata_291,291
eucalyptus_leptopoda,eucalyptus_leptopoda_subsp._elevata_8,8
eucalyptus_leptopoda,eucalyptus_leptopoda_subsp._elevata_-_e._oldfieldii_intergrade_5583,5583
eucalyptus_leptopoda,eucalyptus_leptopoda_subsp._leptopoda_298,298
eucalyptus_leptopoda,eucalyptus_leptopoda_subsp._subluta_336,336
eucalyptus_leptopoda,eucalyptus_leptopoda_subsp._subluta_2776,2776
eucalyptus_lesouefii,eucalyptus_lesouefii_549,549
eucalyptus_lesouefii,eucalyptus_lesouefii_3633,3633
eucalyptus_leucophloia,eucalyptus_leucophloia_subsp._euroa_1332,1332
eucalyptus_leucophloia,eucalyptus_leucophloia_subsp._euroa_2498,2498
eucalyptus_leucophloia,eucalyptus_leucophloia_subsp._leucophloia_539,539
eucalyptus_tephrodes,eucalyptus_leucophylla_(e._tephrodes)_1194,1194
eucalyptus_tephrodes,eucalyptus_leucophylla_(e._tephrodes)_1941,1941
eucalyptus_leucoxylon,eucalyptus_leucoxylon_subsp._bellarinensis_460,460
eucalyptus_leucoxylon,eucalyptus_leucoxylon_subsp._leucoxylon_3788,3788
eucalyptus_leucoxylon,eucalyptus_leucoxylon_subsp._leucoxylon_(subsp._connata)_2585,2585
eucalyptus_leucoxylon,eucalyptus_leucoxylon_subsp._megalocarpa_473,473
eucalyptus_leucoxylon,eucalyptus_leucoxylon_subsp._megalocarpa_4310,4310
eucalyptus_leucoxylon,eucalyptus_leucoxylon_subsp._pruinosa_351,351
eucalyptus_leucoxylon,eucalyptus_leucoxylon_subsp._pruinosa_1798,1798
eucalyptus_leucoxylon,eucalyptus_leucoxylon_subsp._pruinosa_2566,2566
eucalyptus_leucoxylon,eucalyptus_leucoxylon_subsp._pruinosa_2897,2897
eucalyptus_leucoxylon,eucalyptus_leucoxylon_subsp._stephaniae_2581,2581
eucalyptus_leucoxylon,eucalyptus_leucoxylon_subsp._stephaniae_(weeping_variant)_1958,1958
eucalyptus_ligulata,eucalyptus_ligulata_subsp._ligulata_175,175
eucalyptus_ligulata,eucalyptus_ligulata_subsp._ligulata_4576,4576
eucalyptus_ligulata,eucalyptus_ligulata_subsp._stirlingica_3560,3560
eucalyptus_litorea,eucalyptus_litorea_1094,1094
eucalyptus_litorea,eucalyptus_litorea_6010,6010
eucalyptus_lockyeri,eucalyptus_lockyeri_1323,1323
eucalyptus_lockyeri,eucalyptus_lockyeri_6419,6419
eucalyptus_longicornis,eucalyptus_longicornis_2241,2241
eucalyptus_longicornis,eucalyptus_longicornis_2283,2283
eucalyptus_longicornis,eucalyptus_longicornis_2284,2284
eucalyptus_longifolia,eucalyptus_longifolia_1750,1750
eucalyptus_longifolia,eucalyptus_longifolia_4700,4700
eucalyptus_longifolia,eucalyptus_longifolia_6249,6249
eucalyptus_eremicola,eucalyptus_longissima_1569,1569
eucalyptus_eremicola,eucalyptus_longissima_2163,2163
eucalyptus_eremicola,eucalyptus_longissima_2184,2184
eucalyptus_eremicola,eucalyptus_longissima_2160,2160
eucalyptus_loxophleba,eucalyptus_loxophleba_subsp._gratiae_313,313
eucalyptus_loxophleba,eucalyptus_loxophleba_subsp._lissophloia_139,139
eucalyptus_loxophleba,eucalyptus_loxophleba_subsp._loxophleba_239,239
eucalyptus_loxophleba,eucalyptus_loxophleba_subsp._supralaevis_1165,1165
eucalyptus_loxophleba,eucalyptus_loxophleba_subsp._supralaevis_2211,2211
eucalyptus_loxophleba,eucalyptus_loxophleba_subsp._supralaevis_5593,5593
eucalyptus_lucasii,eucalyptus_lucasii_545,545
eucalyptus_lucasii,eucalyptus_lucasii_4283,4283
eucalyptus_luculenta,eucalyptus_luculenta_3618,3618
eucalyptus_luculenta,eucalyptus_luculenta_4555,4555
eucalyptus_luehmanniana,eucalyptus_luehmanniana_621,621
eucalyptus_luehmanniana,eucalyptus_luehmanniana_2910,2910
eucalyptus_luehmanniana,eucalyptus_luehmanniana_6793,6793
eucalyptus_macarthurii,eucalyptus_macarthurii_2071,2071
eucalyptus_macarthurii,eucalyptus_macarthurii_6282,6282
eucalyptus_macrandra,eucalyptus_macrandra_312,312
eucalyptus_macrandra,eucalyptus_macrandra_1132,1132
eucalyptus_macrandra,eucalyptus_macrandra_6378,6378
eucalyptus_macrandra,eucalyptus_macrandra_1887,1887
eucalyptus_macrandra,eucalyptus_macrandra_4430,4430
eucalyptus_macrocarpa,eucalyptus_macrocarpa_subsp._elachantha_250,250
eucalyptus_macrocarpa,eucalyptus_macrocarpa_subsp._macrocarpa_261,261
eucalyptus_macrocarpa,eucalyptus_macrocarpa_subsp._macrocarpa_3428,3428
eucalyptus_macrorhyncha,eucalyptus_macrorhyncha_subsp._cannonii_779,779
eucalyptus_macrorhyncha,eucalyptus_macrorhyncha_subsp._macrorhyncha_737,737
eucalyptus_scias,eucalyptus_macta_1301,1301
eucalyptus_scias,eucalyptus_macta_6449,6449
eucalyptus_magnificata,eucalyptus_magnificata_2945,2945
eucalyptus_globulus,eucalyptus_maidenii_1764,1764
eucalyptus_major,eucalyptus_major_2107,2107
eucalyptus_major,eucalyptus_major_6486,6486
eucalyptus_mannensis,eucalyptus_mannensis_subsp._mannensis_6941,6941
eucalyptus_mannensis,eucalyptus_mannensis_subsp._vespertina_1171,1171
eucalyptus_mannifera,eucalyptus_mannifera_7364,7364
eucalyptus_mannifera,eucalyptus_mannifera_(subsp._gullickii)_609,609
eucalyptus_mannifera,eucalyptus_mannifera_subsp._'alpine_victoria'_581,581
eucalyptus_mannifera,eucalyptus_mannifera_subsp._'alpine_victoria'_2066,2066
eucalyptus_mannifera,eucalyptus_mannifera_subsp._'alpine_victoria'_3799,3799
eucalyptus_marginata,eucalyptus_marginata_subsp._'dull_leaf'_7220,7220
eucalyptus_marginata,eucalyptus_marginata_subsp._marginata_1144,1144
eucalyptus_marginata,eucalyptus_marginata_subsp._marginata_4655,4655
eucalyptus_marginata,eucalyptus_marginata_subsp._marginata_(subsp._ellegantella)_1151,1151
eucalyptus_marginata,eucalyptus_marginata_subsp._thalassica_246,246
eucalyptus_mckieana,eucalyptus_mckieana_659,659
eucalyptus_mcquoidii,eucalyptus_mcquoidii_3569,3569
eucalyptus_apothalassica,eucalyptus_mediocris_2115,2115
eucalyptus_apothalassica,eucalyptus_mediocris_(e._irritans)_2525,2525
eucalyptus_megacarpa,eucalyptus_megacarpa_1137,1137
eucalyptus_megacarpa,eucalyptus_megacarpa_6705,6705
eucalyptus_megacornuta,eucalyptus_megacornuta_1121,1121
eucalyptus_megacornuta,eucalyptus_megacornuta_3578,3578
eucalyptus_melanoleuca,eucalyptus_melanoleuca_706,706
eucalyptus_melanoleuca,eucalyptus_melanoleuca_2111,2111
eucalyptus_melanophloia,eucalyptus_melanophloia_subsp._melanophloia_690,690
eucalyptus_melanophloia,eucalyptus_melanophloia_subsp._melanophloia_1285,1285
eucalyptus_melanophloia,eucalyptus_melanophloia_subsp._nana_1330,1330
eucalyptus_melanophloia,eucalyptus_melanophloia_subsp._nana_4183,4183
eucalyptus_melanophloia,eucalyptus_melanophloia_subsp._nana_5203,5203
eucalyptus_melanophloia,eucalyptus_melanophloia_subsp._nana_5205,5205
eucalyptus_melanoxylon,eucalyptus_melanoxylon_143,143
eucalyptus_melliodora,eucalyptus_melliodora_777,777
eucalyptus_melliodora,eucalyptus_melliodora_x_e._sideroxylon_1219,1219
eucalyptus_merrickiae,eucalyptus_merrickiae_156,156
eucalyptus_merrickiae,eucalyptus_merrickiae_6016,6016
eucalyptus_micranthera,eucalyptus_micranthera_172,172
eucalyptus_micranthera,eucalyptus_micranthera_1090,1090
eucalyptus_microcarpa,eucalyptus_microcarpa_1220,1220
eucalyptus_microcarpa,eucalyptus_microcarpa_2895,2895
eucalyptus_microcarpa,eucalyptus_microcarpa_-_e._wimmerensis_intergrade_(e._hawkeri)_6916,6916
eucalyptus_microcarpa,eucalyptus_microcarpa_(adelaide_variant)_1364,1364
eucalyptus_approximans,eucalyptus_microcodon_5010,5010
eucalyptus_mimica,eucalyptus_mimica_subsp._continens_1114,1114
eucalyptus_mimica,eucalyptus_mimica_subsp._mimica_188,188
eucalyptus_minniritchi,eucalyptus_minniritchi_1354,1354
eucalyptus_minniritchi,eucalyptus_minniritchi_5196,5196
eucalyptus_moderata,eucalyptus_moderata_1563,1563
eucalyptus_moderata,eucalyptus_moderata_1661,1661
eucalyptus_moderata,eucalyptus_moderata_2182,2182
eucalyptus_moderata,eucalyptus_moderata_2183,2183
eucalyptus_moderata,eucalyptus_moderata_3768,3768
eucalyptus_moderata,eucalyptus_moderata_2230,2230
eucalyptus_moderata,eucalyptus_moderata_(e._transcontinentalis_subsp._semivestita)_3460,3460
eucalyptus_moluccana,eucalyptus_moluccana_712,712
eucalyptus_moluccana,eucalyptus_moluccana_(northern_variant)_2506,2506
eucalyptus_willisii,eucalyptus_molyneuxii_2873,2873
eucalyptus_willisii,eucalyptus_molyneuxii_4748,4748
eucalyptus_willisii,eucalyptus_molyneuxii_6867,6867
eucalyptus_moorei,eucalyptus_moorei_subsp._moorei_603,603
eucalyptus_moorei,eucalyptus_moorei_subsp._moorei_5249,5249
eucalyptus_moorei,eucalyptus_moorei_subsp._moorei_5256,5256
eucalyptus_moorei,eucalyptus_moorei_subsp._moorei_(e._dissita)_2095,2095
eucalyptus_moorei,eucalyptus_moorei_subsp._moorei_x_e._fastigata_5247,5247
eucalyptus_moorei,eucalyptus_moorei_subsp._moorei_x_e._macrorhyncha_5250,5250
eucalyptus_moorei,eucalyptus_moorei_subsp._moorei_x_e._triflora?_5243,5243
eucalyptus_moorei,eucalyptus_moorei_subsp._serpentinicola_1233,1233
eucalyptus_moorei,eucalyptus_moorei_var._latiuscula_594,594
eucalyptus_morrisbyi,eucalyptus_morrisbyi_1983,1983
eucalyptus_morrisbyi,eucalyptus_morrisbyi_7411,7411
eucalyptus_morrisii,eucalyptus_morrisii_730,730
eucalyptus_morrisii,eucalyptus_morrisii_6499,6499
eucalyptus_multicaulis,eucalyptus_multicaulis_771,771
eucalyptus_multicaulis,eucalyptus_multicaulis_2914,2914
eucalyptus_multicaulis,eucalyptus_multicaulis_7358,7358
eucalyptus_myriadena,eucalyptus_myriadena_316,316
eucalyptus_myriadena,eucalyptus_myriadena_321,321
eucalyptus_myriadena,eucalyptus_myriadena_5596,5596
eucalyptus_nandewarica,eucalyptus_nandewarica_6160,6160
eucalyptus_nandewarica,eucalyptus_nandewarica_6164,6164
eucalyptus_nitida,eucalyptus_nebulosa_6742,6742
eucalyptus_neglecta,eucalyptus_neglecta_2067,2067
eucalyptus_neglecta,eucalyptus_neglecta_3797,3797
eucalyptus_neutra,eucalyptus_neutra_218,218
eucalyptus_neutra,eucalyptus_neutra_315,315
eucalyptus_neutra,eucalyptus_neutra_1853,1853
eucalyptus_neutra,eucalyptus_neutra_1855,1855
eucalyptus_neutra,eucalyptus_neutra_1874,1874
eucalyptus_neutra,eucalyptus_neutra_3441,3441
eucalyptus_nicholii,eucalyptus_nicholii_651,651
eucalyptus_nicholii,eucalyptus_nicholii_6194,6194
eucalyptus_nitida,eucalyptus_nitida_1964,1964
eucalyptus_nitida,eucalyptus_nitida_7399,7399
eucalyptus_nobilis,eucalyptus_nobilis_647,647
eucalyptus_nobilis,eucalyptus_nobilis_753,753
eucalyptus_normantonensis,eucalyptus_normantonensis_1202,1202
eucalyptus_normantonensis,eucalyptus_normantonensis_1207,1207
eucalyptus_normantonensis,eucalyptus_normantonensis_4179,4179
eucalyptus_nortonii,eucalyptus_nortonii_583,583
eucalyptus_nortonii,eucalyptus_nortonii_2951,2951
eucalyptus_scias,eucalyptus_notabilis_630,630
eucalyptus_scias,eucalyptus_notabilis_6203,6203
eucalyptus_goniantha,eucalyptus_notactites_220,220
eucalyptus_goniantha,eucalyptus_notactites_177,177
eucalyptus_goniantha,eucalyptus_notactites_4605,4605
eucalyptus_fibrosa,eucalyptus_nubilis_(e._fibrosa_subsp._nubila)_685,685
eucalyptus_nudicaulis,eucalyptus_nudicaulis_4184,4184
eucalyptus_nudicaulis,eucalyptus_nudicaulis_6401,6401
eucalyptus_nutans,eucalyptus_nutans_4800,4800
eucalyptus_obconica,eucalyptus_obconica_1930,1930
eucalyptus_obconica,eucalyptus_obconica_6646,6646
eucalyptus_obesa,eucalyptus_obesa_1109,1109
eucalyptus_obesa,eucalyptus_obesa_3724,3724
eucalyptus_obesa,eucalyptus_obesa_5478,5478
eucalyptus_obliqua,eucalyptus_obliqua_804,804
eucalyptus_obliqua,eucalyptus_obliqua_1974,1974
eucalyptus_obliqua,eucalyptus_obliqua_Eobliq_1,Eobliq_1
eucalyptus_burgessiana,eucalyptus_obstans_620,620
eucalyptus_burgessiana,eucalyptus_obstans_(e._burgessiana)_623,623
eucalyptus_burgessiana,eucalyptus_obstans_(e._burgessiana)_7359,7359
eucalyptus_obtusiflora,eucalyptus_obtusiflora_subsp._dongarraensis_266,266
eucalyptus_obtusiflora,eucalyptus_obtusiflora_subsp._dongarraensis_(subsp._cowcowensis)_2235,2235
eucalyptus_obtusiflora,eucalyptus_obtusiflora_subsp._obtusiflora_1173,1173
eucalyptus_occidentalis,eucalyptus_occidentalis_170,170
eucalyptus_occidentalis,eucalyptus_occidentalis_1095,1095
eucalyptus_occidentalis,eucalyptus_occidentalis_3556,3556
eucalyptus_polybractea,eucalyptus_odorata_822,822
eucalyptus_polybractea,eucalyptus_odorata_936,936
eucalyptus_polybractea,eucalyptus_odorata_(e._silvestris)_2580,2580
eucalyptus_oldfieldii,eucalyptus_oldfieldii_274,274
eucalyptus_oldfieldii,eucalyptus_oldfieldii_2732,2732
eucalyptus_oleosa,eucalyptus_oleosa_subsp._ampliata_500,500
eucalyptus_oleosa,eucalyptus_oleosa_subsp._ampliata_555,555
eucalyptus_oleosa,eucalyptus_oleosa_subsp._ampliata_931,931
eucalyptus_oleosa,eucalyptus_oleosa_subsp._ampliata_1408,1408
eucalyptus_oleosa,eucalyptus_oleosa_subsp._ampliata_2123,2123
eucalyptus_oleosa,eucalyptus_oleosa_subsp._ampliata_2135,2135
eucalyptus_oleosa,eucalyptus_oleosa_subsp._ampliata_2561,2561
eucalyptus_oleosa,eucalyptus_oleosa_subsp._ampliata_2596,2596
eucalyptus_oleosa,eucalyptus_oleosa_subsp._corvina_1123,1123
eucalyptus_oleosa,eucalyptus_oleosa_subsp._corvina_2251,2251
eucalyptus_oleosa,eucalyptus_oleosa_subsp._cylindroidea_1642,1642
eucalyptus_oleosa,eucalyptus_oleosa_subsp._cylindroidea_2259,2259
eucalyptus_oleosa,eucalyptus_oleosa_subsp._cylindroidea_3600,3600
eucalyptus_oleosa,eucalyptus_oleosa_subsp._oleosa_516,516
eucalyptus_oleosa,eucalyptus_oleosa_subsp._oleosa_1393,1393
eucalyptus_oleosa,eucalyptus_oleosa_subsp._oleosa_2319,2319
eucalyptus_oleosa,eucalyptus_oleosa_subsp._oleosa_2884,2884
eucalyptus_oleosa,eucalyptus_oleosa_subsp._oleosa_2886,2886
eucalyptus_oligantha,eucalyptus_oligantha_2468,2468
eucalyptus_oligantha,eucalyptus_oligantha_5804,5804
eucalyptus_oligantha,eucalyptus_oligantha_5810,5810
eucalyptus_oligantha,eucalyptus_oligantha_(subsp._modica)_1919,1919
eucalyptus_olivina,eucalyptus_olivina_319,319
eucalyptus_olivina,eucalyptus_olivina_3670,3670
eucalyptus_olivina,eucalyptus_olivina_4660,4660
eucalyptus_olsenii,eucalyptus_olsenii_597,597
eucalyptus_olsenii,eucalyptus_olsenii_7367,7367
eucalyptus_petrensis,eucalyptus_opimiflora_3515,3515
eucalyptus_petrensis,eucalyptus_opimiflora_5078,5078
eucalyptus_petrensis,eucalyptus_opimiflora_5547,5547
eucalyptus_optima,eucalyptus_optima_115,115
eucalyptus_optima,eucalyptus_optima_2154,2154
eucalyptus_oraria,eucalyptus_oraria_269,269
eucalyptus_oraria,eucalyptus_oraria_3527,3527
eucalyptus_orbifolia,eucalyptus_orbifolia_2774,2774
eucalyptus_orbifolia,eucalyptus_orbifolia_5606,5606
eucalyptus_orbifolia,eucalyptus_orbifolia_5607,5607
eucalyptus_orbifolia,eucalyptus_orbifolia_7312,7312
eucalyptus_leucophloia,eucalyptus_ordiana_1934,1934
eucalyptus_leucophloia,eucalyptus_ordiana_6645,6645
eucalyptus_oreades,eucalyptus_oreades_628,628
eucalyptus_oreades,eucalyptus_oreades_3210,3210
eucalyptus_oreades,eucalyptus_oreades_7356,7356
eucalyptus_ornata,eucalyptus_ornata_243,243
eucalyptus_ornata,eucalyptus_ornata_5040,5040
eucalyptus_orthostemon,eucalyptus_orthostemon_3426,3426
eucalyptus_orthostemon,eucalyptus_orthostemon_3691,3691
eucalyptus_ovata,eucalyptus_ovata_subsp._grandiflora_1594,1594
eucalyptus_ovata,eucalyptus_ovata_subsp._grandiflora_4318,4318
eucalyptus_ovata,eucalyptus_ovata_subsp._grandiflora_6114,6114
eucalyptus_ovata,eucalyptus_ovata_subsp._grandiflora_6121,6121
eucalyptus_ovata,eucalyptus_ovata_subsp._ovata_805,805
eucalyptus_ovata,eucalyptus_ovata_subsp._ovata_1717,1717
eucalyptus_ovata,eucalyptus_ovata_subsp._ovata_1741,1741
eucalyptus_ovata,eucalyptus_ovata_subsp._ovata_6725,6725
eucalyptus_ovata,eucalyptus_ovata_subsp._ovata_6741,6741
eucalyptus_ovularis,eucalyptus_ovularis_1107,1107
eucalyptus_pachyloma,eucalyptus_pachyloma_224,224
eucalyptus_pachyloma,eucalyptus_pachyloma_3735,3735
eucalyptus_pachyphylla,eucalyptus_pachyphylla_1203,1203
eucalyptus_pachyphylla,eucalyptus_pachyphylla_6637,6637
eucalyptus_paedoglauca,eucalyptus_paedoglauca_1298,1298
eucalyptus_paedoglauca,eucalyptus_paedoglauca_5121,5121
eucalyptus_eudesmioides,eucalyptus_pallida_5079,5079
eucalyptus_eudesmioides,eucalyptus_pallida_7229,7229
eucalyptus_panda,eucalyptus_panda_683,683
eucalyptus_panda,eucalyptus_panda_2117,2117
eucalyptus_panda,eucalyptus_panda_2549,2549
eucalyptus_paniculata,eucalyptus_paniculata_2903,2903
eucalyptus_paniculata,eucalyptus_paniculata_(subsp._matutina)_639,639
eucalyptus_mooreana,eucalyptus_pantoleuca_1931,1931
eucalyptus_parramattensis,eucalyptus_parramattensis_subsp._decadens_641,641
eucalyptus_parramattensis,eucalyptus_parramattensis_subsp._parramattensis_1763,1763
eucalyptus_parramattensis,eucalyptus_parramattensis_subsp._parramattensis_3209,3209
eucalyptus_patens,eucalyptus_patens_1143,1143
eucalyptus_patens,eucalyptus_patens_4621,4621
eucalyptus_patens,eucalyptus_patens_5530,5530
eucalyptus_pauciflora,eucalyptus_pauciflora_subsp._acerina_4521,4521
eucalyptus_pauciflora,eucalyptus_pauciflora_subsp._debeuzevillei_2070,2070
eucalyptus_pauciflora,eucalyptus_pauciflora_subsp._hedraia_578,578
eucalyptus_pauciflora,eucalyptus_pauciflora_subsp._hedraia_3801,3801
eucalyptus_pauciflora,eucalyptus_pauciflora_subsp._hedraia_7385,7385
eucalyptus_pauciflora,eucalyptus_pauciflora_subsp._niphophila_589,589
eucalyptus_pauciflora,eucalyptus_pauciflora_subsp._niphophila_3800,3800
eucalyptus_pauciflora,eucalyptus_pauciflora_subsp._niphophila_7371,7371
eucalyptus_pauciflora,eucalyptus_pauciflora_subsp._parvifructa_353,353
eucalyptus_pauciflora,eucalyptus_pauciflora_subsp._parvifructa_7047,7047
eucalyptus_pauciflora,eucalyptus_pauciflora_subsp._pauciflora_476,476
eucalyptus_pauciflora,eucalyptus_pauciflora_subsp._pauciflora_7354,7354
eucalyptus_pauciflora,eucalyptus_pauciflora_subsp._pauciflora_x_e._radiata_subsp._radiata_6283,6283
eucalyptus_pellita,eucalyptus_pellita_1304,1304
eucalyptus_perangusta,eucalyptus_perangusta_148,148
eucalyptus_perangusta,eucalyptus_perangusta_1118,1118
eucalyptus_perangusta,eucalyptus_perangusta_3712,3712
eucalyptus_perriniana,eucalyptus_perriniana_584,584
eucalyptus_perriniana,eucalyptus_perriniana_1975,1975
eucalyptus_petiolaris,eucalyptus_petiolaris_(red_flowered_morph)_946,946
eucalyptus_petiolaris,eucalyptus_petiolaris_(yellow_flower_morph)_945,945
eucalyptus_petraea,eucalyptus_petraea_339,339
eucalyptus_petraea,eucalyptus_petraea_2761,2761
eucalyptus_petraea,eucalyptus_petraea_3766,3766
eucalyptus_petraea,eucalyptus_petraea_5463,5463
eucalyptus_petrensis,eucalyptus_petrensis_248,248
eucalyptus_phaenophylla,eucalyptus_phaenophylla_235,235
eucalyptus_phaenophylla,eucalyptus_phaenophylla_236,236
eucalyptus_phaenophylla,eucalyptus_phaenophylla_324,324
eucalyptus_phaenophylla,eucalyptus_phaenophylla_(subsp._interjacens)_196,196
eucalyptus_phenax,eucalyptus_phenax_subsp._compressa_824,824
eucalyptus_phenax,eucalyptus_phenax_subsp._phenax_929,929
eucalyptus_phenax,eucalyptus_phenax_subsp._phenax_3439,3439
eucalyptus_phenax,eucalyptus_phenax_subsp._phenax_4423,4423
eucalyptus_phenax,eucalyptus_phenax_subsp._phenax_(hills_variant)_5924,5924
eucalyptus_phoenicea,eucalyptus_phoenicea_4216,4216
eucalyptus_phoenicea,eucalyptus_phoenicea_4228,4228
eucalyptus_phoenicea,eucalyptus_phoenicea_(battlecamp_variant)_1320,1320
eucalyptus_pileata,eucalyptus_pileata_191,191
eucalyptus_pileata,eucalyptus_pileata_947,947
eucalyptus_pileata,eucalyptus_pileata_3644,3644
eucalyptus_pileata,eucalyptus_pileata_5477,5477
eucalyptus_pileata,eucalyptus_pileata_3178,3178
eucalyptus_pileata,eucalyptus_pileata_4669,4669
eucalyptus_pimpiniana,eucalyptus_pimpiniana_110,110
eucalyptus_pimpiniana,eucalyptus_pimpiniana_2738,2738
eucalyptus_piperita,eucalyptus_piperita_subsp._piperita_627,627
eucalyptus_piperita,eucalyptus_piperita_subsp._urceolaris_610,610
eucalyptus_piperita,eucalyptus_piperita_subsp._urceolaris_7363,7363
eucalyptus_griffithsii,eucalyptus_planipes_131,131
eucalyptus_griffithsii,eucalyptus_planipes_6996,6996
eucalyptus_griffithsii,eucalyptus_planipes_(e._trachybasis)_330,330
eucalyptus_griffithsii,eucalyptus_planipes_(e._trachybasis)_4306,4306
eucalyptus_platycorys,eucalyptus_platycorys_2733,2733
eucalyptus_platycorys,eucalyptus_platycorys_3445,3445
eucalyptus_platycorys,eucalyptus_platycorys_3601,3601
eucalyptus_platycorys,eucalyptus_platycorys_3627,3627
eucalyptus_platyphylla,eucalyptus_platyphylla_1296,1296
eucalyptus_platyphylla,eucalyptus_platyphylla_12966,12966
eucalyptus_platyphylla,eucalyptus_platyphylla_(nt_form)_1350,1350
eucalyptus_nutans,eucalyptus_platypus_subsp._congregata_184,184
eucalyptus_nutans,eucalyptus_platypus_subsp._congregata_3591,3591
eucalyptus_nutans,eucalyptus_platypus_subsp._platypus_208,208
eucalyptus_pleurocarpa,eucalyptus_pleurocarpa_154,154
eucalyptus_pleurocarpa,eucalyptus_pleurocarpa_3557,3557
eucalyptus_polita,eucalyptus_polita_3449,3449
eucalyptus_polita,eucalyptus_polita_3468,3468
eucalyptus_polita,eucalyptus_polita_3669,3669
eucalyptus_polyanthemos,eucalyptus_polyanthemos_subsp._marginalis_457,457
eucalyptus_polyanthemos,eucalyptus_polyanthemos_subsp._marginalis_6106,6106
eucalyptus_polyanthemos,eucalyptus_polyanthemos_subsp._polyanthemos_742,742
eucalyptus_polyanthemos,eucalyptus_polyanthemos_subsp._polyanthemos_2899,2899
eucalyptus_polyanthemos,eucalyptus_polyanthemos_subsp._vestita_6785,6785
eucalyptus_polyanthemos,eucalyptus_polyanthemos_subsp._vestita_(subsp._longior)_1738,1738
eucalyptus_polybractea,eucalyptus_polybractea_736,736
eucalyptus_polybractea,eucalyptus_populnea_subsp._bimbil_2954,2954
eucalyptus_polybractea,eucalyptus_populnea_subsp._populnea_679,679
eucalyptus_acmenoides,eucalyptus_portuensis_6447,6447
eucalyptus_preissiana,eucalyptus_preissiana_subsp._lobata_179,179
eucalyptus_preissiana,eucalyptus_preissiana_subsp._lobata_3710,3710
eucalyptus_preissiana,eucalyptus_preissiana_subsp._lobata_5492,5492
eucalyptus_preissiana,eucalyptus_preissiana_subsp._preissiana_217,217
eucalyptus_preissiana,eucalyptus_preissiana_subsp._preissiana_3762,3762
eucalyptus_prolixa,eucalyptus_prolixa_2281,2281
eucalyptus_prolixa,eucalyptus_prolixa_6693,6693
eucalyptus_youmanii,eucalyptus_prominula_2917,2917
eucalyptus_propinqua,eucalyptus_propinqua_1239,1239
eucalyptus_propinqua,eucalyptus_propinqua_(blackdown_variant)_6457,6457
eucalyptus_protensa,eucalyptus_protensa_126,126
eucalyptus_protensa,eucalyptus_protensa_3641,3641
eucalyptus_pruinosa,eucalyptus_pruinosa_subsp._pruinosa_1329,1329
eucalyptus_pruinosa,eucalyptus_pruinosa_subsp._pruinosa_2440,2440
eucalyptus_pruinosa,eucalyptus_pruinosa_subsp._tenuata_4203,4203
eucalyptus_pruinosa,eucalyptus_pruinosa_subsp._tenuata_4226,4226
eucalyptus_carnea,eucalyptus_psammitica_664,664
eucalyptus_globulus,eucalyptus_pseudoglobulus_1735,1735
eucalyptus_pterocarpa,eucalyptus_pterocarpa_3656,3656
eucalyptus_pterocarpa,eucalyptus_pterocarpa_137,137
eucalyptus_pulverulenta,eucalyptus_pulverulenta_1226,1226
eucalyptus_pulverulenta,eucalyptus_pulverulenta_6323,6323
eucalyptus_grisea,eucalyptus_punctata_612,612
eucalyptus_grisea,eucalyptus_punctata_1253,1253
eucalyptus_purpurata,eucalyptus_purpurata_3579,3579
eucalyptus_purpurata,eucalyptus_purpurata_3580,3580
eucalyptus_quadrans,eucalyptus_quadrans_1099,1099
eucalyptus_quadrans,eucalyptus_quadrans_1119,1119
eucalyptus_quadricostata,eucalyptus_quadricostata_2533,2533
eucalyptus_quadricostata,eucalyptus_quadricostata_5137,5137
eucalyptus_quaerenda,eucalyptus_quaerenda_237,237
eucalyptus_quaerenda,eucalyptus_quaerenda_3719,3719
eucalyptus_racemosa,eucalyptus_racemosa_718,718
eucalyptus_racemosa,eucalyptus_racemosa_(e._sclerophylla)_7357,7357
eucalyptus_radiata,eucalyptus_radiata_subsp._radiata_575,575
eucalyptus_radiata,eucalyptus_radiata_subsp._radiata_602,602
eucalyptus_radiata,eucalyptus_radiata_subsp._radiata_(tas_variant)_1959,1959
eucalyptus_radiata,eucalyptus_radiata_subsp._sejuncta_655,655
eucalyptus_rameliana,eucalyptus_rameliana_543,543
eucalyptus_rameliana,eucalyptus_rameliana_4294,4294
eucalyptus_rameliana,eucalyptus_rameliana_4287,4287
eucalyptus_ravida,eucalyptus_ravida_134,134
eucalyptus_ravida,eucalyptus_ravida_2781,2781
eucalyptus_recta,eucalyptus_recta_294,294
eucalyptus_recta,eucalyptus_recta_5074,5074
eucalyptus_recta,eucalyptus_recta_4441,4441
eucalyptus_tindaliae,eucalyptus_reducta_1300,1300
eucalyptus_pluricaulis,eucalyptus_redunca_subsp._pluricaulis_1662,1662
eucalyptus_pluricaulis,eucalyptus_redunca_subsp._pluricaulis_3727,3727
eucalyptus_pluricaulis,eucalyptus_redunca_subsp._porphyrea_210,210
eucalyptus_pluricaulis,eucalyptus_redunca_subsp._redunca_221,221
eucalyptus_regnans,eucalyptus_regnans_467,467
eucalyptus_regnans,eucalyptus_regnans_1973,1973
eucalyptus_regnans,eucalyptus_regnans_4316,4316
eucalyptus_lanepoolei,eucalyptus_relicta_3550,3550
eucalyptus_lanepoolei,eucalyptus_relicta_3551,3551
eucalyptus_lanepoolei,eucalyptus_relicta_5535,5535
eucalyptus_gypsophila,eucalyptus_repullulans_1188,1188
eucalyptus_gypsophila,eucalyptus_repullulans_1550,1550
eucalyptus_gypsophila,eucalyptus_repullulans_5180,5180
eucalyptus_resinifera,eucalyptus_resinifera_subsp._hemilampra_2921,2921
eucalyptus_resinifera,eucalyptus_resinifera_subsp._hemilampra_6206,6206
eucalyptus_resinifera,eucalyptus_resinifera_subsp._resinifera_642,642
eucalyptus_resinifera,eucalyptus_resinifera_subsp._resinifera_1762,1762
eucalyptus_mooreana,eucalyptus_revelata_1910,1910
eucalyptus_rigens,eucalyptus_rigens_157,157
eucalyptus_rigens,eucalyptus_rigens_3595,3595
eucalyptus_rigidula,eucalyptus_rigidula_subsp._rigidula_244,244
eucalyptus_rigidula,eucalyptus_rigidula_subsp._rigidula_292,292
eucalyptus_rigidula,eucalyptus_rigidula_subsp._rigidula_2713,2713
eucalyptus_rigidula,eucalyptus_rigidula_3630,3630
eucalyptus_rigidula,eucalyptus_rigidula_subsp._rigidula_5071,5071
eucalyptus_rigidula,eucalyptus_rigidula_subsp._rigidula_6697,6697
eucalyptus_rigidula,eucalyptus_rigidula_subsp._rigidula_6955,6955
eucalyptus_rigidula,eucalyptus_rigidula_subsp._rigidula_5460,5460
eucalyptus_rigidula,eucalyptus_rigidula_subsp._rigidula_5554,5554
eucalyptus_rigidula,eucalyptus_rigidula_subsp._rigidula_5671,5671
eucalyptus_radiata,eucalyptus_robertsonii_1771,1771
eucalyptus_radiata,eucalyptus_robertsonii_(subsp._hemispherica)_2953,2953
eucalyptus_pellita,eucalyptus_robusta_638,638
eucalyptus_pellita,eucalyptus_robusta_6205,6205
eucalyptus_rodwayi,eucalyptus_rodwayi_1972,1972
eucalyptus_rodwayi,eucalyptus_rodwayi_7402,7402
eucalyptus_rosacea,eucalyptus_rosacea_518,518
eucalyptus_rosacea,eucalyptus_rosacea_6939,6939
eucalyptus_racemosa,eucalyptus_rossii_725,725
eucalyptus_racemosa,eucalyptus_rossii_781,781
eucalyptus_lucasii,eucalyptus_rowleyi_4277,4277
eucalyptus_lucasii,eucalyptus_rowleyi_4279,4279
eucalyptus_lucasii,eucalyptus_rowleyi_4281,4281
eucalyptus_roycei,eucalyptus_roycei_1175,1175
eucalyptus_roycei,eucalyptus_roycei_5086,5086
eucalyptus_rubida,eucalyptus_rubida_subsp._barbigerorum_2939,2939
eucalyptus_rubida,eucalyptus_rubida_subsp._rubida_1223,1223
eucalyptus_rubida,eucalyptus_rubida_subsp._rubida_6297,6297
eucalyptus_rubida,eucalyptus_rubida_subsp._rubida_6319,6319
eucalyptus_rudderi,eucalyptus_rudderi_2920,2920
eucalyptus_rudderi,eucalyptus_rudderi_(e._hypostomatica)_2080,2080
eucalyptus_rudis,eucalyptus_rudis_subsp._cratyantha_1146,1146
eucalyptus_rudis,eucalyptus_rudis_subsp._cratyantha_5538,5538
eucalyptus_rudis,eucalyptus_rudis_subsp._rudis_1131,1131
eucalyptus_rugosa,eucalyptus_rugosa_806,806
eucalyptus_rugosa,eucalyptus_rugosa_3179,3179
eucalyptus_rugosa,eucalyptus_rugosa_5908,5908
eucalyptus_rugulata,eucalyptus_rugulata_3671,3671
eucalyptus_rugulata,eucalyptus_rugulata_3673,3673
eucalyptus_confluens,eucalyptus_rupestris_1920,1920
eucalyptus_confluens,eucalyptus_rupestris_5812,5812
eucalyptus_corticosa,eucalyptus_sabulosa_359,359
eucalyptus_corticosa,eucalyptus_sabulosa_7427,7427
eucalyptus_salicola,eucalyptus_salicola_3457,3457
eucalyptus_salicola,eucalyptus_salicola_3493,3493
eucalyptus_salicola,eucalyptus_salicola_3882,3882
eucalyptus_saligna,eucalyptus_saligna_705,705
eucalyptus_saligna,eucalyptus_saligna_2924,2924
eucalyptus_salmonophloia,eucalyptus_salmonophloia_341,341
eucalyptus_salmonophloia,eucalyptus_salmonophloia_2306,2306
eucalyptus_salubris,eucalyptus_salubris_342,342
eucalyptus_salubris,eucalyptus_salubris_2717,2717
eucalyptus_salubris,eucalyptus_salubris_3496,3496
eucalyptus_salubris,eucalyptus_salubris_(fine-leaved_form)_3831,3831
eucalyptus_sargentii,eucalyptus_sargentii_subsp._onesis_2236,2236
eucalyptus_sargentii,eucalyptus_sargentii_subsp._onesis_3695,3695
eucalyptus_sargentii,eucalyptus_sargentii_subsp._onesis_6022,6022
eucalyptus_sargentii,eucalyptus_sargentii_subsp._sargentii_2229,2229
eucalyptus_sargentii,eucalyptus_sargentii_subsp._sargentii_5551,5551
eucalyptus_sargentii,eucalyptus_sargentii_subsp._sargentii_(smooth-barked_form)_4412,4412
eucalyptus_saxatilis,eucalyptus_saxatilis_2069,2069
eucalyptus_saxatilis,eucalyptus_saxatilis_4883,4883
eucalyptus_scias,eucalyptus_scias_subsp._apoda_2100,2100
eucalyptus_scias,eucalyptus_scias_subsp._apoda_6191,6191
eucalyptus_scias,eucalyptus_scias_subsp._callimastha_600,600
eucalyptus_scias,eucalyptus_scias_subsp._callimastha_2908,2908
eucalyptus_scias,eucalyptus_scias_subsp._scias_2911,2911
eucalyptus_scias,eucalyptus_scias_subsp._scias_6306,6306
eucalyptus_scoparia,eucalyptus_scoparia_672,672
eucalyptus_scoparia,eucalyptus_scoparia_6196,6196
eucalyptus_surgens,eucalyptus_scyphocalyx_(e._surgens)_558,558
eucalyptus_surgens,eucalyptus_scyphocalyx_(e._surgens)_5997,5997
eucalyptus_eudesmioides,eucalyptus_selachiana_1176,1176
eucalyptus_goniantha,eucalyptus_semiglobosa_4570,4570
eucalyptus_goniantha,eucalyptus_semiglobosa_4579,4579
eucalyptus_sepulcralis,eucalyptus_sepulcralis_1126,1126
eucalyptus_sepulcralis,eucalyptus_sepulcralis_1635,1635
eucalyptus_serraensis,eucalyptus_serraensis_2584,2584
eucalyptus_serraensis,eucalyptus_serraensis_7426,7426
eucalyptus_vittata,eucalyptus_sheathiana_302,302
eucalyptus_vittata,eucalyptus_sheathiana_5453,5453
eucalyptus_melanophloia,eucalyptus_shirleyi_1292,1292
eucalyptus_melanophloia,eucalyptus_shirleyi_2508,2508
eucalyptus_melanophloia,eucalyptus_shirleyi_(green_form)_5117,5117
eucalyptus_melanophloia,eucalyptus_shrileyi_(square_fruit_form)_6414,6414
eucalyptus_sideroxylon,eucalyptus_sideroxylon_674,674
eucalyptus_sideroxylon,eucalyptus_sideroxylon_(subsp._improcera)_6474,6474
eucalyptus_singularis,eucalyptus_singularis_3816,3816
eucalyptus_singularis,eucalyptus_singularis_3973,3973
eucalyptus_mcquoidii,eucalyptus_sinuosa_5057,5057
eucalyptus_mcquoidii,eucalyptus_sinuosa_5061,5061
eucalyptus_smithii,eucalyptus_smithii_598,598
eucalyptus_smithii,eucalyptus_smithii_(mallee_form)_2068,2068
eucalyptus_socialis,eucalyptus_socialis_subsp._eucentrica_2198,2198
eucalyptus_socialis,eucalyptus_socialis_subsp._eucentrica_2430,2430
eucalyptus_socialis,eucalyptus_socialis_subsp._eucentrica_2538,2538
eucalyptus_socialis,eucalyptus_socialis_subsp._eucentrica_2539,2539
eucalyptus_socialis,eucalyptus_socialis_subsp._socialis_1804,1804
eucalyptus_socialis,eucalyptus_socialis_subsp._socialis_2890,2890
eucalyptus_socialis,eucalyptus_socialis_subsp._socialis_2955,2955
eucalyptus_socialis,eucalyptus_socialis_subsp._socialis_(glaucous_variant)_3172,3172
eucalyptus_socialis,eucalyptus_socialis_subsp._victoriensis_113,113
eucalyptus_socialis,eucalyptus_socialis_subsp._victoriensis_2323,2323
eucalyptus_socialis,eucalyptus_socialis_subsp._viridans_928,928
eucalyptus_socialis,eucalyptus_socialis_subsp._viridans_1946,1946
eucalyptus_socialis,eucalyptus_socialis_subsp._viridans_2593,2593
eucalyptus_socialis,eucalyptus_socialis_subsp._viridans_2879,2879
eucalyptus_hypolaena,eucalyptus_sp._'cable_haul_road'_(aff._hypolaena)_2787,2787
eucalyptus_hypolaena,eucalyptus_sp._'cable_haul_road'_(aff._hypolaena)_3639,3639
eucalyptus_hypolaena,eucalyptus_sp._'cable_haul_road'_(aff._hypolaena)_6956,6956
eucalyptus_myriadena,eucalyptus_sp._'dartmoor'_(aff._myriadena)_5585,5585
eucalyptus_urna,eucalyptus_sp._'dunbar_road'_(aff._urna)_5466,5466
eucalyptus_nerthicola,eucalyptus_sp._'esperance'_(aff._phenax)_3604,3604
eucalyptus_nerthicola,eucalyptus_sp._'esperance'_(aff._phenax)_3608,3608
eucalyptus_nerthicola,eucalyptus_sp._'esperance'_(aff._phenax)_3711,3711
eucalyptus_olivina,eucalyptus_olivina_3662,3662
eucalyptus_rigidula,eucalyptus_rigidula_subsp._clancularia_4539,4539
eucalyptus_olivina,eucalyptus_olivina_6383,6383
eucalyptus_leptophylla,eucalyptus_omissa_505,505
eucalyptus_leptophylla,eucalyptus_omissa_1079,1079
eucalyptus_leptophylla,eucalyptus_omissa_1392,1392
eucalyptus_leptophylla,eucalyptus_omissa_6945,6945
eucalyptus_horistes,eucalyptus_ecdysiastes_527,527
eucalyptus_horistes,eucalyptus_ecdysiastes_2730,2730
eucalyptus_rigidula,eucalyptus_rigidula_subsp._rigidula_3530,3530
eucalyptus_rigidula,eucalyptus_rigidula_subsp._rigidula_5578,5578
eucalyptus_horistes,eucalyptus_horistes_2790,2790
eucalyptus_horistes,eucalyptus_horistes_6951,6951
eucalyptus_captiosa,eucalyptus_sp._'lake_magenta'_(aff._captiosa)_5509,5509
eucalyptus_captiosa,eucalyptus_sp._'lake_magenta'_(aff._captiosa)_6025,6025
eucalyptus_oldfieldii,eucalyptus_sp._'little_sandy_desert'_(aff._oldfieldii)_4284,4284
eucalyptus_oldfieldii,eucalyptus_sp._'little_sandy_desert'_(aff._oldfieldii)_4289,4289
eucalyptus_oldfieldii,eucalyptus_sp._'little_sandy_desert'_(aff._oldfieldii)_4704,4704
eucalyptus_discreta,eucalyptus_sinuensis_1081,1081
eucalyptus_leptophylla,eucalyptus_efflorescens_3486,3486
eucalyptus_leptophylla,eucalyptus_efflorescens_5033,5033
eucalyptus_formanii,eucalyptus_plumula_522,522
eucalyptus_formanii,eucalyptus_plumula_6931,6931
eucalyptus_platyphylla,eucalyptus_sp._'port_moresby'_(aff._platyphylla)_13400,13400
eucalyptus_ceratocorys,eucalyptus_sp._'queen_victoria_spring'_(aff._ceratocorys)_6943,6943
eucalyptus_gracilis,eucalyptus_sp._'south_newdegate_lakes'_(aff._gracilis)_1861,1861
eucalyptus_gracilis,eucalyptus_sp._'south_newdegate_lakes'_(aff._gracilis)_6021,6021
eucalyptus_leptocalyx,eucalyptus_sp._'southern_wheatbelt'_(aff._leptocalyx)_1105,1105
eucalyptus_leptocalyx,eucalyptus_sp._'southern_wheatbelt'_(aff._leptocalyx)_3713,3713
eucalyptus_leptocalyx,eucalyptus_sp._'southern_wheatbelt'_(aff._leptocalyx)_5507,5507
eucalyptus_horistes,eucalyptus_lunata_3436,3436
eucalyptus_horistes,eucalyptus_lunata_3742,3742
eucalyptus_horistes,eucalyptus_lunata_5503,5503
eucalyptus_horistes,eucalyptus_lunata_5518,5518
eucalyptus_dissimulata,eucalyptus_dissimulata_subsp._plauta_3897,3897
eucalyptus_dissimulata,eucalyptus_aff._horistes_4553,4553
eucalyptus_vittata,eucalyptus_sp._north_balladonia_(aff._sheathiana)_2795,2795
eucalyptus_vittata,eucalyptus_sp._north_balladonia_(aff._sheathiana)_3620,3620
eucalyptus_vittata,eucalyptus_sp._north_balladonia_(aff._sheathiana)_3625,3625
eucalyptus_sparsa,eucalyptus_sparsa_427,427
eucalyptus_sparsa,eucalyptus_sparsa_2684,2684
eucalyptus_sparsifolia,eucalyptus_sparsifolia_629,629
eucalyptus_sparsifolia,eucalyptus_sparsifolia_7360,7360
eucalyptus_sparsifolia,eucalyptus_sparsifolia_(e._ralla)_614,614
eucalyptus_sparsifolia,eucalyptus_sparsifolia_(e._ralla)_7361,7361
eucalyptus_spathulata,eucalyptus_spathulata_subsp._salina_3435,3435
eucalyptus_spathulata,eucalyptus_spathulata_subsp._salina_3806,3806
eucalyptus_spathulata,eucalyptus_spathulata_subsp._spathulata_234,234
eucalyptus_spathulata,eucalyptus_spathulata_subsp._spathulata_4421,4421
eucalyptus_stricta,eucalyptus_spectatrix_1751,1751
eucalyptus_aspratilis,eucalyptus_sporadica_204,204
eucalyptus_aspratilis,eucalyptus_sporadica_1122,1122
eucalyptus_aspratilis,eucalyptus_sporadica_2248,2248
eucalyptus_spreta,eucalyptus_spreta_122,122
eucalyptus_spreta,eucalyptus_spreta_3634,3634
eucalyptus_spreta,eucalyptus_spreta_3898,3898
eucalyptus_spreta,eucalyptus_spreta_-_e._vittata_intergrade_(e._redimulicifera)_551,551
eucalyptus_exilipes,eucalyptus_staigeriana_2520,2520
eucalyptus_steedmanii,eucalyptus_steedmanii_317,317
eucalyptus_steedmanii,eucalyptus_steedmanii_4668,4668
eucalyptus_stellulata,eucalyptus_stellulata_582,582
eucalyptus_stellulata,eucalyptus_stellulata_(e._forresterae)_7382,7382
eucalyptus_gypsophila,eucalyptus_striaticalyx_1548,1548
eucalyptus_gypsophila,eucalyptus_striaticalyx_5592,5592
eucalyptus_stricklandii,eucalyptus_stricklandii_344,344
eucalyptus_stricklandii,eucalyptus_stricklandii_3646,3646
eucalyptus_stricta,eucalyptus_stricta_607,607
eucalyptus_stricta,eucalyptus_stricta_3208,3208
eucalyptus_stricta,eucalyptus_stricta_5252,5252
eucalyptus_strzeleckii,eucalyptus_strzeleckii_1725,1725
eucalyptus_strzeleckii,eucalyptus_strzeleckii_1731,1731
eucalyptus_subangusta,eucalyptus_subangusta_subsp._cerina_301,301
eucalyptus_subangusta,eucalyptus_subangusta_subsp._pusilla_278,278
eucalyptus_subangusta,eucalyptus_subangusta_subsp._pusilla_3497,3497
eucalyptus_subangusta,eucalyptus_subangusta_subsp._subangusta_290,290
eucalyptus_subangusta,eucalyptus_subangusta_subsp._virescens_3451,3451
eucalyptus_agglomerata,eucalyptus_subcaerulea_2928,2928
eucalyptus_agglomerata,eucalyptus_subcaerulea_2929,2929
eucalyptus_subcrenulata,eucalyptus_subcrenulata_1962,1962
eucalyptus_subcrenulata,eucalyptus_subcrenulata_1970,1970
eucalyptus_subcrenulata,eucalyptus_subcrenulata_1977,1977
eucalyptus_subcrenulata,eucalyptus_subcrenulata_7398,7398
eucalyptus_subtilis,eucalyptus_subtilis_140,140
eucalyptus_subtilis,eucalyptus_subtilis_187,187
eucalyptus_subtilis,eucalyptus_subtilis_3715,3715
eucalyptus_dura,eucalyptus_suffulgens_694,694
eucalyptus_dura,eucalyptus_suffulgens_1267,1267
eucalyptus_suggrandis,eucalyptus_suggrandis_subsp._promiscua_311,311
eucalyptus_suggrandis,eucalyptus_suggrandis_subsp._promiscua_3721,3721
eucalyptus_suggrandis,eucalyptus_suggrandis_subsp._promiscua_3814,3814
eucalyptus_suggrandis,eucalyptus_suggrandis_subsp._promiscua_4425,4425
eucalyptus_suggrandis,eucalyptus_suggrandis_subsp._suggrandis_197,197
eucalyptus_suggrandis,eucalyptus_suggrandis_subsp._suggrandis_1128,1128
eucalyptus_suggrandis,eucalyptus_suggrandis_subsp._suggrandis_3583,3583
eucalyptus_suggrandis,eucalyptus_suggrandis_subsp._suggrandis_4435,4435
eucalyptus_tetraptera,eucalyptus_sweedmaniana_5487,5487
eucalyptus_synandra,eucalyptus_synandra_297,297
eucalyptus_synandra,eucalyptus_synandra_5588,5588
eucalyptus_talyuberlup,eucalyptus_talyuberlup_228,228
eucalyptus_talyuberlup,eucalyptus_talyuberlup_4804,4804
eucalyptus_talyuberlup,eucalyptus_tardecidens_2521,2521
eucalyptus_tholiformis,eucalyptus_taurina_2106,2106
eucalyptus_tenera,eucalyptus_tenera_310,310
eucalyptus_tenera,eucalyptus_tenera_2228,2228
eucalyptus_tenera,eucalyptus_tenera_3590,3590
eucalyptus_tenera,eucalyptus_tenera_238,238
eucalyptus_tenuipes,eucalyptus_tenuipes_693,693
eucalyptus_tenuipes,eucalyptus_tenuipes_6473,6473
eucalyptus_tenuipes,eucalyptus_tenuipes_6475,6475
eucalyptus_tenuiramis,eucalyptus_tenuiramis_1976,1976
eucalyptus_tenuiramis,eucalyptus_tenuiramis_6721,6721
eucalyptus_incerata,eucalyptus_tephroclada_314,314
eucalyptus_terebra,eucalyptus_terebra_117,117
eucalyptus_terebra,eucalyptus_terebra_3607,3607
eucalyptus_tereticornis,eucalyptus_tereticornis_subsp._basaltica_2937,2937
eucalyptus_tereticornis,eucalyptus_tereticornis_subsp._mediana_1736,1736
eucalyptus_tereticornis,eucalyptus_tereticornis_subsp._rotunda_1272,1272
eucalyptus_tereticornis,eucalyptus_tereticornis_subsp._tereticornis_713,713
eucalyptus_tereticornis,eucalyptus_tereticornis_subsp._tereticornis_13398,13398
eucalyptus_tereticornis,eucalyptus_tereticornis_subsp._tereticornis_13661,13661
eucalyptus_blakelyi,eucalyptus_terrica_6173,6173
eucalyptus_tetraptera,eucalyptus_tetraptera_180,180
eucalyptus_tetraptera,eucalyptus_tetraptera_6015,6015
eucalyptus_tetraptera,eucalyptus_tetraptera_6349,6349
eucalyptus_thamnoides,eucalyptus_thamnoides_3454,3454
eucalyptus_thamnoides,eucalyptus_thamnoides_3559,3559
eucalyptus_tholiformis,eucalyptus_tholiformis_1275,1275
eucalyptus_tholiformis,eucalyptus_tholiformis_1279,1279
eucalyptus_tindaliae,eucalyptus_tindaliae_1243,1243
eucalyptus_tindaliae,eucalyptus_tindaliae_(curta_variant)_2109,2109
eucalyptus_tindaliae,eucalyptus_tindaliae_(curta_variant)_6801,6801
eucalyptus_todtiana,eucalyptus_todtiana_247,247
eucalyptus_todtiana,eucalyptus_todtiana_3763,3763
eucalyptus_todtiana,eucalyptus_todtiana_5075,5075
eucalyptus_tricarpa,eucalyptus_tricarpa_1727,1727
eucalyptus_tricarpa,eucalyptus_tricarpa_6784,6784
eucalyptus_tricarpa,eucalyptus_tricarpa_(subsp._decora)_6105,6105
eucalyptus_triflora,eucalyptus_triflora_2904,2904
eucalyptus_triflora,eucalyptus_triflora_6303,6303
eucalyptus_trivalvis,eucalyptus_trivalva_529,529
eucalyptus_trivalvis,eucalyptus_trivalva_5936,5936
eucalyptus_trivalvis,eucalyptus_trivalva_(pruinose_form)_1534,1534
eucalyptus_ultima,eucalyptus_ultima_1182,1182
eucalyptus_ultima,eucalyptus_ultima_2202,2202
eucalyptus_umbra,eucalyptus_umbra_2912,2912
eucalyptus_confluens,eucalyptus_umbrawarrensis_2458,2458
eucalyptus_uncinata,eucalyptus_connexa_162,162
eucalyptus_uncinata,eucalyptus_connexa_1089,1089
eucalyptus_uncinata,eucalyptus_uncinata_subsp._crassifolia_3575,3575
eucalyptus_uncinata,eucalyptus_uncinata_subsp._uncinata_195,195
eucalyptus_uncinata,eucalyptus_uncinata_subsp._uncinata_3453,3453
eucalyptus_uncinata,eucalyptus_uncinata_subsp._uncinata_5992,5992
eucalyptus_urna,eucalyptus_urna_1087,1087
eucalyptus_urna,eucalyptus_urna_1817,1817
eucalyptus_urna,eucalyptus_urna_1838,1838
eucalyptus_urna,eucalyptus_urna_1851,1851
eucalyptus_gunnii,eucalyptus_urnigera_1981,1981
eucalyptus_gunnii,eucalyptus_urnigera_7410,7410
eucalyptus_utilis,eucalyptus_utilis_215,215
eucalyptus_utilis,eucalyptus_utilis_3705,3705
eucalyptus_utilis,eucalyptus_utilis_5493,5493
eucalyptus_utilis,eucalyptus_utilis_4589,4589
eucalyptus_redunca,eucalyptus_varia_163,163
eucalyptus_redunca,eucalyptus_varia_(subsp._salsuginosa)_167,167
eucalyptus_vegrandis,eucalyptus_vegrandis_subsp._recondita_1621,1621
eucalyptus_vegrandis,eucalyptus_vegrandis_subsp._recondita_1883,1883
eucalyptus_vegrandis,eucalyptus_vegrandis_subsp._vegrandis_201,201
eucalyptus_vegrandis,eucalyptus_vegrandis_subsp._vegrandis_207,207
eucalyptus_vegrandis,eucalyptus_vegrandis_subsp._vegrandis_3563,3563
eucalyptus_vernicosa,eucalyptus_vernicosa_2577,2577
eucalyptus_vernicosa,eucalyptus_vernicosa_7403,7403
eucalyptus_verrucata,eucalyptus_verrucata_357,357
eucalyptus_verrucata,eucalyptus_verrucata_455,455
eucalyptus_verrucata,eucalyptus_verrucata_3787,3787
eucalyptus_vicina,eucalyptus_vicina_728,728
eucalyptus_vicina,eucalyptus_vicina_6147,6147
eucalyptus_vicina,eucalyptus_vicina_(mootwingie_variant)_2964,2964
eucalyptus_vicina,eucalyptus_vicina_(mootwingie_variant)_6502,6502
eucalyptus_victoriana,eucalyptus_victoriana_358,358
eucalyptus_victoriana,eucalyptus_victoriana_3786,3786
eucalyptus_victoriana,eucalyptus_victoriana_6093,6093
eucalyptus_victrix,eucalyptus_victrix_1178,1178
eucalyptus_victrix,eucalyptus_victrix_2436,2436
eucalyptus_victrix,eucalyptus_victrix_5568,5568
eucalyptus_viminalis,eucalyptus_viminalis_subsp._cygnetensis_941,941
eucalyptus_viminalis,eucalyptus_viminalis_subsp._cygnetensis_5907,5907
eucalyptus_viminalis,eucalyptus_viminalis_subsp._cygnetensis_(subsp._siliciana)_6108,6108
eucalyptus_viminalis,eucalyptus_viminalis_subsp._hentyensis_1969,1969
eucalyptus_viminalis,eucalyptus_viminalis_subsp._hentyensis_7425,7425
eucalyptus_viminalis,eucalyptus_viminalis_subsp._pryoriana_1740,1740
eucalyptus_viminalis,eucalyptus_viminalis_subsp._pryoriana_7235,7235
eucalyptus_viminalis,eucalyptus_viminalis_subsp._viminalis_1724,1724
eucalyptus_viminalis,eucalyptus_viminalis_subsp._viminalis_6158,6158
eucalyptus_viminalis,eucalyptus_viminalis_subsp._viminalis_Evimvim_1,Evimvim_1
eucalyptus_celastroides,eucalyptus_virella_286,286
eucalyptus_celastroides,eucalyptus_virella_1116,1116
eucalyptus_lanepoolei,eucalyptus_virginea_4635,4635
eucalyptus_lanepoolei,eucalyptus_virginea_5536,5536
eucalyptus_viridis,eucalyptus_viridis_729,729
eucalyptus_viridis,eucalyptus_viridis_6176,6176
eucalyptus_vittata,eucalyptus_vittata_3474,3474
eucalyptus_vittata,eucalyptus_vittata_3667,3667
eucalyptus_vittata,eucalyptus_vittata_3830,3830
eucalyptus_vokesensis,eucalyptus_vokesensis_1502,1502
eucalyptus_vokesensis,eucalyptus_vokesensis_2619,2619
eucalyptus_retinens,eucalyptus_volcanica_648,648
eucalyptus_retinens,eucalyptus_volcanica_6157,6157
eucalyptus_retinens,eucalyptus_volcanica_6231,6231
eucalyptus_wandoo,eucalyptus_wandoo_subsp._pulverea_285,285
eucalyptus_wandoo,eucalyptus_wandoo_subsp._wandoo_230,230
eucalyptus_wandoo,eucalyptus_wandoo_subsp._wandoo_3447,3447
eucalyptus_willisii,eucalyptus_willisii_7233,7233
eucalyptus_polybractea,eucalyptus_wimmerensis_1590,1590
eucalyptus_polybractea,eucalyptus_wimmerensis_(e._walshii)_6866,6866
eucalyptus_woodwardii,eucalyptus_woodwardii_340,340
eucalyptus_woodwardii,eucalyptus_woodwardii_2300,2300
eucalyptus_wyolensis,eucalyptus_wyolensis_112,112
eucalyptus_wyolensis,eucalyptus_wyolensis_2633,2633
eucalyptus_impensa,eucalyptus_x_impensa_(e._macrocarpa_x_e._pyriformis)_264,264
eucalyptus_impensa,eucalyptus_x_impensa_(e._macrocarpa_x_e._pyriformis)_3771,3771
eucalyptus_lateritica,eucalyptus_x_lateritica_(e._suberea_x_e._todtiana)_259,259
eucalyptus_lateritica,eucalyptus_x_lateritica_(e._suberea_x_e._todtiana)_3521,3521
eucalyptus_xanthonema,eucalyptus_xanthonema_202,202
eucalyptus_xanthonema,eucalyptus_xanthonema_(subsp._apposita)_232,232
eucalyptus_xanthonema,eucalyptus_xanthonema_(subsp._apposita)_5062,5062
eucalyptus_xerothermica,eucalyptus_xerothermica_541,541
eucalyptus_xerothermica,eucalyptus_xerothermica_1183,1183
eucalyptus_xerothermica,eucalyptus_xerothermica_1187,1187
eucalyptus_yalatensis,eucalyptus_yalatensis_950,950
eucalyptus_yalatensis,eucalyptus_yalatensis_2129,2129
eucalyptus_yalatensis,eucalyptus_yalatensis_6000,6000
eucalyptus_yalatensis,eucalyptus_yalatensis_2142,2142
eucalyptus_yilgarnensis,eucalyptus_yilgarnensis_1566,1566
eucalyptus_yilgarnensis,eucalyptus_yilgarnensis_6926,6926
eucalyptus_youmanii,eucalyptus_youmanii_654,654
eucalyptus_youmanii,eucalyptus_youmanii_(e._subtilior)_676,676
eucalyptus_youngiana,eucalyptus_youngiana_523,523
eucalyptus_youngiana,eucalyptus_youngiana_5938,5938
eucalyptus_youngiana,eucalyptus_youngiana_4542,4542
eucalyptus_youngiana,eucalyptus_youngiana_(glaucous_form)_1535,1535
eucalyptus_yumbarrana,eucalyptus_yumbarrana_1078,1078
eucalyptus_yumbarrana,eucalyptus_yumbarrana_1808,1808
