Taxon,Status,Accepted name,Authority,Collection source,ETS accession,ITS accession,matK accession,psbA accession
Acmena smithii,Synonym,Syzygium smithii,(Poir.) Nied.,GenBank,AM489889,AM234137,DQ088545,AM489808
Agonis flexuosa,Accepted,,(Muhl. ex Willd.) Sweet,GenBank,EU850635,DQ499115,AF184711,
Allosyncarpia ternata,Accepted,,S.T.Blake,GenBank,DQ352477,DQ352477,,AF190370
Amomyrtus luma,Accepted,,(Molina) D.Legrand & Kausel,GenBank,AM489892,AM234073,,AM489811
Angophora bakeri,Accepted,,C.C.Hall,CANB 786317**,KT631411,KT630893,KT632621,KT632063
subsp. bakeri,,,,,,,,
Angophora costata,Accepted,,(Gaertn.) Hochr. ex Britten,CANB 786256**,KT631412,,KT632622,KT632064
subsp. costata,,,,,,,,
Angophora exul,Accepted,,K.D.Hill,NSW 573034**,KT631413,KT630894,KT632623,KT632065
Angophora floribunda,Accepted,,(Sm.) Sweet,CANB 786321**,KT631414,KT630895,,AF190375
Angophora hispida,Accepted,,(Sm.) Blaxell,NSW 589284**,KT631415,KT630896,KT632624,KT632066
Angophora inopina,Accepted,,K.D.Hill,CANB 786238**,KT631416,KT630897,KT632625,KT632067
Angophora melanoxylon,Accepted,,F.Muell. ex R.T.Baker,NSW 785602**,KT631417,KT630898,KT632626,KT632068
Angophora robur,Accepted,,L.A.S.Johnson & K.D.Hill,NSW 537287**,KT631418,KT630899,KT632627,
Angophora subvelutina,Accepted,,F.Muell.,CANB 786273**,KT631419,KT630900,KT632628,KT632069
Angophora woodsiana,Accepted,,F.M.Bailey,CANB 786271**,KT631420,KT630901,KT632629,KT632070
Arillastrum gummiferum,Accepted,,(Brongn. & Gris) Pancher ex Baill.,GenBank,DQ352479,DQ352479,AF368198,AF190372
Cloezia floribunda,Accepted,,Brongn. & Gris,GenBank,AY606255,AF172767,AY521533,
Corymbia abbreviata,Accepted,,(Blakely & Jacobs),CANB 459002**,KT631421,DQ993136,,
Corymbia abergiana,Accepted,,(F.Muell.) K.D.Hill &,Currency Creek 1303,KT631422,DQ993145,,KT632071
Corymbia aparrerinja,Accepted,,K.D.Hill & L.A.S.Johnson,CANB 785580**,KT631423,KT630902,KT632630,KT632072
Corymbia arafurica,Accepted,,K.D.Hill & L.A.S.Johnson,CANB 557707**,KT631424,KT630903,KT632631,KT632073
Corymbia arenaria,Accepted,,(Blakely) K.D.Hill &,CANB 785523**,KT631425,KT630904,KT632632,KT632074
Corymbia aspera,Accepted,,(F.Muell.) K.D.Hill &,CANB 785505**,KT631426,,,
Corymbia aureola,Accepted,,(Brooker & A.R.Bean),CANB 582839**,KT631427,GQ366352,KT632633,KT632075
Corymbia bella,Accepted,,K.D.Hill & L.A.S.Johnson,CANB 785527**,,DQ993123,KT632634,
Corymbia blakei,Accepted,,K.D.Hill & L.A.S.Johnson,CANB 582767**,KT631428,,,
Corymbia bleeseri,Accepted,,(Blakely) K.D.Hill &,CANB 785481,KT631429,KT630905,KT632635,KT632076
Corymbia bloxsomei,Accepted,,(Maiden) K.D.Hill &,Currency Creek 687,KT631430,GQ366353,KT632636,
Corymbia brachycarpa,Accepted,,(D.J.Carr & S.G.M.Carr),Mt Annan 891880,KT631431,DQ352484,KT632637,KT632077
Corymbia bunites,Accepted,,(Brooker & A.R.Bean),Currency Creek 711,KT631432,KT630906,KT632638,KT632078
Corymbia cadophora,Accepted,,K.D.Hill & L.A.S.Johnson,CANB 785542**,KT631433,KT630907,KT632639,KT632079
subsp. cadophora,,,,,,,,
Corymbia calophylla,Accepted,,(R.Br. ex Lindl.) K.D.Hill,Currency Creek 1160,KT631434,KT630908,HQ287615,KT632080
Corymbia candida,Accepted,,K.D.Hill & L.A.S.Johnson,Currency Creek 2752,KT631435,KT630909,KT632640,
subsp. dispodes,,,,,,,,
Corymbia catenaria,Synonym,Corymbia watsoniana,(Brooker & A.R.Bean),Currency Creek 700,KT631436,KT630910,KT632641,
Corymbia chippendalei,Accepted,,(D.J.Carr & S.G.M.Carr),CANB 513580**,KT631437,KT630911,,KT632081
Corymbia citriodora,Accepted,,(Hook.) K.D.Hill &,Currency Creek 698,KT631438,AF390461,KT632642,KT632082
Corymbia clarksoniana,Accepted,,(D.J.Carr & S.G.M.Carr),ANBG 643951,KT631439,KT630912,KT632643,KT632083
Corymbia collina,Accepted,,(W.Fitzg.) K.D.Hill &,CANB 785553**,KT631440,KT630913,KT632644,KT632084
Corymbia confertiflora,Accepted,,(Kippist ex F.Muell.) K.D.Hill,CANB 785485**,KT631441,KT630914,KT632645,KT632085
Corymbia dallachiana,Accepted,,(Benth.) K.D.Hill &,CANB 697829**,KT631442,KT630915,KT632646,KT632086
Corymbia dampieri,Synonym,Corymbia greeniana,(D.J.Carr & S.G.M.Carr),GenBank,DQ352493,GQ366359,,
Corymbia dendromerinx,Accepted,,K.D.Hill & L.A.S.Johnson,CANB 644448**,KT631443,GQ366360,KT632647,
Corymbia deserticola,Accepted,,(S.G.M.Carr) K.D.Hill &,CANB 804353**,KT631444,DQ993135,KT632648,
subsp. deserticola,,,L.A.S.Johnson,,,,,
Corymbia dichromophloia,Accepted,,(F.Muell.) K.D.Hill &,CANB 785493**,KT631445,KT630916,KT632649,KT632087
Corymbia dimorpha,Synonym,Corymbia peltata,(Benth.) K.D.Hill &,GenBank,DQ352496,GQ366362,,
Corymbia dolichocarpa,Synonym,Corymbia clarksoniana,(D.J.Carr & S.G.M.Carr),GenBank,DQ352497,GQ366363,,
Corymbia dunlopiana,Accepted,,K.D.Hill & L.A.S.Johnson,CANB 640209**,KT631446,KT630917,KT632650,KT632088
Corymbia ellipsoidea,Accepted,,(D.J.Carr & S.G.M.Carr),Mt Annan 904974,KT631447,,KT632651,KT632089
Corymbia eremaea,Accepted,,(D.J.Carr & S.G.M.Carr),Currency Creek 1708,KT631448,KT630918,KT632652,KT632090
subsp. eremaea,,,K.D.Hill & L.A.S.Johnson,,,,,
Corymbia erythrophloia,Accepted,,(Blakely) K.D.Hill &,Mt Annan 891984,KT631449,KT630919,KT632653,KT632091
Corymbia eximia,Accepted,,(Schauer) K.D.Hill &,ANBG 62889,KT631450,AF190360,KT632654,KT632092
Corymbia ferriticola,Accepted,,(Brooker & Edgecombe) K.D.Hill,CANB 804359**,KT631451,KT630920,KT632655,KT632093
Corymbia ferruginea,Accepted,,(Schauer) K.D.Hill &,CANB 785503**,,KT630921,KT632656,KT632094
subsp. ferruginea,,,L.A.S.Johnson,,,,,
Corymbia ficifolia,Accepted,,(F.Muell.) K.D.Hill &,ANBG c208,DQ352499,AF390451,KT632657,
Corymbia flavescens,Accepted,,K.D.Hill & L.A.S.Johnson,CANB 785561**,DQ352500,KT630922,KT632658,
Corymbia foelscheana,Accepted,,(F.Muell.) K.D.Hill &,CANB 785474**,KT631452,KT630923,KT632659,KT632095
Corymbia gilbertensis,Accepted,,(Maiden & Blakely) K.D.Hill,CANB 739029**,KT631453,,,
Corymbia grandifolia,Accepted,,(R.Br. ex Benth.) K.D.Hill,CANB 739034**,KT631454,KT630924,KT632660,KT632096
Corymbia greeniana,Accepted,,(D.J.Carr & S.G.M.Carr),CANB 785522**,KT631455,KT630925,KT632661,KT632097
Corymbia gummifera,Accepted,,(Gaertn.) K.D.Hill &,Currency Creek 1228,KT631456,AF390463,KT632662,KT632098
Corymbia haematoxylon,Accepted,,(Maiden) K.D.Hill &,Currency Creek 1147,KT631457,KT630926,,
Corymbia hamersleyana,Accepted,,(D.J.Carr & S.G.M.Carr),CANB 804358**,DQ352503,KT630927,KT632663,KT632100
Corymbia hendersonii,Accepted,,K.D.Hill & L.A.S.Johnson,Currency Creek 701,KT631458,GQ366365,,KT632101
Corymbia henryi,Accepted,,(S.T.Blake) K.D.Hill &,ANBG 8910948,KT631459,AF390457,KT632664,KT632102
Corymbia hylandii,Accepted,,(D.J.Carr & S.G.M.Carr),CANB 738922**,,,,KT632103
Corymbia intermedia,Accepted,,(F.Muell. ex R.T.Baker),Currency Creek 708,KT631460,KT630928,HQ287616,KT632104
Corymbia jacobsiana,Accepted,,(Blakely) K.D.Hill &,CANB 558528**,KT631461,DQ993127,,KT632105
Corymbia lamprophylla,Accepted,,(Brooker & A.R.Bean) K.D.Hill &,Mt Annan 842093,KT631462,,KT632665,KT632106
Corymbia latifolia,Accepted,,(F.Muell.) K.D.Hill &,CANB 785515**,KT631463,,,
Corymbia leichhardtii,Accepted,,(F.M.Bailey) K.D.Hill &,Mt Annan 891967,KT631464,DQ993122,KT632666,KT632107
Corymbia lenziana,Accepted,,(D.J.Carr & S.G.M.Carr) K.D.Hill,CANB 794064**,KT631465,,KT632667,KT632108
Corymbia leptoloma,Accepted,,(Brooker & A.R.Bean) K.D.Hill &,Currency Creek 1302,DQ352508,GQ366367,KT632668,KT632109
Corymbia ligans,Accepted,,K.D.Hill & L.A.S.Johnson,Mt Annan 892078,DQ352509,GQ366368,,
subsp. ligans,,,,,,,,
Corymbia maculata,Accepted,,(Hook.) K.D.Hill &,ANBG 7800470,KT631466,AF058461,KT632669,KT632110
Corymbia nesophila,Accepted,,(Blakely) K.D.Hill &,CANB 785518**,KT631467,,KT632670,
Corymbia novoguinensis,Accepted,,(D.J.Carr & S.G.M.Carr) K.D.Hill,CANB 738912**,KT631468,,,KT632111
Corymbia opaca,Synonym,Corymbia terminalis,(F.Muell.) K.D.Hill &,GenBank,DQ352511,DQ993124,,
Corymbia opacula,Accepted,,L.A.S.Johnson,GenBank,,DQ993125,,
Corymbia pachycarpa,Accepted,,K.D.Hill & L.A.S.Johnson,CANB 785564**,KT631469,,,
Corymbia papillosa,Accepted,,K.D.Hill & L.A.S.Johnson,CANB 564789**,KT631470,,,
Corymbia papuana,Accepted,,(F.Muell.) K.D.Hill &,CANB 583122**,KT631471,AF190359,KT632671,KT632112
Corymbia pauciseta,Accepted,,K.D.Hill & L.A.S.Johnson,CANB 448845**,KT631472,KT630929,KT632672,KT632113
Corymbia peltata,Accepted,,(Benth.) K.D.Hill &,Currency Creek 2505,KT631473,KT630930,KT632673,KT632114
Corymbia petalophylla,Accepted,,(Brooker & A.R.Bean) K.D.Hill &,Mt Annan 892019,KT631474,GQ366370,KT632674,KT632115
Corymbia plena,Accepted,,K.D.Hill & L.A.S.Johnson,CANB 660150**,KT631475,KT630931,,KT632116
Corymbia polycarpa,Accepted,,(F.Muell.) K.D.Hill &,CANB 785478**,KT631476,AF390452,,KT632117
Corymbia polysciada,Accepted,,(F.Muell.) K.D.Hill &,CANB 785475**,KT631477,KT630932,KT632675,KT632118
Corymbia porphyritica,Synonym,Corymbia ellipsoidea,(D.J.Carr & S.G.M.Carr) K.D.Hill,GenBank,DQ352516,,,
Corymbia porrecta,Accepted,,(S.T.Blake) K.D.Hill &,CANB 628340**,KT631478,DQ993134,KT632676,KT632119
Corymbia ptychocarpa,Accepted,,(F.Muell.) K.D.Hill &,CANB 785501**,KT631479,KT630933,KT632677,KT632120
subsp. ptychocarpa,,,L.A.S.Johnson,,,,,
Corymbia rhodops,Accepted,,(D.J.Carr & S.G.M.Carr) K.D.Hill,GenBank,DQ352518,,,
Corymbia scabrida,Accepted,,(Brooker & A.R.Bean) K.D.Hill &,Mt Annan 891868,KT631480,GQ366371,KT632678,KT632121
Corymbia stockeri,Accepted,,(D.J.Carr & S.G.M.Carr) K.D.Hill,GenBank,DQ352520,,,
subsp. stockeri,,,& L.A.S.Johnson,,,,,
Corymbia terminalis,Accepted,,(F.Muell.) K.D.Hill &,CANB 785544**,DQ352521,GQ366372,KT632679,
Corymbia tessellaris,Accepted,,(F.Muell.) K.D.Hill &,Currency Creek s.n.,KT631481,AF058457,KT632680,KT632122
Corymbia torelliana,Accepted,,(F.Muell.) K.D.Hill &,Mt Annan 981102,KT631482,GQ366373,KT632681,KT632123
Corymbia torta,Accepted,,K.D.Hill & L.A.S.Johnson,CANB 644409**,KT631483,,,
Corymbia trachyphloia*,Accepted,,(F.Muell.) K.D.Hill &,ANBG 60750,DQ352523,AF390455,KT632682,
Corymbia variegata,Synonym,Corymbia citriodora,(Hook.) K.D.Hill &,GenBank,DQ352524,AF390462,AF368203,
Corymbia watsoniana,Accepted,,(F.Muell.) K.D.Hill &,ANBG 68771,KT631484,GQ366374,KT632683,
subsp. watsoniana,,,L.A.S.Johnson,,,,,
Corymbia xanthope,Accepted,,(A.R.Bean & Brooker) K.D.Hill &,GenBank,DQ352526,GQ366375,,
Corymbia zygophylla,Accepted,,(Blakely) K.D.Hill &,CANB 785546**,KT631485,GQ366376,KT632684,KT632125
Decaspermum humile,Accepted,,(Sweet ex G.Don) A.J.Scott,GenBank,AM489905,AM234128,,AM489824
Eucalyptopsis alauda,Accepted,,Craven,CANB 704249**,KT631486,,,KT632126
Eucalyptopsis papuana,Accepted,,C.T.White,GenBank,DQ352538,AF190354,AF368205,AF190388
Eucalyptus abdita,Accepted,,Brooker & Hopper,CANB 687864**,KT631487,KT630934,KT632685,KT632127
Eucalyptus absita,Accepted,,Grayling & Brooker,Currency Creek 1154,KT631488,KT630935,KT632686,KT632128
Eucalyptus acaciiformis,Accepted,,H.Deane & Maiden,Currency Creek 657,KT631489,KT630936,KT632687,
Eucalyptus accedens,Accepted,,W.Fitzg.,Currency Creek 1164,KT631490,KT630937,KT632688,KT632129
Eucalyptus acies,Accepted,,Brooker,CANB 610687**,KT631491,EF051489,KT632689,KT632130
Eucalyptus acmenoides,Accepted,,Schauer,Currency Creek 2087,KT631492,KT630938,KT632690,KT632131
Eucalyptus acroleuca,Accepted,,L.A.S.Johnson & K.D.Hill,CANB 593424**,KT631493,,,
Eucalyptus aequioperta,Accepted,,Brooker & Hopper,Currency Creek 3448,KT631494,KT630939,KT632691,KT632132
Eucalyptus agglomerata,Accepted,,Maiden,Currency Creek 2928,KT631495,KT630940,KT632692,KT632133
Eucalyptus aggregata*,Accepted,,H.Deane & Maiden,Currency Creek 1224,KT631496,KT630941,KT632693,KT632134
Eucalyptus alaticaulis,Accepted,,R.J.Watson & Ladiges,Currency Creek 356,KT631497,KT630942,KT632694,KT632135
Eucalyptus alba,Accepted,,Reinw. ex Blume,GenBank,,AF390485,,
Eucalyptus albens,Accepted,,Benth.,Currency Creek 2898,KT631498,AF390502,KT632695,KT632136
Eucalyptus albida,Accepted,,Maiden & Blakely,Currency Creek 3437,KT631499,KT630943,KT632696,KT632137
Eucalyptus albopurpurea,Accepted,,(Boomsma) D.Nicolle,Currency Creek 3180,KT631500,KT630944,KT632697,KT632138
Eucalyptus alipes,Accepted,,(L.A.S.Johnson & K.D.Hill),Currency Creek 3678,KT631501,KT630945,KT632698,
Eucalyptus alligatrix,Accepted,,L.A.S.Johnson & K.D.Hill,Currency Creek 1773,KT631502,KT630946,KT632699,
subsp. alligatrix,,,,,,,,
Eucalyptus amplifolia,Accepted,,Naudin,Currency Creek 604,KT631503,KT630947,KT632700,
subsp. amplifolia,,,,,,,,
Eucalyptus amygdalina,Accepted,,Labill.,CANB 481986**,KT631504,HM596032,,KT632139
Eucalyptus ancophila,Accepted,,L.A.S.Johnson & K.D.Hill,Mt Annan 841467,KT631505,KT630948,KT632701,
Eucalyptus andrewsii,Accepted,,Maiden,ANBG 8410679,KT631506,,KT632702,KT632140
subsp. andrewsii,,,,,,,,
Eucalyptus angophoroides,Accepted,,R.T.Baker,Currency Creek 1745,KT631507,KT630949,KT632703,
Eucalyptus angulosa,Accepted,,Schauer,Currency Creek 939,KT631508,KT630950,,KT632141
Eucalyptus angustissima,Accepted,,F.Muell.,CANB 794337**,KT631509,KT630951,KT632704,KT632142
Eucalyptus annulata,Accepted,,Benth.,CANB 794263**,,,KT632705,KT632143
Eucalyptus apiculata,Accepted,,R.T.Baker & H.G.Sm.,Currency Creek 772,KT631510,KT630952,KT632706,KT632144
Eucalyptus apodophylla,Accepted,,Blakely & Jacobs,CANB 7855329**,KT631511,KT630953,KT632707,KT632145
subsp. provecta,,,,,,,,
Eucalyptus apothalassica,Accepted,,L.A.S.Johnson & K.D.Hill,Mt Annan 842080,KT631512,KT630954,KT632708,KT632146
Eucalyptus approximans,Accepted,,(Blakely & McKie) L.A.S.Johnson,ANBG 69702,KT631513,KT630955,KT632709,KT632147
subsp. codonocarpa,,,& Blaxell,,,,,
Eucalyptus aquilina,Accepted,,Brooker,GenBank,KT631514,FJ494708,,
Eucalyptus arachneae,Accepted,,Brooker & Hopper,CANB 435460**,KT631515,KT630956,KT632710,KT632148
subsp. arecta,,,,,,,,
Eucalyptus arborella,Accepted,,Brooker & Hopper,Currency Creek 1115,KT631516,,,
Eucalyptus arenacea,Accepted,,J.C.Marginson & Ladiges,CANB 786035**,KT631517,FJ494709,KT632711,KT632149
Eucalyptus argillacea,Accepted,,W.Fitzg. ex Maiden,CANB 785537**,KT631518,KT630957,KT632712,
Eucalyptus argophloia,Accepted,,Blakely,Currency Creek 686,KT631519,KT630958,KT632713,
Eucalyptus argutifolia,Accepted,,Grayling & Brooker,Waite Arboretum 2365B,KT631520,KT630959,KT632714,KT632150
Eucalyptus argyphea,Accepted,,L.A.S.Johnson & K.D.Hill,Currency Creek 3433,KT631521,KT630960,KT632715,KT632151
Eucalyptus aromaphloia,Accepted,,Pryor & J.H.Willis,CANB 564611**,KT631522,AF058465,KT632716,KT632152
subsp. aromaphloia,,,,,,,,
Eucalyptus articulata,Accepted,,Brooker & Hopper,Currency Creek 520,KT631523,KT630961,KT632717,KT632153
Eucalyptus aspersa,Accepted,,Brooker & Hopper,Currency Creek 1890,KT631524,KT630962,KT632718,KT632154
Eucalyptus aspratilis,Accepted,,L.A.S.Johnson & K.D.Hill,Waite Arboretum 2323C,KT631525,KT630963,KT632719,KT632155
Eucalyptus assimilans,Accepted,,L.A.S.Johnson & K.D.Hill,Currency Creek 1826,KT631526,KT630964,,
Eucalyptus astringens,Accepted,,(Maiden) Maiden,Currency Creek 3503,KT631527,KT630965,,KT632156
subsp. astringens,,,,,,,,
Eucalyptus atrata,Accepted,,L.A.S.Johnson & K.D.Hill,ANBG 8603434,KT631528,KT630966,KT632720,KT632157
Eucalyptus badjensis,Accepted,,Beuzev. & Welch,Currency Creek 1767,KT631529,KT630967,KT632721,
Eucalyptus baeuerlenii,Accepted,,F.Muell.,ANBG 7810671,KT631530,KT630968,KT632722,
Eucalyptus baileyana,Accepted,,F.Muell.,Mt Annan 892003,FJ654425,AF390467,,KT632158
Eucalyptus bakeri,Accepted,,Maiden,Currency Creek 1269,KT631531,KT630969,KT632723,KT632159
Eucalyptus balanites,Accepted,,Grayling & Brooker,CANB 687715**,KT631532,,,KT632160
Eucalyptus balanopelex,Accepted,,L.A.S.Johnson & K.D.Hill,Waite Arboretum 2459,KT631533,KT630970,KT632724,KT632161
Eucalyptus balladoniensis,Accepted,,Brooker,CANB 586833**,,KT630971,KT632725,KT632162
subsp. balladoniensis,,,,,,,,
Eucalyptus barberi,Accepted,,L.A.S.Johnson & Blaxell,Currency Creek 1989,KT631534,KT630972,KT632726,KT632163
Eucalyptus baueriana,Accepted,,Schauer,Currency Creek 1734,KT631535,KT630973,KT632727,KT632164
Eucalyptus baxteri,Accepted,,(Benth.) J.M.Black,ANBG 8701806,KT631536,KT630974,KT632728,KT632165
Eucalyptus beaniana,Accepted,,L.A.S.Johnson & K.D.Hill,CANB 842071**,,KT630975,,
Eucalyptus beardiana*,Accepted,,Brooker & Blaxell,CANB 632554**,KT631537,KT630976,,KT632166
Eucalyptus behriana,Accepted,,F.Muell.,Currency Creek 3183,KT631538,KT630977,KT632729,KT632167
Eucalyptus bensonii,Accepted,,L.A.S.Johnson & K.D.Hill,Mt Annan 830911,KT631539,KT630978,KT632730,KT632168
Eucalyptus benthamii,Accepted,,Maiden & Cambage,Currency Creek 3203,KT631540,KT630979,KT632731,
Eucalyptus beyeriana,Accepted,,L.A.S.Johnson & K.D.Hill,Currency Creek 1761,KT631541,KT630980,KT632732,KT632169
Eucalyptus blakelyi,Accepted,,Maiden,Currency Creek 722,KT631542,KT630981,KT632733,KT632170
Eucalyptus blaxellii,Accepted,,L.A.S.Johnson & K.D.Hill,CANB 804415**,KT631543,KT630982,KT632734,KT632171
Eucalyptus blaxlandii,Accepted,,Maiden & Cambage,ANBG 8001329,KT631544,KT630983,KT632735,KT632172
Eucalyptus boliviana,Accepted,,J.B.Williams & K.D.Hill,ANBG 518876,KT631545,KT630984,KT632736,KT632173
Eucalyptus bosistoana,Accepted,,F.Muell.,Currency Creek 2902,KT631546,KT630985,KT632737,KT632174
Eucalyptus botryoides,Accepted,,Sm.,Currency Creek 1739,KT631547,KT630986,KT632738,
Eucalyptus brachyandra,Accepted,,F.Muell.,CANB 785499**,KT631548,KT630987,KT632739,KT632175
Eucalyptus brachycalyx,Accepted,,Blakely,Currency Creek 2245,KT631549,KT630988,KT632740,KT632176
Eucalyptus brachycorys,Accepted,,Blakely,Currency Creek 1897,KT631550,KT630989,KT632741,KT632177
Eucalyptus brachyphylla,Accepted,,C.A.Gardner,ANBG 9807043,KT631551,KT630990,KT632742,KT632178
Eucalyptus brassiana,Accepted,,S.T.Blake,GenBank,KT631552,AF390483,KT632743,KT632179
Eucalyptus brevifolia,Accepted,,F.Muell.,CANB 785549**,KT631553,KT630991,KT632744,KT632180
Eucalyptus brevipes*,Accepted,,Brooker,CANB 692658**,KT631554,,KT632745,
Eucalyptus brevistylis,Accepted,,Brooker,Currency Creek 1141,KT631555,AF390527,KT632746,KT632181
Eucalyptus bridgesiana,Accepted,,F.Muell. ex R.T.Baker,Currency Creek 570,KT631556,KT630992,KT632747,
Eucalyptus brockwayi,Accepted,,C.A.Gardner,Currency Creek 2166,KT631557,AF390505,KT632748,KT632182
Eucalyptus brookeriana,Accepted,,A.M.Gray,Currency Creek 1988,KT631558,KT630993,KT632749,
subsp. brookeriana,,,,,,,,
Eucalyptus brunnea,Accepted,,L.A.S.Johnson & K.D.Hill,Currency Creek 669,KT631559,KT630994,KT632750,KT632183
Eucalyptus buprestium,Accepted,,F.Muell.,CANB 632568**,KT631560,FJ494710,KT632751,KT632184
Eucalyptus burdettiana,Accepted,,Blakely & H.Steedman,Currency Creek 2246,KT631561,KT630995,KT632752,
Eucalyptus burgessiana,Accepted,,L.A.S.Johnson & Blaxell,ANBG s.n.,KT631562,,KT632753,KT632185
Eucalyptus burracoppinensis,Accepted,,Maiden & Blakely,CANB 794037**,KT631563,KT630996,KT632754,KT632186
Eucalyptus cadens,Accepted,,J.D.Briggs & Crisp,Currency Creek 1772,KT631564,KT630997,KT632755,KT632187
Eucalyptus caesia,Accepted,,Benth.,Currency Creek 3683,KT631565,KT630998,KT632756,KT632188
subsp. caesia,,,,,,,,
Eucalyptus calcareana,Accepted,,Boomsma,Currency Creek 2800,KT631566,KT630999,KT632757,KT632189
Eucalyptus calcicola,Accepted,,Brooker,Currency Creek 1674,KT631567,KT631000,KT632758,KT632190
subsp. calcicola,,,,,,,,
Eucalyptus caleyi,Accepted,,Maiden,Currency Creek 2102,KT631568,KT631001,KT632759,KT632191
subsp. caleyi,,,,,,,,
Eucalyptus caliginosa,Accepted,,Blakely & McKie,Currency Creek 1249,KT631569,,KT632760,KT632192
Eucalyptus calycogona,Accepted,,Turcz.,Currency Creek 1112,KT631570,KT631002,KT632761,KT632193
subsp. calycogona,,,,,,,,
Eucalyptus camaldulensis,Accepted,,Dehnh.,GenBank,DQ352528,AF190363,HQ995676,AF190380
subsp. camaldulensis,,,,,,,,
Eucalyptus campaspe,Accepted,,S.Moore,Currency Creek 2147,KT631571,KT631003,KT632762,KT632194
Eucalyptus camphora,Accepted,,F.Muell. ex R.T.Baker,Currency Creek 762,KT631572,KT631004,KT632763,
subsp. camphora,,,,,,,,
Eucalyptus canaliculata,Accepted,,Maiden,Currency Creek 1232,KT631573,KT631005,KT632764,KT632195
Eucalyptus canescens,Accepted,,Nicolle,Currency Creek 487,KT631574,KT631006,KT632765,KT632196
subsp. canescens,,,,,,,,
Eucalyptus canobolensis,Accepted,,(L.A.S.Johnson & K.D.Hill),Currency Creek 1222,KT631575,KT631007,KT632766,
Eucalyptus capillosa,Accepted,,Brooker & Hopper,Currency Creek 2192,KT631576,KT631008,KT632767,KT632197
Eucalyptus capitellata,Accepted,,Sm.,Currency Creek 640,KT631577,,KT632768,KT632198
Eucalyptus captiosa,Accepted,,Brooker & Hopper,CANB 799340**,KT631578,KT631009,KT632769,KT632199
Eucalyptus carnabyi,Accepted,,Blakely & H.Steedman,CANB 632591**,KT631579,,,KT632200
Eucalyptus carnea,Accepted,,F.Muell. ex R.T.Baker,Currency Creek 1236,KT631580,KT631010,KT632770,
Eucalyptus carnei,Accepted,,C.A.Gardner,Currency Creek 547,KT631581,KT631011,KT632771,KT632201
Eucalyptus castrensis,Accepted,,K.D.Hill,ANBG 653995,KT631582,KT631012,KT632772,KT632202
Eucalyptus celastroides,Accepted,,Turcz.,Currency Creek 132,KT631583,KT631013,KT632773,KT632203
subsp. celastroides,,,,,,,,
Eucalyptus cephalocarpa,Accepted,,Blakely,Currency Creek 1730,KT631584,KT631014,KT632774,KT632204
Eucalyptus ceracea,Accepted,,Brooker & Done,CANB 551306**,KT631585,AF058459,,KT632205
Eucalyptus cerasiformis,Accepted,,Brooker & Blaxell,CANB 586828**,KT631586,KT631015,,
Eucalyptus ceratocorys,Accepted,,(Blakely) L.A.S.Johnson &,Currency Creek 2232,KT631587,KT631016,KT632775,KT632206
Eucalyptus cernua,Accepted,,Brooker & Hopper,Currency Creek 3574,KT631588,KT631017,KT632776,KT632207
Eucalyptus chartaboma,Accepted,,D.Nicolle,CANB 703248**,KT631589,FJ654412,,KT632208
Eucalyptus chlorophylla,Accepted,,Brooker & Done,CANB 785565**,KT631590,KT631018,,KT632209
Eucalyptus cinerea,Accepted,,(L.A.S.Johnson & K.D.Hill),ANBG 8703938,KT631591,KT631019,KT632777,KT632210
subsp. triplex,,,Brooker,,,,,
Eucalyptus cladocalyx,Accepted,,F.Muell.,ANBG 652722,KT631592,EF488228,KT632778,KT632211
Eucalyptus clelandii,Accepted,,(Maiden) Maiden,Currency Creek 333,KT631593,KT631020,KT632779,KT632212
Eucalyptus clivicola,Accepted,,Brooker & Hopper,Currency Creek 3779,KT631594,KT631021,KT632780,KT632213
Eucalyptus cloeziana,Accepted,,F.Muell.,Currency Creek 696,KT631595,AF390522,KT632781,KT632214
Eucalyptus cneorifolia,Accepted,,A.Cunn. ex DC.,Currency Creek 75,KT631596,KT631022,KT632782,KT632215
Eucalyptus comitae-vallis,Accepted,,Maiden,Currency Creek 2767,KT631597,KT631023,KT632783,KT632216
Eucalyptus communalis,Accepted,,Brooker & Hopper,Currency Creek 200,KT631598,KT631024,KT632784,KT632217
Eucalyptus concinna*,Accepted,,Maiden & Blakely,Currency Creek 2631,KT631599,KT631025,KT632785,KT632218
Eucalyptus conferruminata,Accepted,,D.J.Carr & S.G.M.Carr,Currency Creek 4588,KT631600,,KT632786,KT632219
subsp. recherche,,,,,,,,
Eucalyptus confluens,Accepted,,W.Fitzg. ex Maiden,CANB 785543**,KT631601,KT631026,KT632787,
Eucalyptus conglobata,Accepted,,(Benth.) Maiden,Currency Creek 3588,KT631602,KT631027,KT632788,KT632220
subsp. conglobata,,,,,,,,
Eucalyptus conglomerata,Accepted,,Maiden & Blakely,GenBank,,FJ494712,,
Eucalyptus conica,Accepted,,H.Deane & Maiden,Waite Arboretum 35,KT631603,KT631028,KT632789,KT632221
Eucalyptus consideniana,Accepted,,Maiden,Currency Creek 611,KT631604,KT631029,KT632790,KT632222
Eucalyptus conspicua,Accepted,,L.A.S.Johnson & K.D.Hill,Currency Creek 4516,KT631605,KT631030,KT632791,
Eucalyptus conveniens,Accepted,,L.A.S.Johnson & K.D.Hill,Currency Creek 3516,FJ654419,FJ654402,,FJ654350
Eucalyptus coolabah,Accepted,,Blakely & Jacobs,CANB 785547**,KT631606,KT631031,KT632792,KT632223
Eucalyptus cooperiana,Accepted,,F.Muell.,Currency Creek 1813,KT631607,KT631032,KT632793,KT632224
Eucalyptus cordata,Accepted,,Labill.,ANBG 8804430,KT631608,KT631033,KT632794,KT632225
Eucalyptus cornuta,Accepted,,Labill.,Currency Creek 3748,,AF390496,,KT632226
Eucalyptus coronata,Accepted,,C.A.Gardner,Currency Creek 2247,KT631609,KT631034,KT632795,KT632227
Eucalyptus corrugata,Accepted,,Luehm.,Currency Creek 3483,KT631610,KT631035,KT632796,KT632228
Eucalyptus corticosa,Synonym,E ucalyptus argophloia,Blakely,ANBG 54339,KT631611,KT631036,KT632797,
Eucalyptus cosmophylla,Accepted,,F.Muell.,ANBG 8409259,KT631612,EF488226,KT632798,KT632229
Eucalyptus crebra,Accepted,,F.Muell.,ANBG 732903,KT631613,AF390503,KT632799,KT632230
Eucalyptus crenulata,Accepted,,Blakely & Beuzev.,Currency Creek 1775,KT631614,KT631037,KT632800,
Eucalyptus creta,Accepted,,L.A.S.Johnson & K.D.Hill,Currency Creek 3606,KT631615,KT631038,KT632801,
Eucalyptus cretata,Accepted,,P.J.Lang & Brooker,Currency Creek 1689,KT631616,KT631039,KT632802,KT632231
Eucalyptus croajingolensis,Accepted,,L.A.S.Johnson & K.D.Hill,Currency Creek 1744,KT631617,AF058497,KT632803,KT632232
Eucalyptus crucis,Accepted,,Maiden,Currency Creek 3681,KT631618,KT631040,KT632804,KT632233
subsp. crucis,,,,,,,,
Eucalyptus cunninghamii,Accepted,,Sweet,ANBG 9806132,KT631619,KT631041,KT632805,KT632234
Eucalyptus cuprea,Accepted,,Brooker & Hopper,Currency Creek 3536,KT631620,KT631042,KT632806,KT632235
Eucalyptus cupularis,Accepted,,C.A.Gardner,CANB 785563**,KT631621,KT631043,KT632807,KT632236
Eucalyptus curtisii,Accepted,,Blakely & C.T.White,Currency Creek 2108,KT631622,AF390524,AF368206,KT632237
Eucalyptus cuspidata*,Synonym,Eucalyptus angulosa,Schauer,Currency Creek 3746,KT631623,,KT632808,KT632238
Eucalyptus cyanophylla,Accepted,,Brooker,Currency Creek 983,KT631624,KT631044,KT632809,KT632239
Eucalyptus cyclostoma*,Accepted,,Brooker,ANBG 9903101,KT631625,KT631045,KT632810,KT632240
Eucalyptus cylindriflora,Accepted,,Maiden & Blakely,CANB 794327**,KT631626,KT631046,KT632811,KT632241
Eucalyptus cylindrocarpa,Accepted,,Blakely,Waite Arboretum 1944A,KT631627,KT631047,KT632812,KT632242
Eucalyptus cypellocarpa,Accepted,,L.A.S.Johnson,Currency Creek 2946,KT631628,KT631048,KT632813,KT632243
Eucalyptus dalrympleana,Accepted,,Maiden,ANBG 7804378,KT631629,KT631049,KT632814,
subsp. dalrympleana,,,,,,,,
Eucalyptus dawsonii,Accepted,,R.T.Baker,Currency Creek 743,KT631630,,,KT632244
Eucalyptus dealbata,Accepted,,A.Cunn. ex Schauer,Currency Creek 723,KT631631,KT631050,KT632815,KT632245
Eucalyptus deanei,Accepted,,Maiden,Currency Creek 633,KT631632,KT631051,KT632816,
Eucalyptus decipiens,Accepted,,Endl.,Currency Creek 3700,KT631633,KT631052,KT632817,KT632246
subsp. decipens,,,,,,,,
Eucalyptus decolor,Accepted,,A.R.Bean & Brooker,Currency Creek 2545,KT631634,KT631053,KT632818,KT632247
Eucalyptus decorticans,Accepted,,(F.M.Bailey) Maiden,ANBG 73445,KT631635,KT631054,KT632819,KT632248
Eucalyptus decurva,Accepted,,F.Muell.,CANB 794258**,KT631636,KT631055,KT632820,KT632249
Eucalyptus deflexa,Accepted,,Brooker,Currency Creek 1110,KT631637,KT631056,KT632821,KT632250
Eucalyptus deglupta,Accepted,,Blume,BG 859,DQ352531,KT631057,KT632822,KT632251
Eucalyptus delegatensis,Accepted,,F.Muell. ex R.T.Baker,GenBank,KT631638,AF058480,,
subsp. delegatensis,,,,,,,,
Eucalyptus delicata,Accepted,,L.A.S.Johnson & K.D.Hill,Currency Creek 2262,KT631639,AF390507,KT632823,KT632252
Eucalyptus densa,Accepted,,Brooker & Hopper,Currency Creek 1111,KT631640,KT631058,,
subsp. densa,,,,,,,,
Eucalyptus denticulata,Accepted,,I.O.Cook & Ladiges,Currency Creek 1743,KT631641,KT631059,KT632824,KT632253
Eucalyptus depauperata,Accepted,,L.A.S.Johnson & K.D.Hill,CANB 794299**,KT631642,KT631060,KT632825,KT632254
Eucalyptus desmondensis,Accepted,,Maiden & Blakely,Currency Creek 192,KT631643,KT631061,KT632826,KT632255
Eucalyptus deuaensis,Accepted,,Boland & P.M.Gilmour,Currency Creek 1769,KT631644,FJ494714,KT632827,KT632256
Eucalyptus dielsii,Accepted,,C.A.Gardner,Currency Creek 3596,KT631645,KT631062,KT632828,KT632257
Eucalyptus diminuta,Accepted,,Brooker & Hopper,Currency Creek 1168,KT631646,KT631063,KT632829,KT632258
Eucalyptus diptera,Accepted,,C.R.P.Andrews,Currency Creek 146,KT631647,KT631064,KT632830,KT632259
Eucalyptus disclusa,Accepted,,L.A.S.Johnson & Blaxell,Currency Creek 707,KT631648,KT631065,KT632831,KT632260
Eucalyptus discreta,Accepted,,Brooker,Currency Creek 1091,KT631649,KT631066,KT632832,KT632261
Eucalyptus dissimulata,Accepted,,Brooker,Currency Creek s.n.,KT631650,KT631067,KT632833,KT632262
Eucalyptus distans,Accepted,,"Brooker, Boland & Kleinig",CANB 409167**,KT631651,KT631068,,KT632263
Eucalyptus distuberosa,Accepted,,D.Nicolle,Currency Creek 3563,KT631652,KT631069,KT632834,
subsp. aerata,,,,,,,,
Eucalyptus diversicolor,Accepted,,F.Muell.,ANBG 7901541,KT631653,AF390493,KT632835,KT632264
Eucalyptus diversifolia,Accepted,,Bonpl.,GenBank,FJ494745,AF058483,,
subsp. diversifolia,,,,,,,,
Eucalyptus dives,Accepted,,Schauer,ANBG 7809979,KT631654,AF058503,KT632836,KT632265
Eucalyptus dolichocera,Accepted,,L.A.S.Johnson & K.D.Hill,Currency Creek 3525,KT631655,KT631070,KT632837,KT632266
Eucalyptus dolichorhyncha,Accepted,,(Brooker) Brooker & Hopper,Currency Creek 152,KT631656,KT631071,KT632838,KT632267
Eucalyptus dolorosa,Accepted,,Brooker & Hopper,ANBG 610751,KT631657,KT631072,KT632839,KT632268
Eucalyptus dorotoxylon,Accepted,,F.Muell.,Currency Creek 178,KT631658,KT631073,KT632840,KT632269
Eucalyptus drummondii,Accepted,,Benth.,Currency Creek 1156,KT631659,KT631074,KT632841,KT632270
subsp. drummondii,,,,,,,,
Eucalyptus dumosa,Accepted,,A.Cunn. ex Oxley,Currency Creek 981,KT631660,KT631075,KT632842,KT632271
Eucalyptus dundasii*,Accepted,,Maiden,Currency Creek 2175,KT631661,AF390501,KT632843,KT632272
Eucalyptus dunnii,Accepted,,Maiden,Currency Creek 1257,KT631662,AF390510,KT632844,KT632273
Eucalyptus dura,Accepted,,L.A.S.Johnson & K.D.Hill,Currency Creek 689,KT631663,KT631076,,
Eucalyptus dwyeri,Accepted,,Maiden & Blakely,ANBG 9406593,KT631664,KT631077,KT632846,KT632274
Eucalyptus ebbanoensis,Accepted,,Maiden,ANBG 9806509,KT631665,KT631078,KT632847,KT632275
subsp. ebbanoensis,,,,,,,,
Eucalyptus educta,Accepted,,L.A.S.Johnson & K.D.Hill,CANB 461013**,KT631666,KT631079,KT632848,
Eucalyptus effusa,Accepted,,Brooker,Currency Creek 3631,KT631667,KT631080,KT632849,KT632276
subsp. effusa,,,,,,,,
Eucalyptus elaeophloia,Accepted,,"Chappill, Crisp & Prober",Currency Creek 586,KT631668,KT631081,KT632850,
Eucalyptus elata,Accepted,,Dehnh.,ANBG 73059,KT631669,KT631082,KT632851,KT632277
Eucalyptus elliptica,Accepted,,(Blakely & McKie) L.A.S.Johnson,ANBG 69616,KT631670,KT631083,KT632852,KT632278
Eucalyptus erectifolia,Accepted,,Brooker & Hopper,CANB 794270**,KT631671,KT631084,KT632853,KT632279
Eucalyptus eremicola,Accepted,,Boomsma,Currency Creek 1500,KT631672,KT631085,KT632854,KT632280
subsp. eremicola,,,,,,,,
Eucalyptus eremophila,Accepted,,(Diels) Maiden,CANB 794016**,KT631673,KT631086,KT632855,KT632281
Eucalyptus erythrocorys,Accepted,,F.Muell.,ANBG 9806156,FJ654422,AF190365,KT632856,AF190382
Eucalyptus erythronema,Accepted,,Turcz.,Currency Creek 3458,KT631674,KT631087,KT632857,KT632282
subsp. erythronema,,,,,,,,
Eucalyptus eudesmioides,Accepted,,F.Muell.,CANB 794073**,KT631675,KT631088,KT632858,KT632283
subsp. eudesmioides,,,,,,,,
Eucalyptus eugenioides,Accepted,,Sieber ex Spreng.,Currency Creek 1235,KT631676,KT631089,KT632859,KT632284
Eucalyptus ewartiana,Accepted,,Maiden,Currency Creek 2721,KT631677,KT631090,KT632860,KT632285
Eucalyptus exigua,Accepted,,Brooker & Hopper,Currency Creek 3676,KT631678,KT631091,,KT632286
Eucalyptus exilipes,Accepted,,Brooker & A.R.Bean,CANB 582959**,KT631679,,,KT632287
Eucalyptus exilis,Accepted,,Brooker,ANBG 8004906,KT631680,FJ494715,KT632861,KT632288
Eucalyptus extensa,Accepted,,L.A.S.Johnson & K.D.Hill,Currency Creek 3467,KT631681,KT631092,KT632862,
Eucalyptus extrica,Accepted,,D.Nicolle,CANB 632680**,,FJ654392,,FJ654343
Eucalyptus falcata,Accepted,,Turcz.,CANB 630597**,KT631682,AF390506,KT632863,KT632289
Eucalyptus famelica,Accepted,,Brooker & Hopper,Waite Arboretum 2440A,KT631683,KT631093,KT632864,KT632290
Eucalyptus farinosa,Accepted,,K.D.Hill,CANB 738929**,,,KT632865,KT632291
Eucalyptus fasciculosa,Accepted,,F.Muell.,Currency Creek 1716,KT631684,KT631094,KT632866,KT632292
Eucalyptus fastigata,Accepted,,H.Deane & Maiden,ANBG 8603812,KT631685,KT631095,KT632867,KT632293
Eucalyptus fergusonii,Accepted,,R.T.Baker,Currency Creek 2918,KT631686,KT631096,KT632868,KT632294
subsp. fergusonii,,,,,,,,
Eucalyptus fibrosa,Accepted,,F.Muell.,Currency Creek 666,KT631687,KT631097,KT632869,KT632295
subsp. fibrosa,,,,,,,,
Eucalyptus flindersii,Accepted,,Boomsma,Waite Arboretum 1837B,KT631688,KT631098,KT632870,KT632296
Eucalyptus flocktoniae,Accepted,,(Maiden) Maiden,Currency Creek 1870,KT631689,KT631099,KT632871,KT632297
subsp. flocktoniae,,,,,,,,
Eucalyptus foecunda,Accepted,,Schauer,Currency Creek 1152,KT631690,KT631100,KT632872,KT632298
Eucalyptus foliosa,Accepted,,L.A.S.Johnson & K.D.Hill,CANB 794339**,KT631691,KT631101,KT632873,KT632299
Eucalyptus formanii,Accepted,,C.A.Gardner,Waite Arboretum 1655,KT631692,KT631102,KT632874,
Eucalyptus forrestiana,Accepted,,Diels,CANB 804508**,KT631693,KT631103,KT632875,KT632300
Eucalyptus fraseri,Accepted,,(Brooker) Brooker,Currency Creek 3619,KT631694,KT631104,KT632876,KT632301
subsp. fraseri,,,,,,,,
Eucalyptus fraxinoides,Accepted,,H.Deane & Maiden,ANBG 751650,KT631695,,KT632877,KT632302
Eucalyptus frenchiana,Accepted,,D.Nicolle,Currency Creek 3660,KT631696,KT631105,KT632878,KT632303
Eucalyptus froggattii,Accepted,,Blakely,Currency Creek 2583,KT631697,KT631106,KT632879,KT632304
Eucalyptus fruticosa,Accepted,,Brooker,Currency Creek 3532,KT631698,KT631107,KT632880,KT632305
Eucalyptus fulgens,Accepted,,Rule,ANBG 9707943,KT631699,KT631108,KT632881,KT632306
Eucalyptus fusiformis,Accepted,,Boland & Kleinig,ANBG 8604718,KT631700,KT631109,,KT632307
Eucalyptus gamophylla,Accepted,,F.Muell.,CANB 785577**,FJ654415,AF390469,KT632882,KT632308
Eucalyptus gardneri,Accepted,,Maiden,Currency Creek 3434,KT631701,KT631110,KT632883,KT632309
subsp. gardneri,,,,,,,,
Eucalyptus georgei,Accepted,,Brooker & Blaxell,Currency Creek 325,KT631702,KT631111,,KT632310
subsp. georgei,,,,,,,,
Eucalyptus gigantangion,Accepted,,L.A.S.Johnson & K.D.Hill,CANB 454615**,KT631703,FJ654413,,KT632311
Eucalyptus gillenii,Accepted,,Ewart & L.R.Kerr,Currency Creek 2689,KT631704,KT631112,KT632884,KT632312
Eucalyptus gillii,Accepted,,Maiden,Currency Creek 2959,KT631705,KT631113,KT632885,KT632313
Eucalyptus gittinsii,Accepted,,Brooker & Blaxell,CANB 794094**,,KT631114,KT632886,KT632314
subsp. gittinsii,,,,,,,,
Eucalyptus glaucescens,Accepted,,Maiden & Blakely,Currency Creek 588,KT631706,KT631115,KT632887,KT632315
Eucalyptus glaucina,Accepted,,(Blakely) L.A.S.Johnson,Currency Creek 2085,KT631707,AF390481,KT632888,KT632316
Eucalyptus globoidea,Accepted,,Blakely,Currency Creek 1732,KT631708,KT631116,KT632889,KT632317
Eucalyptus globulus,Accepted,,Labill.,ANBG 85001816,KT631709,AF058463,KT632890,
subsp. globulus,,,,,,,,
Eucalyptus glomerosa,Accepted,,Brooker & Hopper,Currency Creek 1508,KT631710,KT631117,KT632891,KT632318
Eucalyptus gomphocephala,Accepted,,A.Cunn. ex DC.,Currency Creek 1148,KT631711,KT631118,KT632892,KT632319
Eucalyptus gongylocarpa,Accepted,,Blakely,CANB 804339**,KT631712,KT631119,KT632893,KT632320
Eucalyptus goniantha,Accepted,,Turcz.,Currency Creek 1626,KT631713,KT631120,,KT632321
subsp. goniantha,,,,,,,,
Eucalyptus goniocalyx,Accepted,,F.Muell. ex Miq.,Currency Creek 2952,KT631714,KT631121,KT632894,KT632322
subsp. goniocalyx,,,,,,,,
Eucalyptus goniocarpa,Accepted,,L.A.S.Johnson & K.D.Hill,Currency Creek 186,KT631715,KT631122,KT632895,KT632323
Eucalyptus gracilis,Accepted,,F.Muell.,Currency Creek 444,KT631716,KT631123,KT632896,KT632324
Eucalyptus grandis,Accepted,,W.Hill,GenBank,,AF058475,HM347959,HM347959
Eucalyptus granitica,Accepted,,L.A.S.Johnson & K.D.Hill,Mt Annan 831413,,KT631124,KT632897,KT632325
Eucalyptus gregoriensis,Accepted,,N.G.Walsh & Albr.,Currency Creek 2447,KT631717,,KT632898,KT632326
Eucalyptus gregsoniana,Accepted,,L.A.S.Johnson & Blaxell,Currency Creek 1756,KT631718,KT631125,KT632899,KT632327
Eucalyptus griffithsii,Accepted,,Maiden,Currency Creek 3637,KT631719,KT631126,KT632900,KT632328
Eucalyptus grisea,Accepted,,L.A.S.Johnson & K.D.Hill,Currency Creek 1271,KT631720,KT631127,KT632901,KT632329
Eucalyptus grossa,Accepted,,F.Muell. ex Benth.,CANB 794307**,KT631721,KT631128,KT632902,KT632330
Eucalyptus guilfoylei,Accepted,,Maiden,CANB 794246**,KT631722,KT631129,KT632903,KT632331
Eucalyptus gunnii,Accepted,,Hook.f.,ANBG 656505,KT631723,KT631130,KT632904,
Eucalyptus gypsophila,Accepted,,Nicolle,Currency Creek 1550,KT631724,KT631131,KT632905,KT632332
Eucalyptus haemastoma,Accepted,,Sm.,Mt Annan 20051000,KT631725,FJ494717,KT632906,KT632333
Eucalyptus hallii,Accepted,,Brooker,GenBank,,AF390512,,
Eucalyptus halophila,Accepted,,D.J.Carr & S.G.M.Carr,CANB 794338**,KT631726,KT631132,KT632907,KT632334
Eucalyptus hebetifolia,Accepted,,Brooker & Hopper,ANBG 467228,KT631727,KT631133,KT632908,
Eucalyptus herbertiana,Accepted,,Maiden,CANB 785524**,KT631728,KT631134,KT632909,KT632335
Eucalyptus histophylla,Accepted,,Brooker & Hopper,Currency Creek 3661,KT631729,KT631135,KT632910,
Eucalyptus horistes,Accepted,,L.A.S.Johnson & K.D.Hill,Currency Creek 1169,KT631730,KT631136,KT632911,KT632336
Eucalyptus houseana,Accepted,,W.Fitzg. ex Maiden,CANB 785535**,KT631731,KT631137,KT632912,KT632337
Eucalyptus howittiana,Accepted,,F.Muell.,Currency Creek 2526,KT631732,KT631138,HQ287629,KT632338
Eucalyptus hypolaena,Accepted,,L.A.S.Johnson & K.D.Hill,Currency Creek 2303,KT631733,KT631139,KT632913,KT632339
Eucalyptus ignorabilis,Accepted,,L.A.S.Johnson & K.D.Hill,Currency Creek 1746,KT631734,KT631140,KT632914,KT632340
Eucalyptus imlayensis,Accepted,,Crisp & Brooker,ANBG 782689,KT631735,KT631141,KT632915,
Eucalyptus impensa,Accepted,,Brooker & Hopper,Currency Creek 264,KT631736,KT631142,KT632916,KT632341
Eucalyptus incerata,Accepted,,Brooker & Hopper,Currency Creek 4678,KT631737,,KT632917,KT632342
Eucalyptus incrassata,Accepted,,Labill.,Currency Creek 1638,KT631738,KT631143,KT632918,KT632343
Eucalyptus indurata,Accepted,,Brooker & Hopper,Currency Creek 3584,KT631739,KT631144,KT632919,KT632344
Eucalyptus infera,Accepted,,A.R.Bean,Currency Creek 1254,KT631740,KT631145,KT632920,KT632345
Eucalyptus insularis,Accepted,,Brooker,Currency Creek 1637,KT631741,KT631146,KT632921,KT632346
Eucalyptus interstans,Accepted,,L.A.S.Johnson & K.D.Hill,Currency Creek 667,KT631742,KT631147,KT632922,KT632347
Eucalyptus intertexta,Accepted,,R.T.Baker,Currency Creek 423,KT631743,KT631148,KT632923,KT632348
Eucalyptus jacksonii,Accepted,,Maiden,CANB 794245**,KT631744,AF390529,HQ287631,KT632349
Eucalyptus jimberlanica,Accepted,,L.A.S.Johnson & K.D.Hill,Currency Creek 3647,KT631745,KT631149,KT632924,KT632350
Eucalyptus johnsoniana,Accepted,,Brooker & Blaxell,CANB 794214**,KT631746,KT631150,KT632925,KT632351
Eucalyptus jucunda,Accepted,,C.A.Gardner,CANB 794089**,KT631747,KT631151,KT632926,KT632352
Eucalyptus jutsonii,Accepted,,Maiden,Currency Creek 458,KT631748,KT631152,KT632927,KT632353
subsp. jutsonii,,,,,,,,
Eucalyptus kartzoffiana,Accepted,,L.A.S.Johnson & Blaxell,Currency Creek s.n.,KT631749,KT631153,KT632928,
Eucalyptus kessellii,Accepted,,Maiden & Blakely,Currency Creek 1101,KT631750,KT631154,KT632929,KT632354
subsp. kessellii,,,,,,,,
Eucalyptus kingsmillii,Accepted,,(Maiden) Maiden & Blakely,Mt Annan 866008,KT631751,KT631155,KT632930,KT632355
subsp. kingsmillii,,,,,,,,
Eucalyptus kitsoniana,Accepted,,Maiden,Currency Creek 4311,KT631752,EF694712,KT632931,KT632356
Eucalyptus kochii,Accepted,,Maiden & Blakely,Currency Creek 2223,KT631753,KT631156,KT632932,KT632357
subsp. kochii,,,,,,,,
Eucalyptus kondininensis,Accepted,,Maiden & Blakely,Currency Creek 3424,KT631754,KT631157,KT632933,KT632358
Eucalyptus koolpinensis,Accepted,,Brooker & Dunlop,CANB 454611**,,KT631158,,
Eucalyptus kruseana,Accepted,,F.Muell.,Currency Creek s.n.,KT631755,,,
Eucalyptus kumarlensis,Accepted,,Brooker,Currency Creek 141,KT631756,KT631159,KT632934,
Eucalyptus kybeanensis,Accepted,,Maiden & Cambage,Waite Arboretum 2469,KT631757,KT631160,KT632935,KT632359
Eucalyptus lacrimans,Accepted,,L.A.S.Johnson & K.D.Hill,Currency Creek 590,KT631758,EF051495,KT632936,KT632360
Eucalyptus laeliae,Accepted,,Podger & Chippend.,Currency Creek 1150,KT631759,KT631161,,
Eucalyptus laevopinea,Accepted,,F.Muell. ex R.T.Baker,Currency Creek 649,KT631760,KT631162,KT632937,KT632361
Eucalyptus lanepoolei,Accepted,,Maiden,Currency Creek 3514,KT631761,KT631163,KT632938,KT632362
Eucalyptus langleyi,Accepted,,L.A.S.Johnson & Blaxell,ANBG 8801319,KT631762,KT631164,KT632939,KT632363
Eucalyptus lansdowneana,Accepted,,F.Muell. & J.E.Br.,Currency Creek 57,KT631763,AF058476,KT632940,KT632364
Eucalyptus largeana,Accepted,,Blakely & Beuzev.,CANB 470581**,,KT631165,,
Eucalyptus largiflorens,Synonym,Eucalyptus bicolor,A.Cunn. ex Hook.,CANB 785604**,KT631764,KT631166,KT632941,KT632365
Eucalyptus latens,Accepted,,Brooker,Currency Creek 1613,KT631765,KT631167,KT632942,KT632366
Eucalyptus lateritica,Accepted,,Brooker & Hopper,CANB 794197**,KT631766,KT631168,KT632943,KT632367
Eucalyptus latisinensis,Accepted,,K.D.Hill,Currency Creek 715,KT631767,AF390532,,KT632368
Eucalyptus lehmannii,Accepted,,(Schauer) Benth.,Currency Creek 294,KT631768,,,KT632369
subsp. lehmannii,,,,,,,,
Eucalyptus leptocalyx,Accepted,,Blakely,Currency Creek 3592,KT631769,KT631169,,KT632370
subsp. leptocalyx,,,,,,,,
Eucalyptus leptophleba,Accepted,,F.Muell.,CANB 597951**,KT631770,,,KT632371
Eucalyptus leptophylla,Synonym,Eucalyptus foecunda,Schauer,Currency Creek 3486,KT631771,KT631170,KT632944,KT632372
Eucalyptus leptopoda,Accepted,,Benth.,CANB 519232**,KT631772,KT631171,KT632945,
subsp. leptopoda,,,,,,,,
Eucalyptus lesouefii,Accepted,,Maiden,Currency Creek 3633,KT631773,KT631172,KT632946,KT632373
Eucalyptus leucophloia,Accepted,,Brooker,Currency Creek 2498,KT631774,KT631173,KT632947,KT632374
subsp. euroa,,,,,,,,
Eucalyptus leucoxylon,Accepted,,F.Muell.,Currency Creek 3788,KT631775,KT631174,KT632948,KT632375
subsp. leucoxylon,,,,,,,,
Eucalyptus ligulata,Accepted,,Brooker,Currency Creek 175,KT631776,KT631175,KT632949,KT632376
subsp. ligulata,,,,,,,,
Eucalyptus ligustrina,Accepted,,A.Cunn. ex DC.,Currency Creek 624,KT631777,KT631176,KT632950,KT632377
Eucalyptus limitaris,Accepted,,L.A.S.Johnson & K.D.Hill,CANB 785552**,KT631778,KT631177,KT632951,KT632378
Eucalyptus lirata,Accepted,,W.Fitzg. ex Maiden,CANB 784082**,FJ654424,,,KT632379
Eucalyptus litorea,Accepted,,Brooker & Hopper,Currency Creek 1094,KT631779,KT631178,KT632952,KT632380
Eucalyptus livida,Accepted,,Brooker & Hopper,CANB 794326**,KT631780,KT631179,KT632953,KT632381
Eucalyptus lockyeri,Accepted,,Blaxell & K.D.Hill,GenBank,,AF390488,,
Eucalyptus longicornis,Accepted,,(F.Muell.) Maiden,Currency Creek 2241,KT631781,KT631180,KT632954,KT632382
Eucalyptus longifolia*,Accepted,,Link,GenBank,,EF488224,,
Eucalyptus longirostrata,Accepted,,(Blakely) L.A.S.Johnson &,Currency Creek 2112,KT631782,KT631181,KT632955,KT632383
Eucalyptus loxophleba,Accepted,,Benth.,ANBG 9205090,KT631783,KT631182,KT632956,KT632384
subsp. loxophleba,,,,,,,,
Eucalyptus lucasii,Accepted,,Blakely,CANB 804340**,KT631784,KT631183,KT632957,KT632385
Eucalyptus lucens,Accepted,,Brooker & Dunlop,Currency Creek 1353,KT631785,KT631184,KT632958,
Eucalyptus luculenta,Accepted,,L.A.S.Johnson & K.D.Hill,Currency Creek 3618,KT631786,KT631185,KT632959,KT632386
Eucalyptus luehmanniana,Accepted,,F.Muell.,ANBG 8300316,KT631787,KT631186,KT632960,KT632387
Eucalyptus macarthurii,Accepted,,H.Deane & Maiden,ANBG s.n.,KT631788,KT631187,KT632961,
Eucalyptus mackintii,Accepted,,Kottek,Currency Creek 1737,KT631789,KT631188,KT632962,KT632388
Eucalyptus macrandra,Accepted,,F.Muell. ex Benth.,Currency Creek 1887,KT631790,KT631189,KT632963,KT632389
Eucalyptus macrocarpa,Accepted,,Hook.,Currency Creek 3428,KT631791,KT631190,KT632964,KT632390
Eucalyptus macrorhyncha,Accepted,,F.Muell. ex Benth.,Currency Creek 737,KT631792,KT631191,KT632965,KT632391
subsp. macrorhyncha,,,,,,,,
Eucalyptus magnificata,Accepted,,L.A.S.Johnson & K.D.Hill,Currency Creek 2945,KT631793,KT631192,KT632966,KT632392
Eucalyptus major,Accepted,,(Maiden) Blakely,Currency Creek 2107,KT631794,KT631193,KT632967,KT632393
Eucalyptus malacoxylon,Accepted,,Blakely,Currency Creek 1368,KT631795,KT631194,KT632968,
Eucalyptus mannensis,Accepted,,Boomsma,Currency Creek 1171,KT631796,KT631195,KT632969,KT632394
subsp. vespertina,,,,,,,,
Eucalyptus mannifera,Accepted,,Mudie,Currency Creek 2066,KT631797,KT631196,KT632970,
subsp. mannifera,,,,,,,,
Eucalyptus marginata,Accepted,,Donn ex Sm.,CANB 794234**,FJ494752,AF390530,KT632971,KT632395
subsp. marginata,,,,,,,,
Eucalyptus mckieana,Accepted,,Blakely,Currency Creek 659,KT631798,KT631197,KT632972,KT632396
Eucalyptus mcquoidii,Accepted,,Brooker & Hopper,Currency Creek 3569,KT631799,KT631198,,KT632397
Eucalyptus medialis,Accepted,,Brooker & Hopper,Waite Arboretum 2471,KT631800,KT631199,KT632973,KT632398
Eucalyptus megacarpa,Accepted,,F.Muell.,CANB 804457**,KT631801,KT631200,KT632974,KT632399
Eucalyptus megacornuta,Accepted,,C.A.Gardner,Currency Creek 3578,KT631802,KT631201,KT632975,KT632400
Eucalyptus melanoleuca,Accepted,,S.T.Blake,Currency Creek 2111,KT631803,KT631202,KT632976,KT632401
Eucalyptus melanophitra,Accepted,,Brooker & Hopper,Currency Creek 211,KT631804,KT631203,,KT632402
Eucalyptus melanophloia,Accepted,,F.Muell.,Currency Creek 690,KT631805,KT631204,,
subsp. melanophloia,,,,,,,,
Eucalyptus melanoxylon*,Accepted,,Maiden,Currency Creek 2552,KT631806,,KT632977,KT632403
Eucalyptus melliodora,Accepted,,A.Cunn. ex Schauer,ANBG 662272,KT631807,KT631205,KT632978,KT632404
Eucalyptus merrickiae,Accepted,,Maiden & Blakely,CANB 794336**,KT631808,KT631206,KT632979,KT632405
Eucalyptus michaeliana,Accepted,,Blakely,Currency Creek 650,,AF390484,KT632980,
Eucalyptus micranthera,Accepted,,F.Muell. ex Benth.,Currency Creek 1090,KT631809,,,KT632406
Eucalyptus microcarpa,Accepted,,(Maiden) Maiden,Currency Creek 2895,KT631810,KT631207,KT632981,
Eucalyptus microcorys,Accepted,,F.Muell.,ANBG 491154,KT631811,AF390516,KT632982,
Eucalyptus microneura*,Accepted,,Maiden & Blakely,ANBG 8603418,KT631812,KT631208,KT632983,KT632407
Eucalyptus microschema,Accepted,,Brooker & Hopper,CANB 635056**,,,KT632984,
Eucalyptus microtheca,Accepted,,F.Muell.,CANB 785484**,KT631813,AF390515,KT632985,
Eucalyptus mimica,Accepted,,Brooker & Hopper,Currency Creek 188,KT631814,KT631209,KT632986,KT632408
subsp. mimica,,,,,,,,
Eucalyptus miniata,Accepted,,A.Cunn. ex Schauer,CANB 785476**,KT631815,KT631210,KT632987,KT632409
Eucalyptus minigwalica,MS,,D.Nicolle,Currency Creek 522,KT631816,KT631211,KT632988,KT632410
Eucalyptus minniritchi,Accepted,,D.Nicolle,Currency Creek 1354,KT631817,KT631212,KT632989,KT632411
Eucalyptus misella,Accepted,,L.A.S.Johnson & K.D.Hill,CANB 794329**,KT631818,KT631213,KT632990,KT632412
Eucalyptus mitchelliana,Accepted,,Cambage,Currency Creek 574,KT631819,FJ494720,KT632991,KT632413
Eucalyptus moderata,Accepted,,L.A.S.Johnson & K.D.Hill,Currency Creek 1661,KT631820,KT631214,KT632992,KT632414
Eucalyptus moluccana,Accepted,,Wall. ex Roxb.,ANBG 50761,KT631821,KT631215,KT632993,KT632415
Eucalyptus mooreana,Accepted,,Maiden,CANB 750218**,,KT631216,,
Eucalyptus moorei,Accepted,,Maiden & Cambage,ANBG 9600762,KT631822,KT631217,KT632994,KT632416
subsp. moorei,,,,,,,,
Eucalyptus morrisbyi,Accepted,,Brett,Currency Creek 1983,KT631823,HM596054,KT632995,KT632417
Eucalyptus morrisii,Accepted,,R.T.Baker,Currency Creek 730,KT631824,KT631218,KT632996,KT632418
Eucalyptus muelleriana,Accepted,,Howitt,Currency Creek 1753,KT631825,KT631219,KT632997,KT632419
Eucalyptus multicaulis,Accepted,,Blakely,ANBG 761635,KT631826,KT631220,KT632998,
Eucalyptus myriadena,Accepted,,Brooker,Currency Creek 321,KT631827,KT631221,KT632999,KT632420
Eucalyptus nanderwarica,Accepted,,L.A.S.Johnson & K.D.Hill,ANBG 9707924,KT631828,KT631222,KT633000,KT632421
Eucalyptus neglecta,Accepted,,Maiden,ANBG 72027,KT631829,KT631223,KT633001,
Eucalyptus nerthicola,Accepted,,D.Nicolle,Currency Creek 3608,KT631830,KT631224,KT633002,KT632422
Eucalyptus neutra,Accepted,,D.Nicolle,Currency Creek 1855,KT631831,,KT633003,KT632423
Eucalyptus newbeyi,Accepted,,D.J.Carr & S.G.M.Carr,Currency Creek 212,KT631832,KT631225,,
Eucalyptus nicholii,Accepted,,Maiden & Blakely,Currency Creek 651,KT631833,KT631226,KT633004,KT632424
Eucalyptus nitens,Accepted,,(H.Deane & Maiden) Maiden,ANBG 651034,KT631834,KT631227,KT633005,
Eucalyptus nitida,Synonym,E ucalyptus ambigua,A.Cunn. ex DC.,Currency Creek 1964,KT631835,KT631228,KT633006,KT632425
Eucalyptus nobilis,Accepted,,L.A.S.Johnson & K.D.Hill,Currency Creek 753,KT631836,KT631229,KT633007,
Eucalyptus normantonensis,Accepted,,Maiden & Cambage,Currency Creek 1202,KT631837,,KT633008,
Eucalyptus nortonii,Accepted,,(Blakely) L.A.S.Johnson,Currency Creek 2951,KT631838,KT631230,KT633009,
Eucalyptus nova-anglica,Accepted,,H.Deane & Maiden,Currency Creek 656,KT631839,KT631231,KT633010,KT632426
Eucalyptus nudicaulis,Accepted,,A.R.Bean,Currency Creek 4184,KT631840,KT631232,KT633011,KT632427
Eucalyptus nutans,Accepted,,F.Muell.,Currency Creek 4800,KT631841,KT631233,KT633012,KT632428
Eucalyptus obconica,Accepted,,Brooker & Kleinig,CANB 644802**,KT631842,KT631234,KT633013,
Eucalyptus obesa,Accepted,,Brooker & Hopper,Currency Creek 3724,KT631843,,,
Eucalyptus obliqua,Accepted,,L'HÃ©r.,Royal Canberra Golf Club AHT21,KT631844,AF058484,KT633014,KT632429
Eucalyptus oblonga,Accepted,,A.Cunn. ex DC.,Currency Creek 622,,,,KT632430
Eucalyptus obtusiflora,Accepted,,A.Cunn. ex DC.,CANB 794053**,KT631845,KT631235,KT633015,KT632431
Eucalyptus occidentalis,Accepted,,Endl.,Currency Creek 3556,KT631846,KT631236,KT633016,
Eucalyptus ochrophloia,Accepted,,F.Muell.,CANB 785600**,KT631847,KT631237,,KT632432
Eucalyptus odontocarpa,Accepted,,F.Muell.,CANB 785573**,FJ654418,FJ654394,KT633017,FJ654354
Eucalyptus oldfieldii,Accepted,,F.Muell.,CANB 794068**,KT631848,KT631238,KT633018,KT632433
Eucalyptus oleosa,Accepted,,F.Muell. ex Miq.,Currency Creek 2163,KT631849,KT631239,KT633019,KT632434
subsp. oleosa,,,,,,,,
Eucalyptus olida,Accepted,,L.A.S.Johnson & K.D.Hill,Currency Creek 661,KT631850,KT631240,KT633020,KT632435
Eucalyptus oligantha,Accepted,,Schauer,CANB 785536**,KT631851,KT631241,KT633021,
Eucalyptus olivina,Accepted,,Brooker & Hopper,Currency Creek 3670,KT631852,KT631242,KT633022,KT632436
Eucalyptus olsenii,Accepted,,L.A.S.Johnson & Blaxell,ANBG 762144,KT631853,KT631243,KT633023,KT632437
Eucalyptus ophitica,Accepted,,L.A.S.Johnson & K.D.Hill,Currency Creek 2099,KT631854,,,
Eucalyptus optima,Accepted,,L.A.S.Johnson & K.D.Hill,Currency Creek 2154,KT631855,KT631244,KT633024,KT632438
Eucalyptus oraria,Accepted,,L.A.S.Johnson,Currency Creek 3527,KT631856,KT631245,KT633025,KT632439
Eucalyptus orbifolia,Accepted,,F.Muell.,Currency Creek 2774,KT631857,KT631246,KT633026,KT632440
Eucalyptus oreades,Accepted,,F.Muell. ex R.T.Baker,Currency Creek 628,KT631858,KT631247,KT633027,KT632441
Eucalyptus orgadophila,Accepted,,Maiden & Blakely,Waite Arboretum 90,KT631859,KT631248,KT633028,KT632442
Eucalyptus ornata,Accepted,,Crisp,Currency Creek 243,KT631860,,KT633029,KT632443
Eucalyptus orthostemon,Accepted,,D.Nicolle & Brooker,Currency Creek 3426,KT631861,KT631249,KT633030,KT632444
Eucalyptus ovata var. ovata,Accepted,,Labill.,ANBG 475702,KT631862,KT631250,KT633031,KT632445
Eucalyptus ovularis,Accepted,,Maiden & Blakely,Currency Creek 1107,KT631863,KT631251,KT633032,KT632446
Eucalyptus oxymitra,Accepted,,Blakely,Currency Creek 1704,KT631864,,KT633033,KT632447
Eucalyptus pachycalyx,Accepted,,Maiden & Blakely,Currency Creek 1307,KT631865,KT631252,KT633034,KT632448
subsp. pachycalyx,,,,,,,,
Eucalyptus pachyloma,Accepted,,Benth.,Currency Creek 3735,KT631866,KT631253,KT633035,KT632449
Eucalyptus pachyphylla,Accepted,,F.Muell.,ANBG 8503938,KT631867,AF390473,KT633036,KT632450
Eucalyptus paedoglauca,Accepted,,L.A.S.Johnson & Blaxell,Currency Creek 1298,KT631868,KT631254,KT633037,KT632451
Eucalyptus paliformis,Accepted,,L.A.S.Johnson & Blaxell,CANB 460597**,KT631869,EF051497,KT633038,KT632452
Eucalyptus paludicola,Accepted,,Nicolle,ANBG 496820,KT631870,EF488227,KT633039,
Eucalyptus panda,Accepted,,S.T.Blake,Currency Creek 683,KT631871,KT631255,KT633040,KT632453
Eucalyptus paniculata,Accepted,,Sm.,Currency Creek 2903,KT631872,KT631256,KT633041,KT632454
Eucalyptus parramattensis,Accepted,,C.C.Hall,Currency Creek 1763,KT631873,KT631257,KT633042,KT632455
subsp. parramattensis,,,,,,,,
Eucalyptus parvula,Accepted,,L.A.S.Johnson & K.D.Hill,Currency Creek 591,KT631874,KT631258,KT633043,KT632456
Eucalyptus patellaris,Accepted,,F.Muell.,CANB 558538**,KT631875,KT631259,,KT632457
Eucalyptus patens,Accepted,,Benth.,ANBG 55807,KT631876,FJ494724,KT633044,KT632458
Eucalyptus pauciflora,Accepted,,Sieber ex Spreng.,ANBG 9303293,KT631877,KT631260,KT633045,KT632459
subsp. pauciflora,,,,,,,,
Eucalyptus pellita,Accepted,,F.Muell.,ANBG 8413520,KT631878,KT631261,KT633046,KT632460
Eucalyptus pendens,Accepted,,Brooker,CANB 794222**,KT631879,,KT633047,KT632461
Eucalyptus perangusta,Accepted,,Brooker,Currency Creek 3712,KT631880,KT631262,KT633048,KT632462
Eucalyptus percostata,Accepted,,Brooker & P.J.Lang,Currency Creek 1603,KT631881,KT631263,KT633049,KT632463
Eucalyptus perriniana,Accepted,,F.Muell. ex Rodway,Currency Creek 584,KT631882,KT631264,AM489985,KT632464
Eucalyptus persistens,Synonym,Eucalyptus tardecidens,(L.A.S.Johnson & K.D.Hill),Waite Arboretum 1954B,KT631883,KT631265,KT633050,KT632465
subsp. tardecidens,,,A.R.Bean,,,,,
Eucalyptus petiolaris,Synonym,Eucalyptus leucoxylon,Boland,ANBG 8317297,KT631884,KT631266,KT633051,KT632466
Eucalyptus petraea,Accepted,,D.J.Carr & S.G.M.Carr,Currency Creek 3766,KT631885,KT631267,KT633052,KT632467
Eucalyptus petrensis,Accepted,,Brooker & Hopper,ANBG 456210,KT631886,KT631268,KT633053,KT632468
Eucalyptus phaenophylla,Accepted,,Brooker & Hopper,CANB 794282**,KT631887,KT631269,KT633054,
subsp. phaenophylla,,,,,,,,
Eucalyptus phenax,Accepted,,Brooker & Slee,Currency Creek 929,KT631888,KT631270,KT633055,KT632469
subsp. phenax,,,,,,,,
Eucalyptus phoenicea,Accepted,,F.Muell.,CANB 785492**,KT631889,FJ654391,KT633056,KT632470
Eucalyptus pilbarensis*,Accepted,,Brooker & Edgecombe,CANB 804362**,KT631890,KT631271,KT633057,KT632471
Eucalyptus pileata,Accepted,,Blakely,Currency Creek 3644,KT631891,KT631272,KT633058,KT632472
Eucalyptus pilligaensis,Synonym,Eucalyptus woollsiana,F.Muell. ex R.T.Baker,Currency Creek 681,KT631892,,KT633059,
Eucalyptus pilularis,Accepted,,Sm.,Currency Creek 644,KT631893,KT631273,KT633060,KT632473
Eucalyptus pimpiniana,Accepted,,Maiden,Currency Creek 2738,KT631894,KT631274,KT633061,KT632474
Eucalyptus piperita,Accepted,,Sm.,ANBG 8411654,KT631895,AF058485,,KT632475
subsp. piperita,,,,,,,,
Eucalyptus placita,Accepted,,L.A.S.Johnson & K.D.Hill,Waite Arboretum 1526,KT631896,KT631275,KT633062,KT632476
Eucalyptus planchoniana,Accepted,,F.Muell.,GenBank,FJ494761,FJ494725,,
Eucalyptus platycorys,Accepted,,Maiden & Blakely,Currency Creek 3627,KT631897,KT631276,KT633063,KT632477
subsp. platycorys,,,,,,,,
Eucalyptus platydisca,Accepted,,D.Nicolle & Brooker,CANB 638520**,KT631898,KT631277,KT633064,KT632478
Eucalyptus platyphylla,Accepted,,F.Muell.,GenBank,,AF390486,,
Eucalyptus plauta,Synonym,Eucalyptus dissimulata,L.A.S.Johnson & K.D.Hill,Currency Creek 3613,KT631899,KT631278,KT633065,KT632479
Eucalyptus pleurocarpa,Synonym,Eucalyptus tetragona,(R.Br.) F.Muell.,Currency Creek 3557,KT631900,FJ654393,,FJ654349
Eucalyptus pluricaulis,Accepted,,Brooker & Hopper,Currency Creek 1662,KT631901,,KT633066,
subsp. pluricaulis,,,,,,,,
Eucalyptus polita,Accepted,,Brooker & Hopper,Currency Creek 3449,KT631902,KT631279,KT633067,KT632480
Eucalyptus polyanthemos,Accepted,,Schauer,Currency Creek 2899,KT631903,KT631280,KT633068,KT632481
subsp. polyanthemos,,,,,,,,
Eucalyptus polybractea,Accepted,,F.Muell. ex R.T.Baker,Currency Creek 736,KT631904,KT631281,KT633069,KT632482
Eucalyptus populnea,Accepted,,F.Muell.,CANB 785598**,KT631905,KT631282,KT633070,KT632483
Eucalyptus porosa,Accepted,,Miq.,CANB 786047**,KT631906,KT631283,KT633071,KT632484
Eucalyptus praetermissa,Accepted,,Brooker & Hopper,CANB 610680**,KT631907,KT631284,KT633072,KT632485
Eucalyptus prava,Accepted,,L.A.S.Johnson & K.D.Hill,Currency Creek 671,KT631908,KT631285,KT633073,KT632486
Eucalyptus preissiana,Accepted,,Schauer,Currency Creek 3762,KT631909,KT631286,,KT632487
subsp. preissiana,,,,,,,,
Eucalyptus prolixa,Accepted,,D.Nicolle,CANB 536396**,KT631910,,,
Eucalyptus prominens,Accepted,,Brooker,Currency Creek 1181,KT631911,KT631287,KT633074,KT632488
Eucalyptus propinqua,Accepted,,H.Deane & Maiden,Currency Creek 1239,KT631912,KT631288,KT633075,KT632489
Eucalyptus protensa,Accepted,,L.A.S.Johnson & K.D.Hill,Currency Creek 3641,KT631913,KT631289,KT633076,KT632490
Eucalyptus proxima,Accepted,,D.Nicolle & Brooker,Currency Creek 3571,KT631914,KT631290,KT633077,KT632491
Eucalyptus pruiniramis,Accepted,,L.A.S.Johnson & K.D.Hill,GenBank,KT631915,KT631291,KT633078,KT632492
Eucalyptus pruinosa,Accepted,,Schauer,Mt Annan 841760,,KT631292,KT633079,KT632493
subsp. pruinosa,,,,,,,,
Eucalyptus pterocarpa,Accepted,,C.A.Gardner ex P.J.Lang,Currency Creek 3656,KT631916,KT631293,KT633080,KT632494
Eucalyptus pulchella,Accepted,,Desf.,Currency Creek 2984,KT631917,AF058487,KT633081,KT632495
Eucalyptus pulverulenta,Accepted,,Sims,Currency Creek 1226,KT631918,KT631294,KT633082,KT632496
Eucalyptus pumila,Accepted,,Cambage,Currency Creek 636,KT631919,EF488232,,
Eucalyptus purpurata,Accepted,,D.Nicolle,Currency Creek 3579,KT631920,KT631295,KT633083,KT632497
Eucalyptus pyriformis,Accepted,,Turcz.,Currency Creek 1660,KT631921,,KT633084,KT632498
Eucalyptus pyrocarpa,Accepted,,L.A.S.Johnson & Blaxell,ANBG 630205,KT631922,KT631296,KT633085,KT632499
Eucalyptus quadrangulata,Accepted,,H.Deane & Maiden,Currency Creek 618,KT631923,KT631297,KT633086,
Eucalyptus quadrans,Accepted,,Brooker & Hopper,Currency Creek 1099,KT631924,KT631298,KT633087,KT632500
Eucalyptus quadricostata,Accepted,,Brooker,ANBG 8603516,KT631925,KT631299,KT633088,KT632501
Eucalyptus quaerenda,Accepted,,(L.A.S.Johnson & K.D.Hill),CANB 794294**,KT631926,KT631300,KT633089,KT632502
Eucalyptus quinniorum,Accepted,,J.T.Hunter & J.J.Bruhl,ANBG 9707932,KT631927,KT631301,KT633090,KT632503
Eucalyptus racemosa,Accepted,,Cav.,ANBG 732766,KT631928,KT631302,KT633091,KT632504
Eucalyptus radiata,Accepted,,A.Cunn. ex DC.,Currency Creek 602,KT631929,KT631303,KT633092,KT632505
subsp. radiata,,,,,,,,
Eucalyptus ralla,Accepted,,L.A.S.Johnson & K.D.Hill,Currency Creek 614,KT631930,KT631304,KT633093,KT632506
Eucalyptus rameliana,Accepted,,F.Muell.,Currency Creek 543,KT631931,KT631305,KT633094,
Eucalyptus raveretiana,Accepted,,F.Muell.,Currency Creek 1297,KT631932,EF694715,KT633095,KT632507
Eucalyptus ravida,Accepted,,L.A.S.Johnson & K.D.Hill,Currency Creek 2781,KT631933,KT631306,KT633096,KT632508
Eucalyptus recta,Accepted,,L.A.S.Johnson & K.D.Hill,Currency Creek s.n.,KT631934,KT631307,KT633097,KT632509
Eucalyptus recurva,Accepted,,Crisp,ANBG s.n.,KT631935,KT631308,KT633098,
Eucalyptus redunca,Accepted,,Schauer,Currency Creek 221,KT631936,KT631309,KT633099,KT632510
Eucalyptus regnans,Accepted,,F.Muell.,ANBG 8501815,KT631937,AF058488,KT633100,KT632511
Eucalyptus remota,Accepted,,Blakely,ANBG 9807783,KT631938,KT631310,KT633101,KT632512
Eucalyptus resinifera,Accepted,,Sm.,Currency Creek 2908,KT631939,KT631311,KT633102,KT632513
subsp. resinifera,,,,,,,,
Eucalyptus retinens,Accepted,,L.A.S.Johnson & K.D.Hill,Currency Creek 648,KT631940,KT631312,KT633103,KT632514
Eucalyptus retusa,Accepted,,"D.Nicolle, M.E.French &",Currency Creek 4801,KT631941,KT631313,,
Eucalyptus rhodantha,Accepted,,Blakely & H.Steedman,Currency Creek 282,KT631942,KT631314,KT633104,KT632515
Eucalyptus rhombica,Accepted,,A.R.Bean & Brooker,Currency Creek 2104,KT631943,KT631315,,KT632516
Eucalyptus rhomboidea,Accepted,,Hopper & D.Nicolle,Currency Creek 2272,KT631944,KT631316,KT633106,KT632517
Eucalyptus rigens,Accepted,,Brooker & Hopper,Currency Creek 3595,KT631945,KT631317,KT633107,KT632518
Eucalyptus rigidula,Accepted,,Cambage & Blakely,Currency Creek 244,KT631946,KT631318,KT633108,KT632519
Eucalyptus risdonii,Accepted,,Hook.f.,Currency Creek 1982,KT631947,AF058493,KT633109,KT632520
Eucalyptus rodwayi,Accepted,,R.T.Baker & H.G.Sm.,ANBG 62705,KT631948,KT631319,KT633110,KT632521
Eucalyptus rosacea,Accepted,,L.A.S.Johnson & K.D.Hill,Currency Creek 518,KT631949,KT631320,KT633111,KT632522
Eucalyptus roycei,Accepted,,"S.G.M.Carr, D.J.Carr &",Currency Creek 1175,KT631950,KT631321,KT633112,KT632523
Eucalyptus rubida,Accepted,,H.Deane & Maiden,ANBG 732895,KT631951,HM596064,KT633113,KT632524
subsp. rubida,,,,,,,,
Eucalyptus rubiginosa,Accepted,,Brooker,Currency Creek 2114,KT631952,AF390526,,KT632525
Eucalyptus rudderi,Accepted,,Maiden,Currency Creek 2082,KT631953,KT631322,KT633114,KT632526
Eucalyptus rudis,Accepted,,Endl.,Currency Creek 1146,KT631954,KT631323,KT633115,KT632527
Eucalyptus rugosa,Accepted,,R.Br. ex Blakely,Currency Creek 3179,KT631955,KT631324,KT633116,KT632528
Eucalyptus rugulata,Accepted,,D.Nicolle,Currency Creek 3671,KT631956,,,KT632529
Eucalyptus rummeryi,Accepted,,Maiden,Currency Creek 1245,KT631957,,,KT632530
Eucalyptus salicola,Accepted,,Brooker,Currency Creek 3493,KT631958,KT631325,KT633118,KT632531
Eucalyptus saligna,Accepted,,Sm.,Currency Creek 2924,KT631959,KT631326,KT633119,KT632532
Eucalyptus salmonophloia,Accepted,,F.Muell.,CANB 564460**,KT631960,AF390509,KT633120,KT632533
Eucalyptus salubris,Accepted,,F.Muell.,Currency Creek 3496,KT631961,KT631327,KT633121,KT632534
Eucalyptus sargentii,Accepted,,Maiden,Currency Creek 2229,KT631962,KT631328,KT633122,KT632535
subsp. sargentii,,,,,,,,
Eucalyptus saxatilis,Accepted,,J.B.Kirkp. & Brooker,ANBG 7906246,KT631963,KT631329,KT633123,
Eucalyptus scias,Accepted,,L.A.S.Johnson & K.D.Hill,Currency Creek 2911,KT631964,KT631330,,KT632536
subsp. scias,,,,,,,,
Eucalyptus scoparia,Accepted,,Maiden,ANBG 501278,KT631965,KT631331,KT633124,KT632537
Eucalyptus scopulorum,Accepted,,K.D.Hill,Currency Creek 2927,KT631966,KT631332,KT633125,KT632538
Eucalyptus scyphocalyx,Accepted,,(Benth.) Maiden & Blakely,Waite Arboretum 1940A,KT631967,KT631333,KT633126,KT632539
Eucalyptus seeana,Accepted,,Maiden,Currency Creek 2089,KT631968,KT631334,KT633127,KT632540
Eucalyptus semota,Accepted,,Macph. & Grayling,Currency Creek 2193,KT631969,,KT633128,
Eucalyptus sepulcralis,Accepted,,F.Muell.,CANB 378343**,KT631970,EF051499,KT633129,KT632541
Eucalyptus serraensis,Accepted,,Ladiges & Whiffin,CANB 786029**,KT631971,KT631335,KT633130,KT632542
Eucalyptus sessilis,Accepted,,(Maiden) Blakely,Currency Creek 1352,KT631972,KT631336,KT633131,KT632543
Eucalyptus sicilifolia,Accepted,,L.A.S.Johnson & K.D.Hill,ANBG 8603421,KT631973,KT631337,KT633132,KT632544
Eucalyptus siderophloia,Accepted,,Benth.,ANBG 7906137,KT631974,KT631338,KT633133,
Eucalyptus sideroxylon,Accepted,,A.Cunn. ex Woolls,Currency Creek 674,KT631975,KT631339,KT633134,KT632545
Eucalyptus sieberi,Accepted,,L.A.S.Johnson,ANBG 8411661,KT631976,AF058495,KT633135,KT632546
Eucalyptus similis,Accepted,,Maiden,GenBank,,FJ654409,,FJ654359
Eucalyptus singularis,Accepted,,L.A.S.Johnson & D.F.Blaxell,Waite Arboretum 2368,KT631977,KT631340,KT633136,KT632547
Eucalyptus smithii,Accepted,,F.Muell. ex R.T.Baker,Currency Creek 598,KT631978,KT631341,KT633137,KT632548
Eucalyptus socialis,Accepted,,F.Muell. ex Miq.,Currency Creek 1804,KT631979,KT631342,KT633138,KT632549
subsp. socialis,,,,,,,,
Eucalyptus sparsa,Accepted,,Boomsma,Waite Arboretum 1558,KT631980,KT631343,KT633139,KT632550
Eucalyptus sparsifolia,Synonym,Eucalyptus oblonga,A.Cunn. ex DC.,Currency Creek 629,KT631981,,,KT632551
Eucalyptus spathulata,Accepted,,Hook.,Currency Creek 234,KT631982,AF058477,,
subsp. spathulata,,,,,,,,
Eucalyptus sphaerocarpa,Accepted,,L.A.S.Johnson & Blaxell,GenBank,FJ494769,FJ494730,,
Eucalyptus splendens,Accepted,,Rule,Currency Creek 1722,KT631983,KT631344,KT633140,KT632552
subsp. splendens,,,,,,,,
Eucalyptus spreta,Accepted,,L.A.S.Johnson & K.D.Hill,Currency Creek 3634,KT631984,KT631345,KT633141,KT632553
Eucalyptus squamosa,Accepted,,H.Deane & Maiden,Currency Creek 2072,KT631985,KT631346,KT633142,KT632554
Eucalyptus staeri,Accepted,,(Maiden) Maiden ex Kessell &,Currency Creek 1133,KT631986,AF390531,,
Eucalyptus steedmanii,Accepted,,C.A.Gardner,Currency Creek 317,KT631987,KT631347,KT633143,KT632555
Eucalyptus stellulata,Accepted,,Sieber ex DC.,ANBG 9102880,KT631988,KT631348,KT633144,KT632556
Eucalyptus stenostoma,Accepted,,L.A.S.Johnson & Blaxell,Currency Creek 2900,KT631989,FJ494731,,
Eucalyptus stoatei,Accepted,,C.A.Gardner,Currency Creek 181,KT631990,KT631349,KT633145,KT632557
Eucalyptus stowardii,Accepted,,Maiden,CANB 790458**,KT631991,KT631350,KT633146,
Eucalyptus stricklandii,Accepted,,Maiden,Currency Creek 3646,KT631992,KT631351,KT633147,KT632558
Eucalyptus stricta,Accepted,,Sieber ex Spreng.,Currency Creek 1751,KT631993,EF051501,,
Eucalyptus strzeleckii,Accepted,,Rule,Currency Creek 1731,KT631994,KT631352,KT633148,KT632559
subsp. strzeleckii,,,,,,,,
Eucalyptus sturgissiana,Accepted,,L.A.S.Johnson & Blaxell,Currency Creek 1757,KT631995,KT631353,KT633149,
Eucalyptus subangusta,Accepted,,(Blakely) Brooker & Hopper,Currency Creek 3451,KT631996,KT631354,KT633150,KT632560
subsp. subangusta*,,,,,,,,
Eucalyptus subcrenulata,Accepted,,Maiden & Blakely,ANBG 9702884,KT631997,,,
Eucalyptus suberea,Accepted,,Brooker & Hopper,CANB 794196**,KT631998,FJ494732,KT633151,KT632561
Eucalyptus subtilis,Accepted,,Brooker & Hopper,Currency Creek 3715,KT631999,KT631355,KT633152,KT632562
Eucalyptus suggrandis,Accepted,,L.A.S.Johnson & K.D.Hill,Currency Creek 3583,KT632000,KT631356,KT633153,KT632563
subsp. suggrandis,,,,,,,,
Eucalyptus surgens,Accepted,,Brooker & Hopper,Currency Creek 558,KT632001,KT631357,KT633154,KT632564
Eucalyptus synandra,Accepted,,Crisp,CANB 794049**,KT632002,KT631358,KT633155,KT632565
Eucalyptus talyuberlup,Accepted,,D.J.Carr & S.G.M.Carr,Currency Creek 4804,KT632003,KT631359,KT633156,KT632566
Eucalyptus tectifica,Accepted,,F.Muell.,CANB 785474**,KT632004,KT631360,KT633157,
Eucalyptus tenella,Accepted,,L.A.S.Johnson & K.D.Hill,Currency Creek 763,KT632005,KT631361,KT633158,KT632567
Eucalyptus tenera,Accepted,,L.A.S.Johnson & K.D.Hill,Currency Creek 3590,KT632006,KT631362,KT633159,KT632568
Eucalyptus tenuipes,Accepted,,(Maiden & Blakely) Blakely &,GenBank,FJ799979,AF390523,HQ287637,FJ654340
Eucalyptus tenuiramis,Accepted,,Miq.,CANB 692639**,KT632007,AF058500,KT633160,KT632569
Eucalyptus tenuis,Accepted,,Brooker & Hopper,Currency Creek 326,KT632008,KT631363,KT633161,KT632570
Eucalyptus tephrodes,Accepted,,L.A.S.Johnson & K.D.Hill,Currency Creek 1194,KT632009,KT631364,KT633162,KT632571
Eucalyptus terebra,Accepted,,L.A.S.Johnson & K.D.Hill,Currency Creek 3607,KT632010,KT631365,KT633163,KT632572
Eucalyptus tereticornis,Accepted,,Sm.,Currency Creek 713,KT632011,KT631366,KT633164,KT632573
subsp. tereticornis,,,,,,,,
Eucalyptus tetrapleura,Accepted,,L.A.S.Johnson,Currency Creek 1242,KT632012,KT631367,KT633165,KT632574
Eucalyptus tetraptera*,Accepted,,Turcz.,Waite Arboretum 1860A,KT632013,KT631368,KT633166,KT632575
Eucalyptus tetrodonta,Accepted,,F.Muell.,CANB 785477**,FJ654428,AF390465,KT633167,KT632576
Eucalyptus thamnoides,Accepted,,Brooker & Hopper,Currency Creek 3545,KT632014,KT631369,KT633168,KT632577
Eucalyptus tholiformis,Accepted,,A.R.Bean & Brooker,Waite Arboretum 2708,KT632015,KT631370,KT633169,
Eucalyptus thozetiana,Accepted,,F.Muell. ex R.T.Baker,CANB 785597**,KT632016,KT631371,KT633170,
Eucalyptus tindaliae,Accepted,,Blakely,GenBank,,AF390534,,
Eucalyptus tintinnans,Accepted,,(Blakely & Jacobs) L.A.S.Johnson,CANB 557752**,KT632017,KT631372,KT633171,KT632578
Eucalyptus todtiana,Accepted,,F.Muell.,CANB 530801**,FJ494771,FJ494735,,KT632579
Eucalyptus torquata,Accepted,,Luehm.,CANB 794031**,KT632018,KT631373,KT633172,KT632580
Eucalyptus tortilis,Accepted,,L.A.S.Johnson & K.D.Hill,Currency Creek 130,KT632019,KT631374,KT633173,KT632581
Eucalyptus transcontinentalis*,Accepted,,Maiden,Currency Creek 550,KT632020,KT631375,KT633174,KT632582
Eucalyptus tricarpa,Accepted,,(L.A.S.Johnson) L.A.S.Johnson &,ANBG 8701791,KT632021,KT631376,KT633175,KT632583
Eucalyptus triflora,Accepted,,(Maiden) Blakely,ANBG 763500,KT632022,KT631377,KT633176,KT632584
Eucalyptus trivalvis,Accepted,,Blakely,Waite Arboretum 1842,KT632023,KT631378,KT633177,KT632585
Eucalyptus tumida,Accepted,,Brooker & Hopper,CANB 794343**,KT632024,KT631379,KT633178,KT632586
Eucalyptus ultima,Accepted,,L.A.S.Johnson & K.D.Hill,Currency Creek 1182,KT632025,KT631380,KT633179,
Eucalyptus umbra,Accepted,,F.Muell. ex R.T.Baker,ANBG 60074,KT632026,AF058505,KT633180,KT632587
Eucalyptus uncinata,Accepted,,Turcz.,Currency Creek s.n.,KT632027,KT631381,KT633181,KT632588
subsp. uncinata,,,,,,,,
Eucalyptus urna,Accepted,,D.Nicolle,Currency Creek 1817,KT632028,KT631382,KT633182,KT632589
Eucalyptus urophylla,Accepted,,S.T.Blake,CANB 180346**,,AF390489,KT633183,KT632590
Eucalyptus utilis,Accepted,,Brooker & Hopper,Currency Creek 3705,KT632029,KT631383,KT633184,KT632591
Eucalyptus valens,Accepted,,L.A.S.Johnson & K.D.Hill,Currency Creek 158,KT632030,KT631384,KT633185,KT632592
Eucalyptus vegrandis,Accepted,,L.A.S.Johnson & K.D.Hill,Currency Creek 3563,KT632031,KT631385,KT633186,KT632593
subsp. vegrandis,,,,,,,,
Eucalyptus vernicosa,Accepted,,Hook.f.,ANBG s.n.,KT632032,KT631386,KT633187,KT632594
Eucalyptus verrucata,Accepted,,Ladiges & Whiffin,Currency Creek 3787,KT632033,KT631387,KT633188,KT632595
Eucalyptus vesiculosa,Accepted,,Brooker & Hopper,Currency Creek s.n.,KT632034,KT631388,KT633189,KT632596
Eucalyptus vicina,Accepted,,L.A.S.Johnson & K.D.Hill,GenBank,,HM116971,,
Eucalyptus victoriana,Accepted,,Ladiges & Whiffin,Currency Creek 3786,KT632035,KT631389,KT633190,
Eucalyptus victrix,Accepted,,L.A.S.Johnson & K.D.Hill,Currency Creek s.n.,KT632036,,KT633191,KT632597
Eucalyptus viminalis,Accepted,,Labill.,Currency Creek 1969,KT632037,HM596069,KT633192,KT632598
subsp. viminalis,,,,,,,,
Eucalyptus virens,Accepted,,Brooker & A.R.Bean,Currency Creek 2116,KT632038,KT631390,KT633193,KT632599
Eucalyptus viridis,Accepted,,F.Muell. ex R.T.Baker,Currency Creek 457,KT632039,KT631391,KT633194,KT632600
Eucalyptus vittata,Accepted,,D.Nicolle,Currency Creek 3667,KT632040,KT631392,KT633195,KT632601
Eucalyptus vokesensis,Accepted,,D.Nicolle & L.A.S.Johnson &,Currency Creek 2619,KT632041,KT631393,KT633196,KT632602
Eucalyptus wandoo,Accepted,,Blakely,Currency Creek 3447,KT632042,KT631394,KT633197,KT632603
subsp. wandoo,,,,,,,,
Eucalyptus websteriana,Accepted,,Maiden,Waite Arboretum 1833B,KT632043,,KT633198,KT632604
subsp. websteriana*,,,,,,,,
Eucalyptus wetarensis,Accepted,,L.D.Pryor,GenBank,,AY039752,,
Eucalyptus whitei*,Accepted,,Maiden & Blakely,Currency Creek 2550,KT632044,,KT633199,KT632605
Eucalyptus wilcoxii,Accepted,,Boland & Kleinig,Currency Creek 1773,KT632045,KT631395,KT633200,
Eucalyptus williamsiana,Accepted,,L.A.S.Johnson & K.D.Hill,Currency Creek 660,KT632046,KT631396,KT633201,KT632606
Eucalyptus willisii,Accepted,,"Ladiges, Humphries & Brooker",CANB 468525**,KT632047,AF058499,KT633202,KT632607
subsp. willisii,,,,,,,,
Eucalyptus woodwardii,Accepted,,Maiden,CANB 794035**,KT632048,KT631397,,KT632608
Eucalyptus wubinensis*,Accepted,,L.A.S.Johnson & K.D.Hill,Currency Creek 3498,KT632049,,,
Eucalyptus wyolensis,Accepted,,Boomsma,Currency Creek 2633,KT632050,KT631398,KT633204,KT632609
Eucalyptus xanthonema,Accepted,,Turcz.,CANB 794264**,KT632051,KT631399,KT633205,KT632610
subsp. xanthonema,,,,,,,,
Eucalyptus xerothermica,Accepted,,L.A.S.Johnson & K.D.Hill,Currency Creek 541,,KT631400,,KT632611
Eucalyptus yalatensis,Accepted,,Boomsma,Currency Creek 2142,KT632052,KT631401,KT633206,KT632612
Eucalyptus yangoura,Synonym,Eucalyptus globoidea,Blakely,Waite Arboretum 2389,KT632053,KT631402,KT633207,KT632613
Eucalyptus yarraensis,Accepted,,Maiden & Cambage,ANBG 8005851,KT632054,KT631403,KT633208,
Eucalyptus yilgarnensis,Accepted,,(Maiden) Brooker,Waite Arboretum 2349,KT632055,KT631404,KT633209,KT632614
Eucalyptus youmanii,Accepted,,Blakely & McKie,ANBG 73091,KT632056,KT631405,KT633210,KT632615
Eucalyptus youngiana,Accepted,,F.Muell.,Currency Creek 523,KT632057,KT631406,KT633211,KT632616
Eucalyptus yumbarrana,Accepted,,Boomsma,Currency Creek 1808,KT632058,KT631407,KT633212,
Eucalyptus zopherophloia,Accepted,,Brooker & Hopper,Waite Arboretum 2725,KT632059,KT631408,KT633213,KT632617
Heteropyxis natalensis,Accepted,,Harv.,GenBank,,AF283676,AF368208,
Hypocalymma linifolium,Synonym,Hypocalymma tetrapterum,Turcz.,GenBank,,,AF489379,
Kjellbergiodendron celebicum,Accepted,,(Koord.) Merr.,GenBank,,"HM160110, HM160109",AF368209,
Kunzea ericoides,Accepted,,(A.Rich.) Joy Thomps.,GenBank,EU815435,DQ499113,AF184724,
Lophostemon confertus,Accepted,,(R.Br.) Peter G.Wilson &,GenBank,AM489925,AF390444,AM489994,AF190368
Lophostemon suaveolens,Accepted,,(Sol. ex Gaertn.) Peter G.Wilson,CANB 750277**,KT632060,KT631409,KT633214,KT632618
Myrtus communis,Accepted,,L.,GenBank,AM489955,AM234149,AY525136,
Stockwellia quadrifida,Accepted,,"D.J.Carr, S.G.M.Carr & B.Hyland",GenBank,DQ352539,AF058452,AY525138,
Syncarpia glomulifera,Accepted,,(Sm.) Nied.,Boodooree Botanic Garden s.n.,KT632061,HM160117,AF368220,KT632619
Syncarpia hillii,Accepted,,F.M.Bailey,ANBG 612122,KT632062,KT631410,KT633215,KT632620
Syzygium angophoroides,Accepted,,(F.Muell.) B.Hyland,GenBank,AY187106,AY187172,DQ088557,
Tepualia stipularis,Accepted,,(Hook. & Arn.) Griseb.,GenBank,AM489969,AM234071,AF368222,AM489884
